작성일,키워드,카페명,제목,링크,수집시점
2025-12-16,일렉링크,"전기차동호회-아이오닉5 6 9,EV3 EV4 EV5 EV6 EV9,테슬라모델Y 3",전국 도속도로 전기충전소앱은 통일인가요?,https://cafe.naver.com/allfm01/1921003,2025-12-16 00:20
2025-12-16,일렉링크,★ 아이오닉 공식 동호회 [아이오닉 멤버스] 아이오닉 5 6 7 9 N,Sk일렉링크 포인트 받으신거 어디서 충전들 하시는지요?,https://cafe.naver.com/cafeclip/1289045,2025-12-16 04:02
2025-12-16,일렉링크,★BYD 비야디 전기차 공식동호회[BYD 오너스]아토3 씰 씨라이언7,씨라이언7 예약 충전 하는 방법,https://cafe.naver.com/rlfnrl2034/2035514,2025-12-16 00:20
2025-12-16,일렉링크,"전기차동호회-아이오닉5 6 9,EV3 EV4 EV5 EV6 EV9,테슬라모델Y 3","SK일렉링크 마일리지 사용방법, 사용처??",https://cafe.naver.com/allfm01/1920566,2025-12-16 00:20
2025-12-17,이브이시스,클럽 비야디 - 중국전기차 씰 아토3 시라이언7 돌핀 BYD 동호회,전기차 충전요금 및 요금표시 실태조사(한국소비자원),https://cafe.naver.com/bing11/37352,2025-12-17 23:42
2025-12-17,채비,포르쉐 타이칸 동호회 ■ 더타이칸 클럽 ■ 투리스모 전기차,채비카드 사용법 알려주세요~~,https://cafe.naver.com/inhelia/28379,2025-12-17 23:41
2025-12-17,채비,★테슬라 [TKC] 모델S 모델3 모델X 모델Y 사이버트럭 FSD 전기차,안녕하십니까.. 채비 고객서비스지원센터 센터장입니다.,https://cafe.naver.com/noljatravel/1443145,2025-12-17 23:41
2025-12-17,일렉링크,클럽 비야디 - 중국전기차 씰 아토3 시라이언7 돌핀 BYD 동호회,전기차 충전요금 및 요금표시 실태조사(한국소비자원),https://cafe.naver.com/bing11/37352,2025-12-17 23:40
2025-12-18,일렉링크,"전기차동호회-아이오닉5 6 9,EV3 EV4 EV5 EV6 EV9,테슬라모델Y 3",SK일렉링크 80만 포인트 카드,https://cafe.naver.com/allfm01/1922914,2025-12-18 23:39
2025-12-18,일렉링크,★테슬라 [TKC] 모델S 모델3 모델X 모델Y 사이버트럭 FSD 전기차,포항~서울 경로중 슈퍼차저 이용문의,https://cafe.naver.com/noljatravel/1443897,2025-12-18 23:39
2025-12-18,채비,★테슬라 [TKC] 모델S 모델3 모델X 모델Y 사이버트럭 FSD 전기차,채비 이벤트,https://cafe.naver.com/noljatravel/1444021,2025-12-18 23:40
2025-12-18,유튜브(영상),[YouTube] 워터 Water,"[영상] “나만의 KTX, 로맨틱한 전기차”, 5년 차 전기차 오너 쇼호스트 이서진의 솔직 고백 🩵​ (조회수 74회)",https://www.youtube.com/watch?v=G3zBRj_mYzw,2025-12-18 23:40
2025-12-18,일렉링크,⚡테슬람 - 테슬라 모델Y.모델3.전기차.일론머스크.미국주식,급속 80% 제한 어디든 다 똑같아??,https://cafe.naver.com/sfk9957/320221,2025-12-18 23:39
2025-12-18,유튜브(영상),[YouTube] 연합뉴스TV,"[영상] 소비자원 ""전기차 충전요금 표시 미흡…개선해야"" / 연합뉴스TV (YonhapnewsTV) (조회수 116회)",https://www.youtube.com/watch?v=_vrqIai0Vn0,2025-12-18 01:40
2025-12-18,유튜브(영상),[YouTube] 라임저널TV,"[영상] 전기차 충전요금, 회원·비회원 차이 최대 2배…소비자 부담 가중 (조회수 1220회)",https://www.youtube.com/watch?v=KKqXG-3Sp9M,2025-12-18 01:40
2025-12-19,유튜브(영상),[YouTube] 채비,[영상] 국내 최고 ‘배터리 전문가’가 만드는 빠르고 안전한 전기차 충전기 (조회수 17회),https://www.youtube.com/watch?v=5fxXGRll-UY,2025-12-19 10:05
2025-12-20,유튜브(영상),[YouTube] 바꿔볼카,"[영상] 전기차 유지비, 유지비 얼마나 올랐나? (조회수 26회)",https://www.youtube.com/watch?v=bH5rkk-_p9o,2025-12-20 08:39
2025-12-20,유튜브(영상),[YouTube] 테슬라와 YOUNG,[영상] 테슬라 모델Y RWD 가정용 220V 25년11월 충전요금 (조회수 11회),https://www.youtube.com/watch?v=OdzvEIcERGA,2025-12-20 08:39
2025-12-20,유튜브(영상),[YouTube] E-pit 이피트,"[영상] E-pit 제휴사 멤버십 카드, 비회원 충전 방법 (조회수 14회)",https://www.youtube.com/watch?v=ram7MQQsdNc,2025-12-20 08:39
2025-12-20,채비,포르쉐 타이칸 동호회 ■ 더타이칸 클럽 ■ 투리스모 전기차,미개봉 채비카드,https://cafe.naver.com/inhelia/28453,2025-12-20 08:39
2025-12-20,유튜브(영상),[YouTube] 바꿔볼카,[영상] 전기차 팔아야 하나 충전비의 충격 실체 (조회수 1748회),https://www.youtube.com/watch?v=iZSePNp23Ho,2025-12-20 08:39
2025-12-20,워터,★테슬라 [TKC] 모델S 모델3 모델X 모델Y 사이버트럭 FSD 전기차,휴게소에 워터충전기,https://cafe.naver.com/noljatravel/1445204,2025-12-20 08:38
2025-12-20,일렉링크,"전기차동호회-아이오닉5 6 9,EV3 EV4 EV5 EV6 EV9,테슬라모델Y 3",급속충전 비회원 295원,https://cafe.naver.com/allfm01/1923326,2025-12-20 08:37
2025-12-21,워터,★BYD 비야디 전기차 공식동호회[BYD 오너스]아토3 씰 씨라이언7,씨라 워터350w에 충전해도 괜찮죠?,https://cafe.naver.com/rlfnrl2034/2037116,2025-12-21 08:35
2025-12-21,일렉링크,"전기차동호회-아이오닉5 6 9,EV3 EV4 EV5 EV6 EV9,테슬라모델Y 3",충전 급속 질문…,https://cafe.naver.com/allfm01/1923864,2025-12-21 08:34
2025-12-22,유튜브(영상),[YouTube] KBS뉴스 경남,[영상] 고장에다 단전 위기…전기차 충전 ‘불안’ / KBS  2025.12.21. (조회수 23회),https://www.youtube.com/watch?v=BWKGGXa3lcc,2025-12-22 08:38
2025-12-22,유튜브(영상),[YouTube] 텐스(Tens)119,[영상] 전기차충전 90%이유? 한달에 한번 완속충전 100% (조회수 104회),https://www.youtube.com/watch?v=hd1yZJWar0k,2025-12-22 08:38
2025-12-22,유튜브(영상),[YouTube] 홈에너지,[영상] 전기차 충전 때문에전기요금 걱정되시나요?지상형 태양광 3kW 추가 설치로 해결 (조회수 1571회),https://www.youtube.com/watch?v=loydRsF9SVA,2025-12-22 08:38
2025-12-22,유튜브(영상),[YouTube] YTN 사이언스,[영상] 전기차 충전 인프라 '혁신기술' #shorts (조회수 7687회),https://www.youtube.com/watch?v=HvWkOPWr3YE,2025-12-22 08:38
2025-12-22,일렉링크,"전기차동호회-아이오닉5 6 9,EV3 EV4 EV5 EV6 EV9,테슬라모델Y 3",일렉링크 충전 포인트(9만),https://cafe.naver.com/allfm01/1924546,2025-12-22 08:37
2025-12-22,일렉링크,"전기차동호회-아이오닉5 6 9,EV3 EV4 EV5 EV6 EV9,테슬라모델Y 3",전기차 충전 카드 찾는법,https://cafe.naver.com/allfm01/1924453,2025-12-22 08:37
2025-12-22,유튜브(영상),[YouTube] YTN 사이언스,[영상] 전기차 폭증 속 해결책 #shorts (조회수 11533회),https://www.youtube.com/watch?v=yZ_LB2bhfCU,2025-12-22 08:38
2025-12-23,유튜브(영상),[YouTube] 이끌림 - Ev에 끌리는 남자,[영상] 필수시청! 전기차 충전요금 할인받는 방법 (조회수 56회),https://www.youtube.com/watch?v=2JBFYJT14IM,2025-12-23 08:40
2025-12-23,유튜브(영상),[YouTube] 워터 Water,[영상] 내연차요? 이제 못 돌아갑니다｜쇼지니 전기차 라이브 🚗 #이서진 #쇼지니 #전기차 #테슬라 #모델Y #주니퍼 #전기차후기 #전기차추천 #여성운전 #전기차충전 #*워터* #*워터*충전소 (조회수 1897회),https://www.youtube.com/watch?v=J8zgMwNZ_Vg,2025-12-23 08:40
2025-12-23,유튜브(영상),[YouTube] KBS News,[영상] 툭하면 고장에 단전 위기까지…전기차 충전 '불안불안' / KBS  2025.12.22. (조회수 2711회),https://www.youtube.com/watch?v=IPHBzQqlxvQ,2025-12-23 08:40
2025-12-23,채비,★테슬라 [TKC] 모델S 모델3 모델X 모델Y 사이버트럭 FSD 전기차,채비 10만원 -->8.5만원,https://cafe.naver.com/noljatravel/1447081,2025-12-23 08:40
2025-12-23,일렉링크,★테슬라 [TKC] 모델S 모델3 모델X 모델Y 사이버트럭 FSD 전기차,SK 일렉링크 포인트 4.5만,https://cafe.naver.com/noljatravel/1447523,2025-12-23 08:39
2025-12-23,일렉링크,"전기차동호회-아이오닉5 6 9,EV3 EV4 EV5 EV6 EV9,테슬라모델Y 3",카드 선결제 포인트충전 되는 어플 중에 현재 추가충전 되는 곳들,https://cafe.naver.com/allfm01/1925254,2025-12-23 08:39
2025-12-23,일렉링크,★테슬라 [TKC] 모델S 모델3 모델X 모델Y 사이버트럭 FSD 전기차,이 기계에서도 환경부 로밍되나요?,https://cafe.naver.com/noljatravel/1447329,2025-12-23 08:39
2025-12-23,일렉링크,"전기차동호회-아이오닉5 6 9,EV3 EV4 EV5 EV6 EV9,테슬라모델Y 3",영하 8도 완속 충전,https://cafe.naver.com/allfm01/1924926,2025-12-23 08:39
2025-12-23,일렉링크,★테슬라 [TKC] 모델S 모델3 모델X 모델Y 사이버트럭 FSD 전기차,배터리 충전 이상 서비스 센터 후기,https://cafe.naver.com/noljatravel/1447326,2025-12-23 08:39
2025-12-24,유튜브(영상),[YouTube] 방금 궁금해서,[영상] 전기차 충전하면서 히터틀고 있어도 될까? (조회수 1399회),https://www.youtube.com/watch?v=xMYTHLRwV84,2025-12-24 08:40
2025-12-24,채비,★기아 EV 동호회[EV오너스클럽] EV3 EV4 EV5 EV6 EV9 GT 보조금,대영채비 7kW 완속 충전기 도착했습니다,https://cafe.naver.com/carmessenger/718779,2025-12-24 08:40
2025-12-24,채비,"전기차동호회-아이오닉5 6 9,EV3 EV4 EV5 EV6 EV9,테슬라모델Y 3",증평종합스포츠센터 채비 전기차충전소 한대 고장,https://cafe.naver.com/allfm01/1925976,2025-12-24 08:39
2025-12-24,일렉링크,★ EV9 공식동호회 [EV9 오너스클럽] EV9 대표카페 전기차보조금,7월 과열충전 경고? 뜬 이후 초고속 일렉링크 충전이 안됩니다..,https://cafe.naver.com/terror4u/1391367,2025-12-24 08:38
2025-12-24,일렉링크,"전기차동호회-아이오닉5 6 9,EV3 EV4 EV5 EV6 EV9,테슬라모델Y 3",충전비용 다들 어떠신가요 제가 이상한건지 좀 비싼거같아서요,https://cafe.naver.com/allfm01/1925603,2025-12-24 08:38
2025-12-24,일렉링크,"전기차동호회-아이오닉5 6 9,EV3 EV4 EV5 EV6 EV9,테슬라모델Y 3",일렉링크 유효소비기한이있나요?,https://cafe.naver.com/allfm01/1925862,2025-12-24 08:38
2025-12-25,유튜브(영상),[YouTube] 워터 Water,[영상] 충전하러 왔다가 크리스마스 분위기까지 충전하고 가는 곳 🎄 #크리스마스 #메리크리스마스 #전기차 #전기차충전 #*워터* #*워터*충전소 #*워터*급속충전 (조회수 311회),https://www.youtube.com/watch?v=fSNd1w9PDP0,2025-12-25 08:40
2025-12-25,유튜브(영상),[YouTube] MOVE by Autocast (오토캐스트),"[영상] 전기차 2년 운행한 데이터 공개합니다… 급속, 완속 충전 비율, 총 전기요금, 유지보수비 포함 (조회수 1799회)",https://www.youtube.com/watch?v=mKrwWbBYm28,2025-12-25 08:40
2025-12-25,채비,포르쉐 타이칸 동호회 ■ 더타이칸 클럽 ■ 투리스모 전기차,포르쉐 채비카드 안되는 곳 공유해 보실까요??,https://cafe.naver.com/inhelia/28605,2025-12-25 08:40
2025-12-25,유튜브(영상),[YouTube] 워터 Water,"[영상] 전기차 반대하던 남편, 시승 한 번 만에 돌연 갑자기 태세 전환? 😳 #이서진 #쇼지니 #전기차 #테슬라 #모델Y #주니퍼 #전기차후기 #전기차추천 #여성운전 #전기차충전 #*워터* (조회수 1057회)",https://www.youtube.com/watch?v=ICWJXGDNuwo,2025-12-25 08:40
2025-12-25,일렉링크,"전기차동호회-아이오닉5 6 9,EV3 EV4 EV5 EV6 EV9,테슬라모델Y 3",아증말..이번엔 충전구 ㅜ ㅜ,https://cafe.naver.com/allfm01/1926191,2025-12-25 08:39
2025-12-25,워터,★테슬라 [TKC] 모델S 모델3 모델X 모델Y 사이버트럭 FSD 전기차,구미 사시는 분들~슈퍼차저 형곡동 말고 워터나 급속충전 하는곳 없을까요?,https://cafe.naver.com/noljatravel/1449137,2025-12-25 08:39
2025-12-25,일렉링크,★테슬라 [TKC] 모델S 모델3 모델X 모델Y 사이버트럭 FSD 전기차,sk일렉링크 64700포인트 53000원,https://cafe.naver.com/noljatravel/1448845,2025-12-25 08:39
2025-12-25,채비,포르쉐 타이칸 동호회 ■ 더타이칸 클럽 ■ 투리스모 전기차,채비 포인트 로밍 사용 방법 문의,https://cafe.naver.com/inhelia/28610,2025-12-25 08:40
2025-12-25,일렉링크,★ 아이오닉 공식 동호회 [아이오닉 멤버스] 아이오닉 5 6 7 9 N,sk일렉링크 궁금합니다,https://cafe.naver.com/cafeclip/1290049,2025-12-25 08:39
2025-12-26,일렉링크,★테슬라 [TKC] 모델S 모델3 모델X 모델Y 사이버트럭 FSD 전기차,일렉링크 31250포인트 23400원 (25%),https://cafe.naver.com/noljatravel/1449274,2025-12-26 08:39
2025-12-26,일렉링크,"전기차동호회-아이오닉5 6 9,EV3 EV4 EV5 EV6 EV9,테슬라모델Y 3",SK일렉링크 80만 카드,https://cafe.naver.com/allfm01/1926854,2025-12-26 08:39
2025-12-26,일렉링크,★테슬라 [TKC] 모델S 모델3 모델X 모델Y 사이버트럭 FSD 전기차,여행중인데 충전 스트레스 있네요 ㅜㅜ,https://cafe.naver.com/noljatravel/1449583,2025-12-26 08:39
2025-12-26,일렉링크,★테슬라 [TKC] 모델S 모델3 모델X 모델Y 사이버트럭 FSD 전기차,sk 일렉링크,https://cafe.naver.com/noljatravel/1449738,2025-12-26 08:39
2025-12-27,유튜브(영상),[YouTube] 워터 Water,"[영상] 테슬라 5년차, “솔직히 바꾸고 싶어요” 😮 #이서진 #쇼지니 #전기차 #테슬라 #모델Y #주니퍼 #전기차후기 #전기차추천 #여성운전 #전기차충전 #*워터* #*워터*충전소 #*워터*급속충전 (조회수 1054회)",https://www.youtube.com/watch?v=dR6tsewczVg,2025-12-27 08:40
2025-12-27,채비,"★폴스타 공식 동호회 ★ 볼보 폴스타2, 폴스타3, 4, 5 전기차",채비 충전 왜 50프로까지 밖에 안되죠?,https://cafe.naver.com/hamseang/106439,2025-12-27 08:40
2025-12-27,채비,포르쉐 타이칸 동호회 ■ 더타이칸 클럽 ■ 투리스모 전기차,채비카드 질문,https://cafe.naver.com/inhelia/28717,2025-12-27 08:40
2025-12-27,일렉링크,★테슬라 [TKC] 모델S 모델3 모델X 모델Y 사이버트럭 FSD 전기차,2020 모델3 DC콤보 충전 안되는건가요?,https://cafe.naver.com/noljatravel/1449876,2025-12-27 08:39
2025-12-27,일렉링크,★테슬라 [TKC] 모델S 모델3 모델X 모델Y 사이버트럭 FSD 전기차,일렉링크 포인트 63500원,https://cafe.naver.com/noljatravel/1450543,2025-12-27 08:39
2025-12-27,일렉링크,★BYD 비야디 전기차 공식동호회[BYD 오너스]아토3 씰 씨라이언7,100kw 맞나요?,https://cafe.naver.com/rlfnrl2034/2038859,2025-12-27 08:39
2025-12-27,일렉링크,"전기차동호회-아이오닉5 6 9,EV3 EV4 EV5 EV6 EV9,테슬라모델Y 3",200kw기계에서 혼자충전하는데 40kw..,https://cafe.naver.com/allfm01/1927483,2025-12-27 08:39
2025-12-27,일렉링크,★BYD 비야디 전기차 공식동호회[BYD 오너스]아토3 씰 씨라이언7,환경부카드 충전 관련,https://cafe.naver.com/rlfnrl2034/2038709,2025-12-27 08:39
2025-12-27,일렉링크,★테슬라 [TKC] 모델S 모델3 모델X 모델Y 사이버트럭 FSD 전기차,전기차 충전 초보입니다 - 충전 업체별로 전부 가입해야 하나요?,https://cafe.naver.com/noljatravel/1450166,2025-12-27 08:39
2025-12-28,채비,포르쉐 타이칸 동호회 ■ 더타이칸 클럽 ■ 투리스모 전기차,채비 사용하시는 분??,https://cafe.naver.com/inhelia/28756,2025-12-28 08:39
2025-12-28,채비,"전기차동호회-아이오닉5 6 9,EV3 EV4 EV5 EV6 EV9,테슬라모델Y 3",채비충전기는 환경부 회원이 더 저렴?,https://cafe.naver.com/allfm01/1928391,2025-12-28 08:38
2025-12-28,워터,BMW i CLUB [BMW i 전기차 동호회] iX1 iX3 iX i3 i4 i5 i7 i8,고속도로 워터 충전소 무제한충전카드 지원되나요?,https://cafe.naver.com/old13/75419,2025-12-28 08:38
2025-12-28,채비,포르쉐 타이칸 동호회 ■ 더타이칸 클럽 ■ 투리스모 전기차,채비 새카드,https://cafe.naver.com/inhelia/28754,2025-12-28 08:39
2025-12-28,일렉링크,★테슬라 [TKC] 모델S 모델3 모델X 모델Y 사이버트럭 FSD 전기차,일렉링크 포인트 63500원,https://cafe.naver.com/noljatravel/1451092,2025-12-28 08:37
2025-12-29,채비,포르쉐 타이칸 동호회 ■ 더타이칸 클럽 ■ 투리스모 전기차,채비 카드 관련 문의드립니다,https://cafe.naver.com/inhelia/28788,2025-12-29 08:40
2025-12-29,워터,"전기차동호회-아이오닉5 6 9,EV3 EV4 EV5 EV6 EV9,테슬라모델Y 3",워터 충전기 속도?,https://cafe.naver.com/allfm01/1928614,2025-12-29 08:39
2025-12-29,일렉링크,★테슬라 [TKC] 모델S 모델3 모델X 모델Y 사이버트럭 FSD 전기차,"SK일렉링크 크래딧 45,100",https://cafe.naver.com/noljatravel/1451278,2025-12-29 08:39
2025-12-30,채비,"#전기차맛집▶아이오닉5 6 9,테슬라모델3 Y,EV 3 6 9 장기렌트","채비, 서울시 전기차 급속충전 사업자 6년 연속 선정",https://cafe.naver.com/evkoreaplus/61431,2025-12-30 08:40
2025-12-30,채비,"전기차동호회-아이오닉5 6 9,EV3 EV4 EV5 EV6 EV9,테슬라모델Y 3",채비카드 유효기간,https://cafe.naver.com/allfm01/1929037,2025-12-30 08:40
2025-12-30,채비,"전기차동호회-아이오닉5 6 9,EV3 EV4 EV5 EV6 EV9,테슬라모델Y 3",채비카드 사용법,https://cafe.naver.com/allfm01/1929029,2025-12-30 08:40
2025-12-30,유튜브(영상),[YouTube] BMW 공식딜러 아임보스,"[영상] 전기차 충전, 오해와 이해 사이.. 충전하는 데 오래 걸리진 않을까? (조회수 163회)",https://www.youtube.com/watch?v=tkMrVsnaraw,2025-12-30 08:40
2025-12-30,유튜브(영상),[YouTube] 밍구구,[영상] 전기차 주차 1시간 공짜로 하는 방법?｜초보 전기차 차주 무조건 알아야 할 충전 무적 꿀팁 3가지 (조회수 164회),https://www.youtube.com/watch?v=s_Gmr43lWcY,2025-12-30 08:40
2025-12-30,유튜브(영상),[YouTube] Wheel Master Garage,[영상] 2026 현대 전기차 최초 공개｜주행거리·충전·미래기술까지 완전 분석 @WheelMasterGarage (조회수 81회),https://www.youtube.com/watch?v=mthe5J3lI30,2025-12-30 08:40
2025-12-30,이브이시스,★BYD 비야디 전기차 공식동호회[BYD 오너스]아토3 씰 씨라이언7,이브이시스는 신규 충전소 할인이 있네요,https://cafe.naver.com/rlfnrl2034/2039729,2025-12-30 08:40
2025-12-30,유튜브(영상),[YouTube] 초보택시,[영상] 26년 상반기 전기차 충전요금 인상 아파트 완속 충전 324원 전기택시와 쏘나타 그랜저의 연료비 비교 (조회수 1532회),https://www.youtube.com/watch?v=fYaKm8EmsP0,2025-12-30 08:40
2025-12-30,일렉링크,★테슬라 [TKC] 모델S 모델3 모델X 모델Y 사이버트럭 FSD 전기차,Sk일렉링크,https://cafe.naver.com/noljatravel/1452101,2025-12-30 08:38
2025-12-30,일렉링크,"전기차동호회-아이오닉5 6 9,EV3 EV4 EV5 EV6 EV9,테슬라모델Y 3","ev9, sk 일렉링크 200w짜리로 충전하면 속도 얼마가 나와야 정상인가요?",https://cafe.naver.com/allfm01/1929061,2025-12-30 08:39
2025-12-30,일렉링크,★테슬라 [TKC] 모델S 모델3 모델X 모델Y 사이버트럭 FSD 전기차,sk일렉링크 서울 경기 요금이 다른가요?,https://cafe.naver.com/noljatravel/1452419,2025-12-30 08:38
2025-12-30,일렉링크,"전기차동호회-아이오닉5 6 9,EV3 EV4 EV5 EV6 EV9,테슬라모델Y 3",sk 일렉 선넘은거 아닌가요?? 432원?,https://cafe.naver.com/allfm01/1928960,2025-12-30 08:39
2025-12-31,워터,★테슬라 [TKC] 모델S 모델3 모델X 모델Y 사이버트럭 FSD 전기차,"가평휴게소에 슈퍼차저, 내린천에는 워터",https://cafe.naver.com/noljatravel/1453164,2025-12-31 08:38
2025-12-31,일렉링크,★테슬라 [TKC] 모델S 모델3 모델X 모델Y 사이버트럭 FSD 전기차,sk일렉링크 3만원-->22000원,https://cafe.naver.com/noljatravel/1452736,2025-12-31 08:38
2025-12-31,유튜브(영상),[YouTube] 카제로 Carzero,"[영상] 테슬라 충전망 꽂는 토요타? 이 조합, 생각보다 위험합니다 #토요타bZ #2026토요타bZ #bZ4X후속 #토요타전기차 #카제로 #automobile (조회수 2616회)",https://www.youtube.com/watch?v=mWzs-Ehnsbw,2025-12-31 08:39
2025-12-31,일렉링크,★테슬라 [TKC] 모델S 모델3 모델X 모델Y 사이버트럭 FSD 전기차,sk일렉링크 57000 > 43000,https://cafe.naver.com/noljatravel/1452761,2025-12-31 08:38
2025-12-31,일렉링크,★테슬라 [TKC] 모델S 모델3 모델X 모델Y 사이버트럭 FSD 전기차,안녕하세요 선배님들 일렉링크 및 차지비 관련 궁금한게 있습니다 !,https://cafe.naver.com/noljatravel/1452796,2025-12-31 08:38
2025-12-31,일렉링크,킬로와트 - 플러그를 꽂는 사람들 (전기차 오너 모임),울주휴게소가 있었네요 SK일렉링크 충전소 있길래 와봤습니다,https://cafe.naver.com/elecmembers/2353,2025-12-31 08:38
2025-12-31,일렉링크,"전기차동호회-아이오닉5 6 9,EV3 EV4 EV5 EV6 EV9,테슬라모델Y 3",SK일렉링크 포인트 로밍방법,https://cafe.naver.com/allfm01/1929880,2025-12-31 08:38
2025-12-31,일렉링크,★테슬라 [TKC] 모델S 모델3 모델X 모델Y 사이버트럭 FSD 전기차,sk일렉링크 84000>> 60000,https://cafe.naver.com/noljatravel/1452966,2025-12-31 08:38
2025-12-31,일렉링크,"★폴스타 공식 동호회 ★ 볼보 폴스타2, 폴스타3, 4, 5 전기차",P4 느릿느릿 속 터지는 충전 속도..,https://cafe.naver.com/hamseang/106638,2025-12-31 08:38
2025-12-31,일렉링크,"전기차동호회-아이오닉5 6 9,EV3 EV4 EV5 EV6 EV9,테슬라모델Y 3","일렉링크 sk 포인트 ₩30,205 - > 25%할인 ₩22,653",https://cafe.naver.com/allfm01/1930118,2025-12-31 08:38
2026-01-01,일렉링크,"전기차동호회-아이오닉5 6 9,EV3 EV4 EV5 EV6 EV9,테슬라모델Y 3","일렉링크 sk 포인트 ₩30,205 - > 26%할인 ₩22,000",https://cafe.naver.com/allfm01/1930421,2026-01-01 08:40
2026-01-01,일렉링크,★기아 EV 동호회[EV오너스클럽] EV3 EV4 EV5 EV6 EV9 GT 보조금,어제 서울 공연(김준수) / 2년만에 급속,https://cafe.naver.com/carmessenger/719476,2026-01-01 08:40
2026-01-02,유튜브(영상),[YouTube] 방금 궁금해서,[영상] 350kW 충전기 아무 전기차나 빨리 충전될까? (조회수 917회),https://www.youtube.com/watch?v=mnrVpXnlJLc,2026-01-02 08:43
2026-01-02,유튜브(영상),[YouTube] 하카오토,[영상] 기아전기차EV3 최고의 가성비! 최저장기렌트 리스 견적! 하카오토김이사에게 문의주세요! (조회수 226회),https://www.youtube.com/watch?v=CAAcCzNmanw,2026-01-02 08:43
2026-01-02,채비,★테슬라 [TKC] 모델S 모델3 모델X 모델Y 사이버트럭 FSD 전기차,채비 실물카드로 파워큐브충전기 사용?,https://cafe.naver.com/noljatravel/1455581,2026-01-02 08:42
2026-01-02,일렉링크,★테슬라 [TKC] 모델S 모델3 모델X 모델Y 사이버트럭 FSD 전기차,여행 중 충전 질문,https://cafe.naver.com/noljatravel/1455547,2026-01-02 08:41
2026-01-02,일렉링크,★ 아이오닉 공식 동호회 [아이오닉 멤버스] 아이오닉 5 6 7 9 N,26년 부터는 일렉링크 포인트 20만점으로 삭감,https://cafe.naver.com/cafeclip/1291002,2026-01-02 08:41
2026-01-03,유튜브(영상),[YouTube] 만땅 전기차 충전기,"[영상] 이동형충전기에서 완속충전기로 업그레이드 속도,충전요금까지 집밥의 정석 만땅 전기차충전기 안되면 유튜브기사 호출 현대, 기아전기차, 테슬라, 벤츠, 볼보, 폴스타, 이트론, BMW (조회수 87회)",https://www.youtube.com/watch?v=wzlEQ07k8r8,2026-01-03 08:39
2026-01-03,유튜브(영상),[YouTube] 이슈싹쓰리,[영상] 유럽몰락 2026 독일 경제 위기 총정리: 폭스바겐 공장 폐쇄와 전기차 충전기 절도 사태의 진짜 이유 (조회수 190회),https://www.youtube.com/watch?v=k0wqDRZ7CKY,2026-01-03 08:39
2026-01-03,유튜브(영상),[YouTube] 만땅 전기차 충전기,"[영상] 이동형충전기에서 완속충전기로 업그레이드 속도,충전요금까지 집밥의 정석 만땅 전기차충전기 안되면 유튜브기사 호출 현대, 기아전기차, 테슬라, 벤츠, 볼보, 폴스타, 이트론, BMW (조회수 206회)",https://www.youtube.com/watch?v=WrSwOGlUj8Y,2026-01-03 08:39
2026-01-03,채비,★테슬라 [TKC] 모델S 모델3 모델X 모델Y 사이버트럭 FSD 전기차,채비 10만원 --->8.5만원,https://cafe.naver.com/noljatravel/1456397,2026-01-03 08:39
2026-01-03,채비,포르쉐 타이칸 동호회 ■ 더타이칸 클럽 ■ 투리스모 전기차,채비카드 질문,https://cafe.naver.com/inhelia/28944,2026-01-03 08:39
2026-01-03,채비,★BYD 비야디 전기차 공식동호회[BYD 오너스]아토3 씰 씨라이언7,채비 충전 오류(BYD 차량 이슈??),https://cafe.naver.com/rlfnrl2034/2040893,2026-01-03 08:39
2026-01-03,채비,"전기차동호회-아이오닉5 6 9,EV3 EV4 EV5 EV6 EV9,테슬라모델Y 3",SK링크와 채비 크래딧 사용 질문드립니다,https://cafe.naver.com/allfm01/1932407,2026-01-03 08:39
2026-01-03,워터,★테슬라 [TKC] 모델S 모델3 모델X 모델Y 사이버트럭 FSD 전기차,워터 고속도로 충전기.. 애매함..,https://cafe.naver.com/noljatravel/1457287,2026-01-03 08:38
2026-01-03,일렉링크,"전기차동호회-아이오닉5 6 9,EV3 EV4 EV5 EV6 EV9,테슬라모델Y 3",Sk일렉링크 45000,https://cafe.naver.com/allfm01/1932495,2026-01-03 08:37
2026-01-03,일렉링크,★ EV9 공식동호회 [EV9 오너스클럽] EV9 대표카페 전기차보조금,차량 충전 거부에 대해 질문 드립니다.,https://cafe.naver.com/terror4u/1392442,2026-01-03 08:37
2026-01-03,일렉링크,★테슬라 [TKC] 모델S 모델3 모델X 모델Y 사이버트럭 FSD 전기차,sk일렉링크 10만원 --->8만원,https://cafe.naver.com/noljatravel/1456473,2026-01-03 08:37
2026-01-04,유튜브(영상),[YouTube] 비케이리뷰어,[영상] 전기차 충전 얼마나 걸릴까? #쏘울ev #전기차 (조회수 748회),https://www.youtube.com/watch?v=Wq0WVjr6i1A,2026-01-04 08:40
2026-01-04,유튜브(영상),[YouTube] 캐딜락 용산전시장,"[영상] 캐딜락의 플래그십 전기 SUV, 에스컬레이드 IQ (J) (조회수 911회)",https://www.youtube.com/watch?v=OgvGfpSLxfI,2026-01-04 08:40
2026-01-04,채비,"전기차동호회-아이오닉5 6 9,EV3 EV4 EV5 EV6 EV9,테슬라모델Y 3",채비 일렉링크 등 포인트를 카드 할인가격으로,https://cafe.naver.com/allfm01/1932832,2026-01-04 08:40
2026-01-04,일렉링크,"전기차동호회-아이오닉5 6 9,EV3 EV4 EV5 EV6 EV9,테슬라모델Y 3",채비 일렉링크 등 포인트를 카드 할인가격으로,https://cafe.naver.com/allfm01/1932832,2026-01-04 08:38
2026-01-04,일렉링크,"전기차동호회-아이오닉5 6 9,EV3 EV4 EV5 EV6 EV9,테슬라모델Y 3",급속1kw당 58원 충전하기,https://cafe.naver.com/allfm01/1933079,2026-01-04 08:38
2026-01-04,워터,현대 [ 아이오닉9 오너스 ] 동호회,워터 350kw충전속도 83정도 밖에 안나오네요,https://cafe.naver.com/ioniq9owners/12250,2026-01-04 08:39
2026-01-05,유튜브(영상),[YouTube] K Road Vibes,[영상] “이게 진짜 기아라고?” 2026 EV-5 실물 보고 충격 받았습니다 (조회수 31회),https://www.youtube.com/watch?v=kDK6DJMB6DI,2026-01-05 08:43
2026-01-05,유튜브(영상),[YouTube] 최이사,[영상] 4년간의 전기차 충전비 공개 전기차 vs 일반차 유지비 비교 (조회수 385회),https://www.youtube.com/watch?v=cuyjSaJUjl0,2026-01-05 08:43
2026-01-05,유튜브(영상),[YouTube] MuskLab,[영상] 겨울 테슬라 출퇴근 충전비 얼마일까? (조회수 1255426회),https://www.youtube.com/watch?v=6a8OyalKJuE,2026-01-05 08:43
2026-01-05,일렉링크,"전기차동호회-아이오닉5 6 9,EV3 EV4 EV5 EV6 EV9,테슬라모델Y 3",SK일렉링크 마일리지 어디에 쓰나요?,https://cafe.naver.com/allfm01/1933206,2026-01-05 08:41
2026-01-05,일렉링크,★테슬라 [TKC] 모델S 모델3 모델X 모델Y 사이버트럭 FSD 전기차,"일렉링크 40,000",https://cafe.naver.com/noljatravel/1459450,2026-01-05 08:41
2026-01-06,유튜브(영상),[YouTube] 은빛유니콘의 지식(Knowledge),[영상] 2026년 01월 05일 전기차 충전 요금 동향 (회원/비회원 100kW급 미만/100kW급 이상/완속/급속 최저/최고) (조회수 86회),https://www.youtube.com/watch?v=9pFLP1tAYIM,2026-01-06 08:45
2026-01-06,유튜브(영상),[YouTube] 카제로 Carzero,"[영상] 터치 지옥 끝… 공조 버튼 부활한 폭스바겐 전기차 ID. Polo, 이게 정답? #폭스바겐 #IDPolo #폭스바겐전기차 #전기해치백 #카제로 #automobile (조회수 1399회)",https://www.youtube.com/watch?v=Hh5APmC4hok,2026-01-06 08:45
2026-01-06,채비,★BYD 비야디 전기차 공식동호회[BYD 오너스]아토3 씰 씨라이언7,채비 100kw 충전하자마자 종료뜨네요.,https://cafe.naver.com/rlfnrl2034/2041742,2026-01-06 08:44
2026-01-06,일렉링크,★테슬라 [TKC] 모델S 모델3 모델X 모델Y 사이버트럭 FSD 전기차,SK일렉링크,https://cafe.naver.com/noljatravel/1460372,2026-01-06 08:43
2026-01-06,일렉링크,★테슬라 [TKC] 모델S 모델3 모델X 모델Y 사이버트럭 FSD 전기차,슈차가 아닌 DC콤보를 이용한 급속충전이 배터리에 안 좋을까요?,https://cafe.naver.com/noljatravel/1460619,2026-01-06 08:43
2026-01-06,일렉링크,"전기차동호회-아이오닉5 6 9,EV3 EV4 EV5 EV6 EV9,테슬라모델Y 3",Sk일렉링크 80만 카드로 일렉링크 완속도 가능한거죠??,https://cafe.naver.com/allfm01/1934300,2026-01-06 08:43
2026-01-06,일렉링크,★BYD 비야디 전기차 공식동호회[BYD 오너스]아토3 씰 씨라이언7,혹시 충전카드는 어떤걸 사용하시나요?,https://cafe.naver.com/rlfnrl2034/2041827,2026-01-06 08:43
2026-01-06,일렉링크,★테슬라 [TKC] 모델S 모델3 모델X 모델Y 사이버트럭 FSD 전기차,고속도로 충전 다들 어떻게 하세요?,https://cafe.naver.com/noljatravel/1461311,2026-01-06 08:43
2026-01-07,유튜브(영상),[YouTube] kor린이,[영상] 전기차 #전기차 #과태료  #범칙금 #현대차 #기아차 #쉐보레 #대우 #korea #korean #테슬라 #배터리 #충전기 #전기차충전 #전기차추천 #byd #벤츠 (조회수 455회),https://www.youtube.com/watch?v=5Ly6Z9iwq-s,2026-01-07 08:42
2026-01-07,유튜브(영상),[YouTube] 카제로 Carzero,"[영상] 3열 SUV가 제로백 3초대… 루시드 그래비티, 이건 반칙입니다 #루시드그래비티 #LucidGravity #루시드 #3열전기SUV #카제로 #automobile (조회수 1977회)",https://www.youtube.com/watch?v=H4mVtGgbtEI,2026-01-07 08:42
2026-01-07,채비,포르쉐 타이칸 동호회 ■ 더타이칸 클럽 ■ 투리스모 전기차,채비카드 유효기간,https://cafe.naver.com/inhelia/29126,2026-01-07 08:42
2026-01-07,일렉링크,"전기차동호회-아이오닉5 6 9,EV3 EV4 EV5 EV6 EV9,테슬라모델Y 3",Sk링크 카드 없이 환경부 충전기 사용가능할까요?,https://cafe.naver.com/allfm01/1935058,2026-01-07 08:40
2026-01-07,일렉링크,★테슬라 [TKC] 모델S 모델3 모델X 모델Y 사이버트럭 FSD 전기차,일렉링크 5만원,https://cafe.naver.com/noljatravel/1462155,2026-01-07 08:40
2026-01-07,일렉링크,"전기차동호회-아이오닉5 6 9,EV3 EV4 EV5 EV6 EV9,테슬라모델Y 3",고속도로나 처음가서 급속 쓸때는 환경부카드로 통일해도 또이또이하죠?,https://cafe.naver.com/allfm01/1935075,2026-01-07 08:40
2026-01-08,유튜브(영상),[YouTube] 효쿱,[영상] 캐스퍼 일렉트릭 급속충전 (200KW급) (조회수 10회),https://www.youtube.com/watch?v=1npn3jZB0T8,2026-01-08 08:43
2026-01-08,유튜브(영상),[YouTube] 캐딜락 용산전시장,[영상] ESCALADE IQ 블랙 차량출고!! (J) (조회수 3788회),https://www.youtube.com/watch?v=1MGArWuXbGw,2026-01-08 08:43
2026-01-08,채비,포르쉐 타이칸 동호회 ■ 더타이칸 클럽 ■ 투리스모 전기차,채비카드 등록했는데 팔고 싶어요 ㅠㅠ,https://cafe.naver.com/inhelia/29181,2026-01-08 08:43
2026-01-08,일렉링크,★테슬라 [TKC] 모델S 모델3 모델X 모델Y 사이버트럭 FSD 전기차,sk일렉링크 42100-32000,https://cafe.naver.com/noljatravel/1463281,2026-01-08 08:42
2026-01-08,일렉링크,"전기차동호회-아이오닉5 6 9,EV3 EV4 EV5 EV6 EV9,테슬라모델Y 3",충전 요금이 점점 오르면서 드는생각,https://cafe.naver.com/allfm01/1936199,2026-01-08 08:42
2026-01-08,일렉링크,★테슬라 [TKC] 모델S 모델3 모델X 모델Y 사이버트럭 FSD 전기차,이지차저 완속 일렉링크 회원카드로 로밍 되나요??,https://cafe.naver.com/noljatravel/1464081,2026-01-08 08:42
2026-01-08,일렉링크,★테슬라 [TKC] 모델S 모델3 모델X 모델Y 사이버트럭 FSD 전기차,SK 일렉링크 63157포인트 49000원,https://cafe.naver.com/noljatravel/1464269,2026-01-08 08:42
2026-01-08,일렉링크,★테슬라 [TKC] 모델S 모델3 모델X 모델Y 사이버트럭 FSD 전기차,일렉링크 환경부카드로 태그했는데 단가430원으로,https://cafe.naver.com/noljatravel/1463268,2026-01-08 08:42
2026-01-09,유튜브(영상),[YouTube] 함운경TV,[영상] 전기차 충전하다 주차비 폭탄? 마포구청 고속충전기 민원 현장 (조회수 36회),https://www.youtube.com/watch?v=5FH_-EK12nM,2026-01-09 08:37
2026-01-09,유튜브(영상),[YouTube] 에셋업 ASSETUP,[영상] '서클 인터넷 그룹' 전기차 충전 USDC 결제 도입│2개 금융기관 추가 매수 (조회수 449회),https://www.youtube.com/watch?v=TIXRbmvjmr8,2026-01-09 08:37
2026-01-09,유튜브(영상),[YouTube] 슈슬이네,[영상] 무쏘ev 한달 요금 공개 | 트렁크 슬라이딩 커버 추천 | 제주에서 무쏘ev 타고 있어요  (조회수 27회),https://www.youtube.com/watch?v=2EqdB7fNWws,2026-01-09 08:37
2026-01-09,유튜브(영상),[YouTube] 에셋업 ASSETUP,"[영상] 전기차 충전, 코인 결제 시대 온다 (조회수 2718회)",https://www.youtube.com/watch?v=16oP7TNtRPI,2026-01-09 08:37
2026-01-09,채비,"전기차동호회-아이오닉5 6 9,EV3 EV4 EV5 EV6 EV9,테슬라모델Y 3",채비 충전카드,https://cafe.naver.com/allfm01/1936907,2026-01-09 08:37
2026-01-09,유튜브(영상),[YouTube] BMW 공식딜러 아임보스,"[영상] 전기차 충전, 오해와 이해 [충전하는 데 오래 걸리진 않을까?] (조회수 1401회)",https://www.youtube.com/watch?v=XxhLL7P6HBc,2026-01-09 08:37
2026-01-09,채비,★테슬라 [TKC] 모델S 모델3 모델X 모델Y 사이버트럭 FSD 전기차,채비 10만원 --->8.5만원,https://cafe.naver.com/noljatravel/1465377,2026-01-09 08:37
2026-01-09,일렉링크,"전기차동호회-아이오닉5 6 9,EV3 EV4 EV5 EV6 EV9,테슬라모델Y 3",Sk일렉링크 환경부 로밍 질문입니다,https://cafe.naver.com/allfm01/1937012,2026-01-09 08:36
2026-01-09,일렉링크,★테슬라 [TKC] 모델S 모델3 모델X 모델Y 사이버트럭 FSD 전기차,일렉링크,https://cafe.naver.com/noljatravel/1464775,2026-01-09 08:36
2026-01-09,일렉링크,★테슬라 [TKC] 모델S 모델3 모델X 모델Y 사이버트럭 FSD 전기차,SK일렉링크 양팔형인데 계속 충전 실패 뜨네요.,https://cafe.naver.com/noljatravel/1464703,2026-01-09 08:36
2026-01-10,유튜브(영상),[YouTube] 워터 Water,"[영상] 페라리 F1 입사 취소되던 날, adro가 시작되었다 🏎️ #페라리 #F1 #리먼사태 #adro #창업스토리 #전기차 #전기차충전 #*워터* #*워터*충전소 #*워터*급속충전 (조회수 1149회)",https://www.youtube.com/watch?v=cytE3aXRogs,2026-01-10 08:43
2026-01-10,유튜브(영상),[YouTube] Epart 전기차중고부품 & 전기차폐차 굿바이카,[영상] 38만 9천km 뛰고 258회 급속 충전만 한 22년식 아이오닉5 택시 배터리 SOH는 90.7% #전기차배터리스캔 #아이오닉5배터리 #전기차폐차 #전기차부품쇼핑몰 #자동차중고부품 (조회수 518회),https://www.youtube.com/watch?v=zIWI5n6boPA,2026-01-10 08:43
2026-01-10,일렉링크,★테슬라 [TKC] 모델S 모델3 모델X 모델Y 사이버트럭 FSD 전기차,"충전기 종류(급속, 완속, 사업자)에 따른 과금 측정과 충전 손실에 대한 고찰.",https://cafe.naver.com/noljatravel/1465886,2026-01-10 08:42
2026-01-10,일렉링크,"전기차동호회-아이오닉5 6 9,EV3 EV4 EV5 EV6 EV9,테슬라모델Y 3",Sk일렉링크 충전기. 충전중. 종료 하는버?,https://cafe.naver.com/allfm01/1937787,2026-01-10 08:42
2026-01-11,유튜브(영상),[YouTube] 테슬라이더,[영상] 전기차 모르고 그냥 타면 계~속 손해보게 됩니다.테슬라 필수 꿀팁 (조회수 28회),https://www.youtube.com/watch?v=X98l3Z21ZUo,2026-01-11 08:41
2026-01-11,유튜브(영상),[YouTube] 워터 Water,[영상] 튜닝은 느낌이 아니라 과학 🧪 테슬라 범퍼 하나만 바꿔도 전비가 개선된다?! #전기차전비 #범퍼튜닝 #공기역학 #전기차튜닝 #전기차 #전기차충전 #*워터* #*워터*충전소 #*워터*급속충전 (조회수 1260회),https://www.youtube.com/watch?v=Lo9kBofUWtk,2026-01-11 08:41
2026-01-11,유튜브(영상),[YouTube] 카닷컴 : 신차 장기렌트 & 리스 즉시출고,[영상] 카니발 하이브리드 대항마 스타리아일렉트릭 출시 (조회수 1516회),https://www.youtube.com/watch?v=Ccrf6wBSFq4,2026-01-11 08:41
2026-01-11,일렉링크,"전기차동호회-아이오닉5 6 9,EV3 EV4 EV5 EV6 EV9,테슬라모델Y 3",BMW 충전카드 나이스차저 가능한가요?,https://cafe.naver.com/allfm01/1938017,2026-01-11 08:39
2026-01-11,일렉링크,"전기차동호회-아이오닉5 6 9,EV3 EV4 EV5 EV6 EV9,테슬라모델Y 3",1kw당 57원급속충전 방법입니다,https://cafe.naver.com/allfm01/1938126,2026-01-11 08:39
2026-01-11,워터,★테슬라 [TKC] 모델S 모델3 모델X 모델Y 사이버트럭 FSD 전기차,방금 워터 충전소에서 환경부카드로 결제했는데 삼성카드 조회해보니 할인이 안됐어유.,https://cafe.naver.com/noljatravel/1467598,2026-01-11 08:39
2026-01-12,유튜브(영상),[YouTube] 돈 되는 30초,[영상] “충전요금 인상? 전기차주 분노!” #전기차  #요금인상 (조회수 289회),https://www.youtube.com/watch?v=qFz4IqYgFDU,2026-01-12 08:41
2026-01-12,유튜브(영상),[YouTube] 워터 Water,"[영상] 랩타임 4초 단축, F1 선수가 직접 증명했다 🏁 #전기차전비 #범퍼튜닝 #공기역학 #전기차튜닝 #전기차 #전기차충전 #*워터* #*워터*충전소 #*워터*급속충전 (조회수 1172회)",https://www.youtube.com/watch?v=G0DoDMyyVLU,2026-01-12 08:41
2026-01-12,이브이시스,"★폴스타 공식 동호회 ★ 볼보 폴스타2, 폴스타3, 4, 5 전기차",충전기설치 관련 질문드려요,https://cafe.naver.com/hamseang/107248,2026-01-12 08:41
2026-01-12,채비,"전기차동호회-아이오닉5 6 9,EV3 EV4 EV5 EV6 EV9,테슬라모델Y 3",논공휴게소에 채비 4대 먹통이네요,https://cafe.naver.com/allfm01/1938610,2026-01-12 08:40
2026-01-12,일렉링크,"전기차동호회-아이오닉5 6 9,EV3 EV4 EV5 EV6 EV9,테슬라모델Y 3",sk일렉링크는 환경부로밍 가격 비싸나요?,https://cafe.naver.com/allfm01/1938787,2026-01-12 08:39
2026-01-13,유튜브(영상),[YouTube] 워터 Water,[영상] BMW 보고 있나? M4 범퍼의 변신 I 뉴트리아 탈피? 🐭 #전기차전비 #범퍼튜닝 #공기역학 #전기차튜닝 #전기차 #전기차충전 #*워터* #*워터*충전소 #*워터*급속충전 (조회수 822회),https://www.youtube.com/watch?v=XuNg_h4lZZs,2026-01-13 08:29
2026-01-13,유튜브(영상),[YouTube] 찍어줄께,[영상] 전기차 겨울 급속충전 실화? 집밥 없으면 전기차 사지마세요! #전기차#전기차충전#급속충전#전기차급속충전#전기차충전속도#전기차충전시간#전기차충전현실#전기차현실#전기차단점#전기차오너 (조회수 902회),https://www.youtube.com/watch?v=aqGx78pOidU,2026-01-13 08:29
2026-01-13,유튜브(영상),[YouTube] 신사이트,[영상] 전기차 충전 1시간? 😤 이제 10분이면 끝납니다 대주전자재료 (조회수 1311회),https://www.youtube.com/watch?v=98E6S0XXe4A,2026-01-13 08:29
2026-01-13,유튜브(영상),[YouTube] 카제로 Carzero,"[영상] 미니밴 전기차 기다린 분들, 이거 보시면 마음 흔들려요 더 뉴 스타리아 EV #더뉴스타리아EV #현대스타리아EV #스타리아전기차 #미니밴전기차 #카제로 #automobile (조회수 1692회)",https://www.youtube.com/watch?v=NNcwY8U0Vgk,2026-01-13 08:29
2026-01-13,채비,"#전기차맛집▶아이오닉5 6 9,테슬라모델3 Y,EV 3 6 9 장기렌트",'채비' 업계 최초 전기차 충전 리워드 서비스 '번개' 런칭,https://cafe.naver.com/evkoreaplus/61963,2026-01-13 08:29
2026-01-13,채비,킬로와트 - 플러그를 꽂는 사람들 (전기차 오너 모임),청도휴게소 채비 90% 충전 후,https://cafe.naver.com/elecmembers/2456,2026-01-13 08:29
2026-01-13,일렉링크,★테슬라 [TKC] 모델S 모델3 모델X 모델Y 사이버트럭 FSD 전기차,"SK일렉링크 200kW, 워터 350kW 충전하고 왔어요.",https://cafe.naver.com/noljatravel/1468905,2026-01-13 08:27
2026-01-13,일렉링크,킬로와트 - 플러그를 꽂는 사람들 (전기차 오너 모임),청도휴게소 채비 90% 충전 후,https://cafe.naver.com/elecmembers/2456,2026-01-13 08:27
2026-01-13,일렉링크,★테슬라 [TKC] 모델S 모델3 모델X 모델Y 사이버트럭 FSD 전기차,"전기차 타면서 각종 충전 포인트가 넘쳐나는데,,",https://cafe.naver.com/noljatravel/1469015,2026-01-13 08:27
2026-01-13,일렉링크,"전기차동호회-아이오닉5 6 9,EV3 EV4 EV5 EV6 EV9,테슬라모델Y 3",단독주택 전기차 집밥설치 7kW 회사추천,https://cafe.naver.com/allfm01/1939559,2026-01-13 08:27
2026-01-13,일렉링크,"전기차동호회-아이오닉5 6 9,EV3 EV4 EV5 EV6 EV9,테슬라모델Y 3",아파트 자체 운영 1kwh당 충전비가 어떻게 되시나요?,https://cafe.naver.com/allfm01/1939564,2026-01-13 08:27
2026-01-13,일렉링크,"전기차동호회-아이오닉5 6 9,EV3 EV4 EV5 EV6 EV9,테슬라모델Y 3",한달 네번만 급속 충전하신다면 T우주패스 이용해보세요,https://cafe.naver.com/allfm01/1939734,2026-01-13 08:27
2026-01-14,유튜브(영상),[YouTube] 워터 Water,"[영상] 자동차 업계의 샤넬 adro, 짝퉁이 훈장이 된 이유 🎖️ #전기차전비 #범퍼튜닝 #공기역학 #전기차튜닝 #전기차 #전기차충전 #*워터* #*워터*충전소 #*워터*급속충전 (조회수 2652회)",https://www.youtube.com/watch?v=sqGdKaoaLHA,2026-01-14 08:31
2026-01-14,이브이시스,"★폴스타 공식 동호회 ★ 볼보 폴스타2, 폴스타3, 4, 5 전기차",원터치 충전,https://cafe.naver.com/hamseang/107397,2026-01-14 08:31
2026-01-14,유튜브(영상),[YouTube] 뉴스토마토,[영상] 전기차 충전시설 보험 주체 혼선 [말하는 기자들_금융_0113] (조회수 16회),https://www.youtube.com/watch?v=Mncqw07z5lg,2026-01-14 08:31
2026-01-14,일렉링크,"전기차동호회-아이오닉5 6 9,EV3 EV4 EV5 EV6 EV9,테슬라모델Y 3",비엠 무제한 충전카드,https://cafe.naver.com/allfm01/1940229,2026-01-14 08:29
2026-01-14,일렉링크,★ 캐스퍼ev 전기차 공식 동호회 [캐스퍼 일렉트릭 클럽] 보조금,급속충전 90%로 해놨는데 77%만 되네요,https://cafe.naver.com/lastchaos2/391769,2026-01-14 08:29
2026-01-14,일렉링크,"전기차동호회-아이오닉5 6 9,EV3 EV4 EV5 EV6 EV9,테슬라모델Y 3",다들 충전하실때 카드 하나로 하시나요?,https://cafe.naver.com/allfm01/1940534,2026-01-14 08:29
2026-01-15,유튜브(영상),[YouTube] 오롸이 ohlualee,[영상] 3초만에 전기차 충전할 수 있을까?⚡️EV4시승기 | 전기차의 장단점 (조회수 1134회),https://www.youtube.com/watch?v=H1cww9feAMM,2026-01-15 08:30
2026-01-15,유튜브(영상),[YouTube] INNOVARE,"[영상] 800km 가는 전기차, 진짜 나온다 #전기차 #배터리혁신 #급속충전 (조회수 1535회)",https://www.youtube.com/watch?v=dNGzLR_2_K0,2026-01-15 08:30
2026-01-15,유튜브(영상),[YouTube] Autoherald TV 'CARUMN',[영상] [1분 카럼] 습관처럼 하는 급속 충전 자주 하면 안되는 이유 #전기차배터리 #급속충전 #배터리수명 #전기차충전 #EV테크 #자동차 #오토헤럴드 (조회수 1793회),https://www.youtube.com/watch?v=W317wM89F20,2026-01-15 08:30
2026-01-15,채비,★전기화물차 EV VAN동호회★ PV5 PBV 쎄아밴 이티밴 마사다밴,채비 고속충전 35 kW 입력,https://cafe.naver.com/cherryu/135241,2026-01-15 08:29
2026-01-15,채비,"전기차동호회-아이오닉5 6 9,EV3 EV4 EV5 EV6 EV9,테슬라모델Y 3",채비 리워드 정말 쓰레기네요,https://cafe.naver.com/allfm01/1941604,2026-01-15 08:29
2026-01-15,일렉링크,현대 [ 아이오닉9 오너스 ] 동호회,sk 일렉링크 80만 포인트 사용팁,https://cafe.naver.com/ioniq9owners/12739,2026-01-15 08:28
2026-01-15,일렉링크,"전기차동호회-아이오닉5 6 9,EV3 EV4 EV5 EV6 EV9,테슬라모델Y 3",아이오닉 6 2WD 20인치 휠 2025년 충전비용,https://cafe.naver.com/allfm01/1941395,2026-01-15 08:28
2026-01-15,일렉링크,★테슬라 [TKC] 모델S 모델3 모델X 모델Y 사이버트럭 FSD 전기차,SK일렉링크 포인트 42100원,https://cafe.naver.com/noljatravel/1471874,2026-01-15 08:28
2026-01-16,유튜브(영상),[YouTube] 라이더완뽕,[영상] [V-log] 아이오닉5N 영하5도 초급속 충전시간 얼마나 걸릴까? (조회수 17회),https://www.youtube.com/watch?v=PVYyjcZvLts,2026-01-16 08:34
2026-01-16,채비,★테슬라 [TKC] 모델S 모델3 모델X 모델Y 사이버트럭 FSD 전기차,채비 10만원 --->8.5만원,https://cafe.naver.com/noljatravel/1473444,2026-01-16 08:33
2026-01-16,일렉링크,★기아 EV 동호회[EV오너스클럽] EV3 EV4 EV5 EV6 EV9 GT 보조금,싸만님 만나려고 충전하며 대기 중,https://cafe.naver.com/carmessenger/720779,2026-01-16 08:32
2026-01-16,일렉링크,"전기차동호회-아이오닉5 6 9,EV3 EV4 EV5 EV6 EV9,테슬라모델Y 3",충전용 카드는 대체로 몇 개 가지고 계신가요?,https://cafe.naver.com/allfm01/1942267,2026-01-16 08:32
2026-01-17,유튜브(영상),[YouTube] 워터 Water,[영상] BMW vs 아우디 vs 벤츠 ⚡ 영원한 라이벌 독일 3사의 충전 스타일 #BMW #아우디 #벤츠 #i4 #etron #EQE #전기차 #전기차충전 #전기차급속충전 #*워터* (조회수 1099회),https://www.youtube.com/watch?v=NQge_LKIjOc,2026-01-17 08:33
2026-01-17,이브이시스,★전기화물차 EV VAN동호회★ PV5 PBV 쎄아밴 이티밴 마사다밴,이티밴 급속충전 채비보다 이브이시스가 좋네요,https://cafe.naver.com/cherryu/135292,2026-01-17 08:33
2026-01-17,채비,★전기화물차 EV VAN동호회★ PV5 PBV 쎄아밴 이티밴 마사다밴,이티밴 급속충전 채비보다 이브이시스가 좋네요,https://cafe.naver.com/cherryu/135292,2026-01-17 08:33
2026-01-17,채비,"전기차동호회-아이오닉5 6 9,EV3 EV4 EV5 EV6 EV9,테슬라모델Y 3",하아..채비 충전요금 언제이렇게 올랐나요..회원이430이라니 ㄷㄷㄷ 340이엇던거 가튼데...디젤을 타야하나...연비안조은 트럭이...,https://cafe.naver.com/allfm01/1942722,2026-01-17 08:33
2026-01-17,일렉링크,★테슬라 [TKC] 모델S 모델3 모델X 모델Y 사이버트럭 FSD 전기차,환경부카드 일렉링크 로밍 가격 질문,https://cafe.naver.com/noljatravel/1474373,2026-01-17 08:31
2026-01-17,일렉링크,★테슬라 [TKC] 모델S 모델3 모델X 모델Y 사이버트럭 FSD 전기차,슈퍼차처 vs sk일렉링크,https://cafe.naver.com/noljatravel/1474481,2026-01-17 08:31
2026-01-17,일렉링크,★테슬라 [TKC] 모델S 모델3 모델X 모델Y 사이버트럭 FSD 전기차,SK일렉링크 최근 속도가 너무 안나오네요,https://cafe.naver.com/noljatravel/1474578,2026-01-17 08:31
2026-01-18,유튜브(영상),[YouTube] 하카오토,[영상] 테슬라모델3스탠다드 RWD를 3000만원대에? (조회수 1247회),https://www.youtube.com/watch?v=kSzkAdU-36U,2026-01-18 08:32
2026-01-18,유튜브(영상),[YouTube] 전기차 똑순이 [전똑],[영상] 아직도 그냥 카드 꽂으세요? 3만원 날리는 중! #Shorts (조회수 1384회),https://www.youtube.com/watch?v=zU5fmvIrztI,2026-01-18 08:32
2026-01-18,채비,"전기차동호회-아이오닉5 6 9,EV3 EV4 EV5 EV6 EV9,테슬라모델Y 3",헐 채비충전에서 충전 요금이 환경부가 더 싸네요 ..;;,https://cafe.naver.com/allfm01/1943414,2026-01-18 08:31
2026-01-18,채비,"전기차동호회-아이오닉5 6 9,EV3 EV4 EV5 EV6 EV9,테슬라모델Y 3",채비로 충전하실 때 꼭 부근에 딱 붙어 계셔요,https://cafe.naver.com/allfm01/1943441,2026-01-18 08:31
2026-01-18,채비,★BYD 비야디 전기차 공식동호회[BYD 오너스]아토3 씰 씨라이언7,채비 충전기,https://cafe.naver.com/rlfnrl2034/2045502,2026-01-18 08:31
2026-01-18,채비,★테슬라 [TKC] 모델S 모델3 모델X 모델Y 사이버트럭 FSD 전기차,대영채비 완속충전 잘 되시나요 ?,https://cafe.naver.com/noljatravel/1477007,2026-01-18 08:31
2026-01-18,이브이시스,"전기차동호회-아이오닉5 6 9,EV3 EV4 EV5 EV6 EV9,테슬라모델Y 3",이브이시스 완속기 쓰시는분 질문좀 드립니다!,https://cafe.naver.com/allfm01/1943890,2026-01-18 08:32
2026-01-18,일렉링크,★테슬라 [TKC] 모델S 모델3 모델X 모델Y 사이버트럭 FSD 전기차,일렉링크,https://cafe.naver.com/noljatravel/1476499,2026-01-18 08:30
2026-01-19,유튜브(영상),[YouTube] 엣팁커플ESTPCouple,[영상] 전기차 구매할거면 무조건 사야하는 제품 / 충전기 미쳤다 #전기차#전기차라이프#전기차충전#충전소#벤딕트 (조회수 1792회),https://www.youtube.com/watch?v=irQkTLDtX6Y,2026-01-19 08:32
2026-01-19,일렉링크,★테슬라 [TKC] 모델S 모델3 모델X 모델Y 사이버트럭 FSD 전기차,이제 아파트 완속보다 일렉링크 구독이 더나을지도...,https://cafe.naver.com/noljatravel/1478214,2026-01-19 08:31
2026-01-20,유튜브(영상),[YouTube] 촌음시경(寸陰是競),[영상] EV 혜택을 누리다!#전기차보조금2026 #EV운영비 #전기차혜택축소 #내연차전환지원금 #전기차통행료할인 #EV충전요금 #테슬라보조금 #2026전기차정책 (조회수 988회),https://www.youtube.com/watch?v=XMQPFfYoGgo,2026-01-20 08:34
2026-01-20,채비,포르쉐 타이칸 동호회 ■ 더타이칸 클럽 ■ 투리스모 전기차,채비 카드 사용법 질문드립니다.,https://cafe.naver.com/inhelia/29625,2026-01-20 08:33
2026-01-20,일렉링크,★테슬라 [TKC] 모델S 모델3 모델X 모델Y 사이버트럭 FSD 전기차,아오 워터 충전소 화남..(수정: 고객센터 콜백 내용 포함),https://cafe.naver.com/noljatravel/1478848,2026-01-20 08:32
2026-01-20,일렉링크,★테슬라 [TKC] 모델S 모델3 모델X 모델Y 사이버트럭 FSD 전기차,Sk일렉링크 45100>>>35000,https://cafe.naver.com/noljatravel/1479318,2026-01-20 08:32
2026-01-20,일렉링크,★테슬라 [TKC] 모델S 모델3 모델X 모델Y 사이버트럭 FSD 전기차,일렉링크 포인트 45120원,https://cafe.naver.com/noljatravel/1479270,2026-01-20 08:32
2026-01-20,일렉링크,★테슬라 [TKC] 모델S 모델3 모델X 모델Y 사이버트럭 FSD 전기차,일렉링크 포인트,https://cafe.naver.com/noljatravel/1479356,2026-01-20 08:32
2026-01-20,일렉링크,★테슬라 [TKC] 모델S 모델3 모델X 모델Y 사이버트럭 FSD 전기차,Sk일렉링크 45100>36000원,https://cafe.naver.com/noljatravel/1479499,2026-01-20 08:32
2026-01-20,일렉링크,"전기차동호회-아이오닉5 6 9,EV3 EV4 EV5 EV6 EV9,테슬라모델Y 3",비공용 충전기 종류,https://cafe.naver.com/allfm01/1945354,2026-01-20 08:32
2026-01-20,일렉링크,★테슬라 [TKC] 모델S 모델3 모델X 모델Y 사이버트럭 FSD 전기차,일렉링크 포인트 42100원,https://cafe.naver.com/noljatravel/1479244,2026-01-20 08:32
2026-01-21,유튜브(영상),[YouTube] 사단법인 한국전기차사용자협회,"[영상] 우리동네 충전환경개선에 진심, 전기차 충전소 지킴이 (조회수 24회)",https://www.youtube.com/watch?v=x6x7VccrMsk,2026-01-21 08:36
2026-01-21,유튜브(영상),[YouTube] Future coming Up car,[영상] 전기차 고민 끝? 2026 현대 아이오닉 6 완벽 가이드! (조회수 32회),https://www.youtube.com/watch?v=kxNfSV5HBL0,2026-01-21 08:36
2026-01-21,유튜브(영상),[YouTube] 카제로 Carzero,[영상] 모델Y 말고 ‘이거’ 보는 사람 늘었다… 2026 폭스바겐 ID.5 핵심 요약 #폭스바겐ID5 #폭스바겐전기차 #ID5Pro #카제로 #automobile (조회수 1294회),https://www.youtube.com/watch?v=sSyZXIp-ac0,2026-01-21 08:36
2026-01-21,유튜브(영상),[YouTube] 워터 Water,"[영상] 테슬라 모델 Y, 2025년 국내 전기차 판매 1위! 2026년에는 과연? ⚡ #모델Y #테슬라 #아이오닉5 #현대자동차 #기아 #EV3 #전기차 #전기차충전 #전기차급속충전 (조회수 1612회)",https://www.youtube.com/watch?v=63nKxxUGsAE,2026-01-21 08:36
2026-01-21,일렉링크,"전기차동호회-아이오닉5 6 9,EV3 EV4 EV5 EV6 EV9,테슬라모델Y 3",sk 일렉링크 마일리지는 어떻게 사용하나요?,https://cafe.naver.com/allfm01/1946494,2026-01-21 08:35
2026-01-22,유튜브(영상),[YouTube] 급등종목TV,[영상] [씨메스 긴급분석] SK시그넷 충전 로봇 실증 성공! 왜 글로벌 기관들은 4만 원대에서 씨메스를 쓸어 담나? (조회수 59회),https://www.youtube.com/watch?v=fDSaA82QDbQ,2026-01-22 08:39
2026-01-22,채비,포르쉐 타이칸 동호회 ■ 더타이칸 클럽 ■ 투리스모 전기차,채비 카드 사기 주의하세요,https://cafe.naver.com/inhelia/29700,2026-01-22 08:39
2026-01-22,채비,★ 아이오닉 공식 동호회 [아이오닉 멤버스] 아이오닉 5 6 7 9 N,채비에서 주는 생일 크래딧 못받기~~~~,https://cafe.naver.com/cafeclip/1293569,2026-01-22 08:39
2026-01-22,채비,"전기차동호회-아이오닉5 6 9,EV3 EV4 EV5 EV6 EV9,테슬라모델Y 3",채비 멤버십 유지관련,https://cafe.naver.com/allfm01/1947501,2026-01-22 08:39
2026-01-22,일렉링크,★ 아이오닉 공식 동호회 [아이오닉 멤버스] 아이오닉 5 6 7 9 N,Sk일렉링크 포인트랑 현대포인트,https://cafe.naver.com/cafeclip/1293487,2026-01-22 08:38
2026-01-22,일렉링크,"전기차동호회-아이오닉5 6 9,EV3 EV4 EV5 EV6 EV9,테슬라모델Y 3",비공용 완속충전기 vs 공용충전기 구독형 할인 경제성 분석 3,https://cafe.naver.com/allfm01/1946859,2026-01-22 08:38
2026-01-22,일렉링크,"전기차동호회-아이오닉5 6 9,EV3 EV4 EV5 EV6 EV9,테슬라모델Y 3",비공용 완속충전기 vs 공용충전기 구독형 할인 경제성 분석5,https://cafe.naver.com/allfm01/1946866,2026-01-22 08:38
2026-01-22,일렉링크,★테슬라 [TKC] 모델S 모델3 모델X 모델Y 사이버트럭 FSD 전기차,"SK일렉링크, '고속도로 테슬라 NACS' 충전소 구축",https://cafe.naver.com/noljatravel/1482004,2026-01-22 08:38
2026-01-23,채비,"전기차동호회-아이오닉5 6 9,EV3 EV4 EV5 EV6 EV9,테슬라모델Y 3",채비 고속 충전기 뱉어내고 차 먹통 되는 현상.,https://cafe.naver.com/allfm01/1947858,2026-01-23 08:35
2026-01-23,채비,포르쉐 타이칸 동호회 ■ 더타이칸 클럽 ■ 투리스모 전기차,채비카드로 kepco급속 충전방법 - 가격,https://cafe.naver.com/inhelia/29722,2026-01-23 08:35
2026-01-23,일렉링크,★테슬라 [TKC] 모델S 모델3 모델X 모델Y 사이버트럭 FSD 전기차,Sk일렉 링크 충전기,https://cafe.naver.com/noljatravel/1484346,2026-01-23 08:34
2026-01-23,유튜브(영상),[YouTube] 전귀촤EV,[영상] 단 돈 800만원!! 초소형 QQ 큐큐 판매중!! #전기차 #마사다 #택배 #쿠팡 #퀵플렉스 #탑차 #포터 #봉고 #택배차 #택배전기차 #전기화물 #전기승합 #스타렉스밴  #배터리 (조회수 1546회),https://www.youtube.com/watch?v=xAvtNNJG_34,2026-01-23 08:35
2026-01-23,유튜브(영상),[YouTube] KBS News,[영상] 올해 전기차 충전기 7만 대 설치 지원…기준 미달 시 제외 / KBS  2026.01.22. (조회수 183회),https://www.youtube.com/watch?v=pzTJlNjTQYY,2026-01-23 08:35
2026-01-23,일렉링크,"전기차동호회-아이오닉5 6 9,EV3 EV4 EV5 EV6 EV9,테슬라모델Y 3",충전기 회사마다 다 가입해야 하나요?,https://cafe.naver.com/allfm01/1947641,2026-01-23 08:34
2026-01-23,일렉링크,★테슬라 [TKC] 모델S 모델3 모델X 모델Y 사이버트럭 FSD 전기차,Sk일렉링크 충전기,https://cafe.naver.com/noljatravel/1484352,2026-01-23 08:34
2026-01-23,일렉링크,★테슬라 [TKC] 모델S 모델3 모델X 모델Y 사이버트럭 FSD 전기차,충전손실이 이런건가요?,https://cafe.naver.com/noljatravel/1484857,2026-01-23 08:34
2026-01-23,일렉링크,"전기차동호회-아이오닉5 6 9,EV3 EV4 EV5 EV6 EV9,테슬라모델Y 3",가장 만족스럽고 또는 최악의 충전회사가 어디이신가요,https://cafe.naver.com/allfm01/1948556,2026-01-23 08:34
2026-01-24,유튜브(영상),[YouTube] 테슬라와 YOUNG,[영상] 테슬라 모델Y RWD 가정용 220V 25년12월 충전요금 (조회수 10회),https://www.youtube.com/watch?v=3Zf4BM1oQj0,2026-01-24 08:35
2026-01-24,채비,"#전기차맛집▶아이오닉5 6 9,테슬라모델3 Y,EV 3 6 9 장기렌트","채비, '테슬라 NACS' 충전기 설치 장소 일부 공개",https://cafe.naver.com/evkoreaplus/62618,2026-01-24 08:35
2026-01-24,채비,[포르쉐 전기차] 타이칸 & 크로스투리스모,#채비(CHAEVI) 충전권 및 충전 카드 관련 사기 주의,https://cafe.naver.com/femmefilm/156363,2026-01-24 08:35
2026-01-24,이브이시스,★BYD 비야디 전기차 공식동호회[BYD 오너스]아토3 씰 씨라이언7,충전시 오류 6건 서비스센터 방문,https://cafe.naver.com/rlfnrl2034/2047560,2026-01-24 08:35
2026-01-24,유튜브(영상),[YouTube] 카제로 Carzero,"[영상] 볼보 EX60, 전기 SUV의 새 기준을 제시하다 #볼보EX60 #볼보전기차 #전기SUV #카제로 #automobile (조회수 1387회)",https://www.youtube.com/watch?v=yOkXbOCuBWM,2026-01-24 08:35
2026-01-24,채비,포르쉐 타이칸 동호회 ■ 더타이칸 클럽 ■ 투리스모 전기차,채비 카드 질문!,https://cafe.naver.com/inhelia/29763,2026-01-24 08:34
2026-01-24,일렉링크,★BYD 비야디 전기차 공식동호회[BYD 오너스]아토3 씰 씨라이언7,충전시 오류 6건 서비스센터 방문,https://cafe.naver.com/rlfnrl2034/2047560,2026-01-24 08:33
2026-01-24,일렉링크,"★폴스타 공식 동호회 ★ 볼보 폴스타2, 폴스타3, 4, 5 전기차",오늘 처음으로 고속충전을 함 해보려 시도를 했는데 오류가 나네요ㅠㅠ,https://cafe.naver.com/hamseang/107910,2026-01-24 08:33
2026-01-24,일렉링크,"전기차동호회-아이오닉5 6 9,EV3 EV4 EV5 EV6 EV9,테슬라모델Y 3",충전관련 문의드려요,https://cafe.naver.com/allfm01/1949108,2026-01-24 08:33
2026-01-24,일렉링크,"전기차동호회-아이오닉5 6 9,EV3 EV4 EV5 EV6 EV9,테슬라모델Y 3",충전양이 좀 이상한데 왜 이럴까요.,https://cafe.naver.com/allfm01/1949092,2026-01-24 08:33
2026-01-25,유튜브(영상),[YouTube] Soka Technology,[영상] 삼성의 전기차용 1000볼트 혁신 (조회수 860회),https://www.youtube.com/watch?v=sUFd0YyRijM,2026-01-25 08:32
2026-01-25,유튜브(영상),[YouTube] BMW 뉴스 이민권,"[영상] BMW 전기차 AC/DC 충전 차이, 30초 만에 끝내기 ⚡ (조회수 1332회)",https://www.youtube.com/watch?v=Gtplzd6fXTs,2026-01-25 08:32
2026-01-25,이브이시스,"전기차동호회-아이오닉5 6 9,EV3 EV4 EV5 EV6 EV9,테슬라모델Y 3",완속 충전 금액이 올랐네요,https://cafe.naver.com/allfm01/1949814,2026-01-25 08:32
2026-01-25,채비,"전기차동호회-아이오닉5 6 9,EV3 EV4 EV5 EV6 EV9,테슬라모델Y 3",채비 급속충전 충전속도 질문드려요.,https://cafe.naver.com/allfm01/1950105,2026-01-25 08:32
2026-01-25,일렉링크,★테슬라 [TKC] 모델S 모델3 모델X 모델Y 사이버트럭 FSD 전기차,sk일렉링크 41500점 31000원,https://cafe.naver.com/noljatravel/1487701,2026-01-25 08:31
2026-01-25,일렉링크,★테슬라 [TKC] 모델S 모델3 모델X 모델Y 사이버트럭 FSD 전기차,충전 힘드네요,https://cafe.naver.com/noljatravel/1487556,2026-01-25 08:31
2026-01-25,일렉링크,★테슬라 [TKC] 모델S 모델3 모델X 모델Y 사이버트럭 FSD 전기차,오늘도 350kw 놔두고 200 에 물리는 ev6 유저,https://cafe.naver.com/noljatravel/1487416,2026-01-25 08:31
2026-01-26,유튜브(영상),[YouTube] 갓지은 BYD,[영상] [4K]4천만원대 수입전기차 다 잡는다 BYD 씰! (조회수 70회),https://www.youtube.com/watch?v=gKfXw1vzbJE,2026-01-26 08:33
2026-01-26,이브이시스,★테슬라 [TKC] 모델S 모델3 모델X 모델Y 사이버트럭 FSD 전기차,EVdance(dc콤보 어뎁터) 반품후기,https://cafe.naver.com/noljatravel/1488607,2026-01-26 08:33
2026-01-26,유튜브(영상),[YouTube] 매운맛 경제학,"[영상] ""2026년 아파트 관리비 폭탄 피하는 법: 옆집보다 10만 원 더 나오는 5가지 이유"" (조회수 28회)",https://www.youtube.com/watch?v=zcsia5LmpBA,2026-01-26 08:33
2026-01-26,일렉링크,★테슬라 [TKC] 모델S 모델3 모델X 모델Y 사이버트럭 FSD 전기차,EVdance(dc콤보 어뎁터) 반품후기,https://cafe.naver.com/noljatravel/1488607,2026-01-26 08:31
2026-01-26,일렉링크,★테슬라 [TKC] 모델S 모델3 모델X 모델Y 사이버트럭 FSD 전기차,일렉링크 87000 > 66000,https://cafe.naver.com/noljatravel/1488918,2026-01-26 08:31
2026-01-26,일렉링크,"전기차동호회-아이오닉5 6 9,EV3 EV4 EV5 EV6 EV9,테슬라모델Y 3",Sk일렉링크 마일리지,https://cafe.naver.com/allfm01/1950783,2026-01-26 08:31
2026-01-26,일렉링크,"전기차동호회-아이오닉5 6 9,EV3 EV4 EV5 EV6 EV9,테슬라모델Y 3",일렉링크..,https://cafe.naver.com/allfm01/1950829,2026-01-26 08:31
2026-01-26,일렉링크,★테슬라 [TKC] 모델S 모델3 모델X 모델Y 사이버트럭 FSD 전기차,sk일렉링크,https://cafe.naver.com/noljatravel/1489270,2026-01-26 08:31
2026-01-26,일렉링크,★테슬라 [TKC] 모델S 모델3 모델X 모델Y 사이버트럭 FSD 전기차,Sk일렉링크,https://cafe.naver.com/noljatravel/1489333,2026-01-26 08:31
2026-01-27,유튜브(영상),[YouTube] EPI 전기차충전기,[영상] BYD 씨라이언7 직접 타봤습니다｜가격·판매·충전 솔직 정리 (조회수 1742회),https://www.youtube.com/watch?v=eb45KTZkW6Q,2026-01-27 08:36
2026-01-27,유튜브(영상),[YouTube] 아이엠EV,[영상] 2026년 전기 화물차 보조금 OPEN! 1천만원대 1t 전기차 빠르게 챙겨가세요!! (조회수 49회),https://www.youtube.com/watch?v=R2kltDbgwt0,2026-01-27 08:36
2026-01-27,일렉링크,★테슬라 [TKC] 모델S 모델3 모델X 모델Y 사이버트럭 FSD 전기차,혹시 지금 SK일렉링크 접속 되나요?,https://cafe.naver.com/noljatravel/1491014,2026-01-27 08:35
2026-01-28,유튜브(영상),[YouTube] 손해보기 전 뉴스,"[영상] 아파트 완속 단가, 모르면 매달 손해   #전기차 #완속충전 #충전요금 #아파트주차장 #생활비절약 #kWh단가 (조회수 324회)",https://www.youtube.com/watch?v=z3EyOG9RVs0,2026-01-28 08:36
2026-01-28,유튜브(영상),[YouTube] 수용,[영상] 테슬라 주니퍼 완속충전하기 #테슬라 #주니퍼 #충전 #오토파일럿 #fsd #자율주행 #화이트인테리어 #자동차 #전기차 #휸남 (조회수 6504회),https://www.youtube.com/watch?v=_kUxV0Q4Z10,2026-01-28 08:36
2026-01-28,유튜브(영상),[YouTube] 오드라이브 - 세상의 모든 자동차 이야기,[영상] 테슬라 초보를 위한 필수 영상 - 테슬라 모델Y 주니퍼 문 열기부터 충전까지 (조회수 15045회),https://www.youtube.com/watch?v=5AK9S3niLTk,2026-01-28 08:36
2026-01-28,이브이시스,"전기차동호회-아이오닉5 6 9,EV3 EV4 EV5 EV6 EV9,테슬라모델Y 3",단독주택 충전기 롯데제품 어떤가요??,https://cafe.naver.com/allfm01/1953487,2026-01-28 08:35
2026-01-28,채비,★테슬라 [TKC] 모델S 모델3 모델X 모델Y 사이버트럭 FSD 전기차,아우디 채비 충전카드,https://cafe.naver.com/noljatravel/1492651,2026-01-28 08:35
2026-01-28,일렉링크,★테슬라 [TKC] 모델S 모델3 모델X 모델Y 사이버트럭 FSD 전기차,일렉링크 45100 포인트,https://cafe.naver.com/noljatravel/1493574,2026-01-28 08:34
2026-01-28,일렉링크,"전기차동호회-아이오닉5 6 9,EV3 EV4 EV5 EV6 EV9,테슬라모델Y 3",쉐보레 볼트euv 급속 충전 문제 문의드립니다.,https://cafe.naver.com/allfm01/1953244,2026-01-28 08:34
2026-01-28,일렉링크,★ 아이오닉 공식 동호회 [아이오닉 멤버스] 아이오닉 5 6 7 9 N,안녕하세요 로밍궁금한게잇는데여,https://cafe.naver.com/cafeclip/1294309,2026-01-28 08:34
2026-01-29,유튜브(영상),[YouTube] 하카오토,[영상] 2026전기차시장경쟁 EV트렌드 렌트 전기차리스 장기렌트 현대EV 코나일렉트릭 @아이오닉5장기렌트 아이오닉6장기렌트 코나일렉트릭장기렌트 @아이오닉5리스 @아이오닉6리스 (조회수 970회),https://www.youtube.com/watch?v=JleT1TrUJwQ,2026-01-29 08:40
2026-01-29,유튜브(영상),[YouTube] 하카오토,[영상] 볼보신형 전기차 EX60 공개! (조회수 1023회),https://www.youtube.com/watch?v=hxn0DXk4dbs,2026-01-29 08:40
2026-01-29,유튜브(영상),[YouTube] 수용,[영상] 테슬라주니퍼야간고속도로오토파일럿 #테슬라#주니퍼#자율주행#fsd#오토파일럿#고속도로#전기차#수퍼차저#완속충전#급속충전#dc콤보#제로백#자동차#여행#바다#맛집 #드라이브#캠핑 #차박 (조회수 20회),https://www.youtube.com/watch?v=LBOOVZr1YnY,2026-01-29 08:40
2026-01-29,일렉링크,"전기차동호회-아이오닉5 6 9,EV3 EV4 EV5 EV6 EV9,테슬라모델Y 3",일렉링크 언제 이렇게 올랐나요,https://cafe.naver.com/allfm01/1953649,2026-01-29 08:39
2026-01-29,일렉링크,"전기차동호회-아이오닉5 6 9,EV3 EV4 EV5 EV6 EV9,테슬라모델Y 3",고속도로 충전기 질문 있습니다.,https://cafe.naver.com/allfm01/1954306,2026-01-29 08:39
2026-01-29,일렉링크,★BYD 비야디 전기차 공식동호회[BYD 오너스]아토3 씰 씨라이언7,아토3 고속도로 급속충전 안되나요?,https://cafe.naver.com/rlfnrl2034/2049151,2026-01-29 08:39
2026-01-30,유튜브(영상),[YouTube] 수용,[영상] 테슬라 주니퍼 악세사리 소개영상❤️(어색주의)#테슬라#오토파일럿#자율주행#fsd#화이트인테리어#알리익스프레스#자동차#전기차#수퍼차저#완속충전#급속충전#차박#캠핑#썬팅#틴팅#ppf (조회수 10회),https://www.youtube.com/watch?v=cV3KL2rVeFs,2026-01-30 08:41
2026-01-30,유튜브(영상),[YouTube] 티쓰리,[영상] 현대차 주가 16% 폭등의 비밀? 연봉 1억 킹산직이 월급 180만원으로 추락한 충격적인 이유 (조회수 12회),https://www.youtube.com/watch?v=40o8S4oixRY,2026-01-30 08:41
2026-01-30,유튜브(영상),[YouTube] 기후에너지환경부,"[영상] 2026 전기차 정책, 무엇이 달라질까? 보조금부터 충전기까지, 속 시원히 다 털어 드립니다! (조회수 26회)",https://www.youtube.com/watch?v=McQHr2hyn7s,2026-01-30 08:41
2026-01-30,유튜브(영상),[YouTube] 수용,[영상] 테슬라DC콤보.급속충전 어뎁터 언박싱 #테슬라#오토파일럿#자율주행#fsd#화이트인테리어#알리익스프레스#자동차#전기차#수퍼차저#완속충전#급속충전#차박#캠핑#썬팅#틴팅#ppf#정품 (조회수 1390회),https://www.youtube.com/watch?v=7hWOyR1DI7s,2026-01-30 08:41
2026-01-30,채비,포르쉐 타이칸 동호회 ■ 더타이칸 클럽 ■ 투리스모 전기차,채비카드,https://cafe.naver.com/inhelia/29962,2026-01-30 08:41
2026-01-30,일렉링크,★테슬라 [TKC] 모델S 모델3 모델X 모델Y 사이버트럭 FSD 전기차,고속도로 휴게소 dc콤보..,https://cafe.naver.com/noljatravel/1497049,2026-01-30 08:40
2026-01-31,유튜브(영상),[YouTube] 2분주식,[영상] PBR 0.46배? 청산가치 절반! 외국인이 9일 연속 쓸어담는 '이 종목' (SK네트웍스) (조회수 22회),https://www.youtube.com/watch?v=VPnkFIfHbYc,2026-01-31 08:40
2026-01-31,유튜브(영상),[YouTube] 채비,"[영상] 급속 충전 VS 완속 충전, 배터리에 더 안전한 건? | 올댓EV #1 (조회수 242회)",https://www.youtube.com/watch?v=vrg2bImSNlI,2026-01-31 08:40
2026-01-31,유튜브(영상),[YouTube] 수용,[영상] ⛰️부산 황령산 낮드라이브 테슬라 주니퍼를 타고 오토파일럿🚘#테슬라#오토파일럿#자율주행#fsd#화이트인테리어#자동차#전기차#수퍼차저#드라이브 (조회수 1236회),https://www.youtube.com/watch?v=sA01imtPxQU,2026-01-31 08:40
2026-01-31,유튜브(영상),[YouTube] 수용,[영상] 테슬라 주니퍼 DC콤보로 일반충전소 급속충전#테슬라#오토파일럿#자율주행#fsd#화이트인테리어#자동차#전기차 (조회수 1336회),https://www.youtube.com/watch?v=xHtMdqW-zok,2026-01-31 08:40
2026-01-31,유튜브(영상),[YouTube] 김성환TV,"[영상] 이재명 정부의 전기차 보급 정책, 김성환 기후부 장관이 다 알려드림! #shorts (조회수 6605회)",https://www.youtube.com/watch?v=2_pStgCn5B8,2026-01-31 08:40
2026-01-31,이브이시스,★BYD 비야디 전기차 공식동호회[BYD 오너스]아토3 씰 씨라이언7,오늘도 급속(50~100) 충전 실패,https://cafe.naver.com/rlfnrl2034/2049874,2026-01-31 08:40
2026-01-31,채비,"전기차동호회-아이오닉5 6 9,EV3 EV4 EV5 EV6 EV9,테슬라모델Y 3",채비 집밥 설치했습니다!!,https://cafe.naver.com/allfm01/1956997,2026-01-31 08:40
2026-01-31,일렉링크,★테슬라 [TKC] 모델S 모델3 모델X 모델Y 사이버트럭 FSD 전기차,충전 오류?,https://cafe.naver.com/noljatravel/1497603,2026-01-31 08:38
2026-01-31,일렉링크,"전기차동호회-아이오닉5 6 9,EV3 EV4 EV5 EV6 EV9,테슬라모델Y 3",고속도로 충전소.. 부족하네요,https://cafe.naver.com/allfm01/1956798,2026-01-31 08:38
2026-02-01,유튜브(영상),[YouTube] MoBetter,[영상] 전기차 차주 90%가 실수하는 배터리 관리 습관 #전기차 #배터리관리 #전기차꿀팁 #LFP #NCM #전기차수명 #중고차 #자동차상식 #자동차관리 #전기차충전 #완속충전 #급속충전 (조회수 869회),https://www.youtube.com/watch?v=ZIFeH0VkdZI,2026-02-01 08:37
2026-02-01,이브이시스,★테슬라 [TKC] 모델S 모델3 모델X 모델Y 사이버트럭 FSD 전기차,20년식 DC 콤보 영하에서 오류나는거 개선된건가요?,https://cafe.naver.com/noljatravel/1499048,2026-02-01 08:37
2026-02-01,이브이시스,★BYD 비야디 전기차 공식동호회[BYD 오너스]아토3 씰 씨라이언7,결국 장거리 운행 중 급속충전 실패,https://cafe.naver.com/rlfnrl2034/2050310,2026-02-01 08:37
2026-02-01,채비,포르쉐 타이칸 동호회 ■ 더타이칸 클럽 ■ 투리스모 전기차,채비카드 사고 싶습니다45만,https://cafe.naver.com/inhelia/30040,2026-02-01 08:36
2026-02-01,유튜브(영상),[YouTube] 티쓰리,[영상] 테슬라어닝콜 생중계 분석 | 일론머스크가 직접 밝힌 로보택시 현황과 FSD 구독제 전환 이유 (조회수 15회),https://www.youtube.com/watch?v=sqfHlLkIZE8,2026-02-01 08:37
2026-02-01,일렉링크,★BYD 비야디 전기차 공식동호회[BYD 오너스]아토3 씰 씨라이언7,결국 장거리 운행 중 급속충전 실패,https://cafe.naver.com/rlfnrl2034/2050310,2026-02-01 08:35
2026-02-01,일렉링크,"전기차동호회-아이오닉5 6 9,EV3 EV4 EV5 EV6 EV9,테슬라모델Y 3",일렉링크3.5만원,https://cafe.naver.com/allfm01/1957581,2026-02-01 08:35
2026-02-01,일렉링크,"전기차동호회-아이오닉5 6 9,EV3 EV4 EV5 EV6 EV9,테슬라모델Y 3",sk일렉링크 포인트45000점 35000원,https://cafe.naver.com/allfm01/1957473,2026-02-01 08:35
2026-02-01,워터,★BYD 비야디 전기차 공식동호회[BYD 오너스]아토3 씰 씨라이언7,출고후 첫 워터 350 급속경험했네요,https://cafe.naver.com/rlfnrl2034/2050324,2026-02-01 08:36
2026-02-02,유튜브(영상),[YouTube] 티쓰리,[영상] 테슬라 테슬라 어닝콜 생중계 분석 | 일론머스크가 직접 밝힌 로보택시 현황과 FSD 구독제 전환 이유 (조회수 16회),https://www.youtube.com/watch?v=K9V4sqLWJHM,2026-02-02 08:40
2026-02-02,유튜브(영상),[YouTube] 수용Tv,[영상] 거가대교에서 오토파일럿?도전#테슬라#오토파일럿#자율주행#fsd#화이트인테리어#자동차#전기차#여행#드라이브 (조회수 24회),https://www.youtube.com/watch?v=e6UU82ELhaA,2026-02-02 08:40
2026-02-02,유튜브(영상),[YouTube] 오름주식TV,[영상] [LS머트리얼즈 주가전망] 미국 전기차 급속 충전 스테이션 구축용 고출력 커패시터 수출 물량 (조회수 161회),https://www.youtube.com/watch?v=oEn71eaxprs,2026-02-02 08:40
2026-02-02,유튜브(영상),[YouTube] 티쓰리,[영상] 테슬라 테슬라가 드디어 미쳤다! 직접 만드는 자동화 기능 출시 예고에 전세계 발칵 (조회수 398회),https://www.youtube.com/watch?v=CXQ8YT6I-RU,2026-02-02 08:40
2026-02-02,이브이시스,"전기차동호회-아이오닉5 6 9,EV3 EV4 EV5 EV6 EV9,테슬라모델Y 3",일렉베리 타임특가 > 이브이시스 nfc 로밍불가 어떻게해야하나요?,https://cafe.naver.com/allfm01/1958112,2026-02-02 08:40
2026-02-02,유튜브(영상),[YouTube] 티쓰리,[영상] 테슬라 테슬라 어닝 분석 | 일론머스크가 직접 밝힌 로보택시 현황과 FSD  전환 이유 (조회수 10회),https://www.youtube.com/watch?v=fU_16wuvvU4,2026-02-02 08:40
2026-02-02,채비,포르쉐 마칸 동호회 ● 마칸 클럽 ● EV S 4S GTS 터보 전기차,타이칸 카페 보니까 조립카랑 채비카드 같은것도 주던데..,https://cafe.naver.com/theporschemacan/26765,2026-02-02 08:40
2026-02-02,채비,포르쉐 타이칸 동호회 ■ 더타이칸 클럽 ■ 투리스모 전기차,채비카드 제휴 충전 사업소?,https://cafe.naver.com/inhelia/30059,2026-02-02 08:40
2026-02-02,채비,★테슬라 [TKC] 모델S 모델3 모델X 모델Y 사이버트럭 FSD 전기차,쏠쏠한 2월 충전 이벤트; 이지차저(시간대 할인) & 채비(시간대 포인트 추가지급),https://cafe.naver.com/noljatravel/1500879,2026-02-02 08:40
2026-02-02,일렉링크,『 아우디 e트론 공식 카페 』 아우디 이트론 Q4 Q6 A6 전기차,급속 충전 속도가 너무 안나오네요,https://cafe.naver.com/qkffks1/29187,2026-02-02 08:38
2026-02-02,채비,포르쉐 타이칸 동호회 ■ 더타이칸 클럽 ■ 투리스모 전기차,미사용 채비 카드,https://cafe.naver.com/inhelia/30056,2026-02-02 08:40
2026-02-03,유튜브(영상),[YouTube] 티쓰리,[영상] 테슬라어닝콜 생중계 분석 | 일론머스크가 직접 밝힌 로보택시 현황과 FSD  전환 이유 (조회수 964회),https://www.youtube.com/watch?v=jsxMWsCAfiM,2026-02-03 08:45
2026-02-03,유튜브(영상),[YouTube] 채비,"[영상] 전기차 '5분 충전'시대, *채비* MCS (조회수 1299회)",https://www.youtube.com/watch?v=P0Ns3ZgZnFI,2026-02-03 08:45
2026-02-03,유튜브(영상),[YouTube] BMW 공식 딜러 도이치 모터스,"[영상] [CHARGING] 전기차 충전, 오해와 이해 사이 (조회수 3953회)",https://www.youtube.com/watch?v=wT8BBFjVVWc,2026-02-03 08:45
2026-02-03,채비,클럽 테슬라 [Club Tesla] 모델S 모델3 모델X 모델Y RWD,아파트 충전(채비),https://cafe.naver.com/foryoucom/376419,2026-02-03 08:44
2026-02-03,채비,"전기차동호회-아이오닉5 6 9,EV3 EV4 EV5 EV6 EV9,테슬라모델Y 3",충전구독 채비 Sk evsis 등등 문의드립니다,https://cafe.naver.com/allfm01/1959673,2026-02-03 08:44
2026-02-03,일렉링크,★테슬라 [TKC] 모델S 모델3 모델X 모델Y 사이버트럭 FSD 전기차,충전 요새 싸게 어떻게 하시나요?,https://cafe.naver.com/noljatravel/1502081,2026-02-03 08:43
2026-02-03,일렉링크,★테슬라 [TKC] 모델S 모델3 모델X 모델Y 사이버트럭 FSD 전기차,SK 일렉링크 63157 포인트 49000원,https://cafe.naver.com/noljatravel/1501929,2026-02-03 08:43
2026-02-03,일렉링크,★BYD 비야디 전기차 공식동호회[BYD 오너스]아토3 씰 씨라이언7,급속충전 오늘도 실패 내일은 기필코 서비스센터 조치 확인해볼려 합니다.,https://cafe.naver.com/rlfnrl2034/2050885,2026-02-03 08:43
2026-02-03,일렉링크,★ 캐스퍼ev 전기차 공식 동호회 [캐스퍼 일렉트릭 클럽] 보조금,완속 충전이 자꾸 중단됩니다.,https://cafe.naver.com/lastchaos2/393811,2026-02-03 08:43
2026-02-03,일렉링크,『 아우디 e트론 공식 카페 』 아우디 이트론 Q4 Q6 A6 전기차,충전 시스템 오작동.. 정확한 이유라도..,https://cafe.naver.com/qkffks1/29195,2026-02-03 08:43
2026-02-03,일렉링크,★테슬라 [TKC] 모델S 모델3 모델X 모델Y 사이버트럭 FSD 전기차,휴게소 급속 충전.. 잡담,https://cafe.naver.com/noljatravel/1501727,2026-02-03 08:43
2026-02-04,유튜브(영상),[YouTube] 티쓰리,[영상] 테슬라 테슬라 어닝콜 생중계 분석 | 일론머스크가 직접 밝힌 로보택시 현황과 FSD 구독제 전환 이유 (조회수 627회),https://www.youtube.com/watch?v=f2uOpPK1MZU,2026-02-04 08:43
2026-02-04,유튜브(영상),[YouTube] 전귀촤EV,[영상] 2026 마사다 사전계약 특별프로모션!!! #마사다 #택배 #쿠팡 #퀵플렉스 #탑차 #포터 #세종택배차 #택배전기차 #전기화물 #전기승합 #파주  #충전기제공 #배터리 #봉고 (조회수 1379회),https://www.youtube.com/watch?v=MxeKMO9S1Xw,2026-02-04 08:43
2026-02-04,채비,★테슬라 [TKC] 모델S 모델3 모델X 모델Y 사이버트럭 FSD 전기차,채비맴버십문의,https://cafe.naver.com/noljatravel/1504515,2026-02-04 08:42
2026-02-04,일렉링크,"전기차동호회-아이오닉5 6 9,EV3 EV4 EV5 EV6 EV9,테슬라모델Y 3","인천 <-> 부산 장거리 여행을 준비중인데, 중간 충전소가 있을까요?",https://cafe.naver.com/allfm01/1960036,2026-02-04 08:41
2026-02-04,일렉링크,"전기차동호회-아이오닉5 6 9,EV3 EV4 EV5 EV6 EV9,테슬라모델Y 3",Sk일렉링크 한국도로공사지사 가격인상,https://cafe.naver.com/allfm01/1960337,2026-02-04 08:41
2026-02-04,일렉링크,"전기차동호회-아이오닉5 6 9,EV3 EV4 EV5 EV6 EV9,테슬라모델Y 3",충전 구독 요금제 사용하시는 분 계신가요?,https://cafe.naver.com/allfm01/1960446,2026-02-04 08:41
2026-02-04,일렉링크,"전기차동호회-아이오닉5 6 9,EV3 EV4 EV5 EV6 EV9,테슬라모델Y 3",고속도로휴게소 sk일렉링크 럭키패스 시행인가요?,https://cafe.naver.com/allfm01/1960768,2026-02-04 08:41
2026-02-04,일렉링크,★테슬라 [TKC] 모델S 모델3 모델X 모델Y 사이버트럭 FSD 전기차,일렉링크 도로공사 이벤트 종료...,https://cafe.naver.com/noljatravel/1504056,2026-02-04 08:41
2026-02-04,일렉링크,★테슬라 [TKC] 모델S 모델3 모델X 모델Y 사이버트럭 FSD 전기차,SK일렉링크 포인트,https://cafe.naver.com/noljatravel/1504279,2026-02-04 08:41
2026-02-05,이브이시스,『 아우디 e트론 공식 카페 』 아우디 이트론 Q4 Q6 A6 전기차,집밥 설치 대영채비 vs 롯데 EVSIS,https://cafe.naver.com/qkffks1/29236,2026-02-05 08:44
2026-02-05,유튜브(영상),[YouTube] Powerline Garage ,"[영상] ⭐ 5,547만 원 실화? 기아 PV7 롱레인지 실주행 후 충격적인 평가🔥 (조회수 25회)",https://www.youtube.com/watch?v=-t3L-6GLqk4,2026-02-05 08:44
2026-02-05,유튜브(영상),[YouTube] 경욱이형 전기차 상담소,[영상] 집밥 없으면 전기차 못산다구요? (조회수 1355회),https://www.youtube.com/watch?v=IZkHOaZBK2s,2026-02-05 08:44
2026-02-05,유튜브(영상),[YouTube] 1분경제Zip,[영상] 휴게소 라면 먹기 전에 충전 끝! ⚡ 10분 완충 가능케 한 '이 소재' | 1분경제Zip (조회수 1123회),https://www.youtube.com/watch?v=HTE4mwJXupw,2026-02-05 08:44
2026-02-05,채비,"전기차동호회-아이오닉5 6 9,EV3 EV4 EV5 EV6 EV9,테슬라모델Y 3",집에 충전소 설치 대영채비 vs 롯데이비시스,https://cafe.naver.com/allfm01/1961866,2026-02-05 08:43
2026-02-05,이브이시스,"전기차동호회-아이오닉5 6 9,EV3 EV4 EV5 EV6 EV9,테슬라모델Y 3",집에 충전소 설치 대영채비 vs 롯데이비시스,https://cafe.naver.com/allfm01/1961866,2026-02-05 08:44
2026-02-05,채비,『 아우디 e트론 공식 카페 』 아우디 이트론 Q4 Q6 A6 전기차,집밥 설치 대영채비 vs 롯데 EVSIS,https://cafe.naver.com/qkffks1/29236,2026-02-05 08:43
2026-02-05,채비,포르쉐 타이칸 동호회 ■ 더타이칸 클럽 ■ 투리스모 전기차,채비카드 질문,https://cafe.naver.com/inhelia/30182,2026-02-05 08:43
2026-02-05,일렉링크,"전기차동호회-아이오닉5 6 9,EV3 EV4 EV5 EV6 EV9,테슬라모델Y 3","일렉링크 45,000포인트",https://cafe.naver.com/allfm01/1961483,2026-02-05 08:42
2026-02-05,일렉링크,★테슬라 [TKC] 모델S 모델3 모델X 모델Y 사이버트럭 FSD 전기차,내일 차가 나오는데 충전 뭘로 해야 되는지 이해가 ...잘 안됩니다..ㅎ,https://cafe.naver.com/noljatravel/1505778,2026-02-05 08:42
2026-02-05,일렉링크,★테슬라 [TKC] 모델S 모델3 모델X 모델Y 사이버트럭 FSD 전기차,sk일렉링크 10만원 ---> 8만원,https://cafe.naver.com/noljatravel/1505837,2026-02-05 08:42
2026-02-06,채비,포르쉐 타이칸 동호회 ■ 더타이칸 클럽 ■ 투리스모 전기차,채비 카드,https://cafe.naver.com/inhelia/30226,2026-02-06 08:38
2026-02-06,유튜브(영상),[YouTube] 티쓰리,[영상] 테슬라가 또 판을 뒤집었다! 4만불대 모델Y D 깜짝 출시에 전세계 발칵 (조회수 958회),https://www.youtube.com/watch?v=mQXJpQNEomk,2026-02-06 08:39
2026-02-06,채비,"전기차동호회-아이오닉5 6 9,EV3 EV4 EV5 EV6 EV9,테슬라모델Y 3",LG 유플러스 볼트업 충전기에 대영채비 카드 로밍 될까요,https://cafe.naver.com/allfm01/1963393,2026-02-06 08:38
2026-02-06,유튜브(영상),[YouTube] 이프로,[영상] BYD 돌핀 주행거리 도심에서는 충분합니다! #BYD #돌핀 #전기차 #youtube #shorts (조회수 642회),https://www.youtube.com/watch?v=XTg14TENv4A,2026-02-06 08:39
2026-02-06,워터,★테슬라 [TKC] 모델S 모델3 모델X 모델Y 사이버트럭 FSD 전기차,하남에서 진도쏠비치 놀러가는데 가는길에 슈퍼차저나 워터있을까요,https://cafe.naver.com/noljatravel/1508133,2026-02-06 08:38
2026-02-06,일렉링크,★테슬라 [TKC] 모델S 모델3 모델X 모델Y 사이버트럭 FSD 전기차,고속도로 일렉링크 200w 충전속도... 안습이네요,https://cafe.naver.com/noljatravel/1508369,2026-02-06 08:37
2026-02-06,일렉링크,★테슬라 [TKC] 모델S 모델3 모델X 모델Y 사이버트럭 FSD 전기차,시그넷 200w nacs 충전속도,https://cafe.naver.com/noljatravel/1508387,2026-02-06 08:37
2026-02-06,일렉링크,★SEXY TESLA★ 테슬라 비영리 전기차 카페(모델3 모델Y 모델SX),금산인삼랜드 하행선 NACS,https://cafe.naver.com/sexytesla/21825,2026-02-06 08:37
2026-02-06,워터,현대 [ 아이오닉9 오너스 ] 동호회,안동 휴개소 워터350kw,https://cafe.naver.com/ioniq9owners/14163,2026-02-06 08:38
2026-02-07,채비,★테슬라 [TKC] 모델S 모델3 모델X 모델Y 사이버트럭 FSD 전기차,고속도로 휴게소 채비 충전소 찾기 힘드네요,https://cafe.naver.com/noljatravel/1508985,2026-02-07 08:41
2026-02-07,유튜브(영상),[YouTube] 경욱이형 전기차 상담소,[영상] 급속충전 왜 80%에서 끊을까? (조회수 1451회),https://www.youtube.com/watch?v=iUoghaYD9mY,2026-02-07 08:41
2026-02-07,유튜브(영상),[YouTube] 코리아펀치,[영상] “전기차가 더 비싸다” 한국 전기차 연료비 붕괴의 진짜 이유 (조회수 20회),https://www.youtube.com/watch?v=uNQUYLv9fh4,2026-02-07 08:41
2026-02-07,유튜브(영상),[YouTube] 지커 코리아,[영상] Extreme : Safety | 지커 9X 하오한 AI 디지털 섀시 강풍 관통 테스트 (조회수 73회),https://www.youtube.com/watch?v=qUdoOEH2IZs,2026-02-07 08:41
2026-02-07,유튜브(영상),[YouTube] 티쓰리,[영상] 테슬라  테슬라  4세대 텍사스 공장 확정! 프리몬트는 징검다리였다 (조회수 10회),https://www.youtube.com/watch?v=csWXkbG4mOQ,2026-02-07 08:41
2026-02-07,유튜브(영상),[YouTube] 티쓰리,[영상] 테슬라  테슬라 옵티머스 4세대 텍사스 공장 확정!  징검다리였다 (조회수 1342회),https://www.youtube.com/watch?v=Cku2nvf7CLM,2026-02-07 08:41
2026-02-07,일렉링크,★현대 아이오닉9 공식 동호회-아이오닉9 클럽 [나인클] 보조금,Sk 일렉링크 관련~,https://cafe.naver.com/optimusex119/205428,2026-02-07 08:40
2026-02-07,일렉링크,★BYD 비야디 전기차 공식동호회[BYD 오너스]아토3 씰 씨라이언7,씨라 급속 튕기는현상...ㅜ,https://cafe.naver.com/rlfnrl2034/2052744,2026-02-07 08:40
2026-02-08,유튜브(영상),[YouTube] 오드라이브 - 세상의 모든 자동차 이야기,[영상] 테슬라 충전 어렵지 않아요｜이거만 알면 끝 (조회수 8019회),https://www.youtube.com/watch?v=KabktptHsYU,2026-02-08 08:48
2026-02-08,유튜브(영상),[YouTube] 티쓰리,"[영상] ""테슬라 이거 진짜냐고요?"" 중국에서 먼저 시작되는 음성인식 혁명, 한국은 언제? (조회수 1568회)",https://www.youtube.com/watch?v=kQPgdEuR8f0,2026-02-08 08:48
2026-02-08,유튜브(영상),[YouTube] 티쓰리,[영상] 테슬라가 또 판을 뒤집었다! 4만불대 모델Y AWD 깜짝 출시에 전세계 발칵 (조회수 1450회),https://www.youtube.com/watch?v=ew6GxWq897Q,2026-02-08 08:48
2026-02-08,유튜브(영상),[YouTube] 티쓰리,"[영상] ""테슬라 이거 진짜냐고요?"" 중국에서 먼저 시작되는 음성인식 혁명, 한국은 언제? (조회수 1181회)",https://www.youtube.com/watch?v=lXiVxcntCic,2026-02-08 08:48
2026-02-08,유튜브(영상),[YouTube] 하카오토,[영상] 2026년 보조금 완벽정리!! 차종별 국산차 수입차 확인하세요! (조회수 1180회),https://www.youtube.com/watch?v=6K75QOhq7kM,2026-02-08 08:48
2026-02-08,유튜브(영상),[YouTube] 티쓰리,"[영상] ""테슬라 이거 진짜냐고요?"" 중국에서 먼저 시작되는 음성인식 혁명, 한국은 언제? (조회수 1166회)",https://www.youtube.com/watch?v=j7UpVBZA-5Y,2026-02-08 08:48
2026-02-08,유튜브(영상),[YouTube] 티쓰리,"[영상] ""테슬라 이거 진짜냐고요?"" 중국에서 먼저 시작되는 음성인식 혁명, 한국은 언제? (조회수 1016회)",https://www.youtube.com/watch?v=ViPSkAYUPUA,2026-02-08 08:48
2026-02-08,유튜브(영상),[YouTube] 티쓰리,"[영상] ""테슬라 이거 진짜냐고요?"" 중국에서 먼저 시작되는 음성인식 혁명, 한국은 언제? (조회수 1085회)",https://www.youtube.com/watch?v=MvEQILUgZ58,2026-02-08 08:48
2026-02-08,유튜브(영상),[YouTube] 가비가비,[영상] 니로 전기차 SG2 급속충전 (조회수 1056회),https://www.youtube.com/watch?v=vIwidDkYias,2026-02-08 08:48
2026-02-08,유튜브(영상),[YouTube] 티쓰리,"[영상] ""테슬라 이거 진짜냐고요?"" 중국에서  시작되는 음성인식 혁명, 한국은 언제? (조회수 1050회)",https://www.youtube.com/watch?v=i86VwjHdZWY,2026-02-08 08:48
2026-02-08,유튜브(영상),[YouTube] 티쓰리,"[영상] ""테슬라 이거 진짜냐고요?"" 중국에서   음성인식 혁명, 한국은 언제? (조회수 966회)",https://www.youtube.com/watch?v=N0W3ARWnnjY,2026-02-08 08:48
2026-02-08,유튜브(영상),[YouTube] 티쓰리,[영상] 테슬라가 또 판을 뒤집었다! 4만불대 모델Y AWD 깜짝 출시에 전세계 발칵 (조회수 10회),https://www.youtube.com/watch?v=UnqrBglr5ic,2026-02-08 08:48
2026-02-08,유튜브(영상),[YouTube] 안녕형들,[영상] 전기차 태양광 충전 실제로 써봤습니다 (조회수 17023회),https://www.youtube.com/watch?v=FsWwHm-cVOg,2026-02-08 08:48
2026-02-08,유튜브(영상),[YouTube] 티쓰리,"[영상] ""테슬라 이거 ?"" 중국에서 먼저 시작되는 음성인식 혁명, 한국은 언제? (조회수 1120회)",https://www.youtube.com/watch?v=UuyPryuF5lw,2026-02-08 08:48
2026-02-08,일렉링크,★ 아이오닉 공식 동호회 [아이오닉 멤버스] 아이오닉 5 6 7 9 N,도공 SK일렉링크 가격 올랐네요;;;,https://cafe.naver.com/cafeclip/1295644,2026-02-08 08:46
2026-02-08,이브이시스,★테슬라 [TKC] 모델S 모델3 모델X 모델Y 사이버트럭 FSD 전기차,고속충전기는 환경부카드로 충전,https://cafe.naver.com/noljatravel/1510315,2026-02-08 08:48
2026-02-08,일렉링크,★ 기아 EV5 공식 동호회 [EV5 클럽] EV5 GT 롱레인지 보조금,SK일렉링크 럭키패스 휴게소 가능해졌네요,https://cafe.naver.com/300200/647349,2026-02-08 08:46
2026-02-08,일렉링크,★테슬라 [TKC] 모델S 모델3 모델X 모델Y 사이버트럭 FSD 전기차,고속충전기는 환경부카드로 충전,https://cafe.naver.com/noljatravel/1510315,2026-02-08 08:46
2026-02-08,일렉링크,★BYD 비야디 전기차 공식동호회[BYD 오너스]아토3 씰 씨라이언7,휴게소 급속 충전 출력 22~45kw,https://cafe.naver.com/rlfnrl2034/2052993,2026-02-08 08:46
2026-02-08,워터,클럽 테슬라 [Club Tesla] 모델S 모델3 모델X 모델Y RWD,워터 Nacs첨 써봤어요!!!,https://cafe.naver.com/foryoucom/376526,2026-02-08 08:47
2026-02-08,채비,포르쉐 타이칸 동호회 ■ 더타이칸 클럽 ■ 투리스모 전기차,채비카드,https://cafe.naver.com/inhelia/30270,2026-02-08 08:47
2026-02-09,유튜브(영상),[YouTube] 티쓰리,[영상] 테슬라가 또 판을 뒤집었다! 4만불대 모델Y AWD 깜짝 출시에 전세계 발칵 (조회수 1359회),https://www.youtube.com/watch?v=tRl9xgopesw,2026-02-09 08:47
2026-02-09,유튜브(영상),[YouTube] 티쓰리,"[영상] ""테슬라 이거 진짜냐고요?"" 중국에서 먼저  음성인식 혁명, 한국은 언제? (조회수 1296회)",https://www.youtube.com/watch?v=LHtF2Po-JjU,2026-02-09 08:47
2026-02-09,유튜브(영상),[YouTube] 티쓰리,"[영상] 테슬라 엄청  스웨덴 노조 대표, X 탈퇴하고 스레드로 갔습니다 (조회수 1264회)",https://www.youtube.com/watch?v=A3zuCF-plkg,2026-02-09 08:47
2026-02-09,유튜브(영상),[YouTube] 티쓰리,"[영상] 테슬라 엄청 싫어하는 스웨덴 노조 대표, X 탈퇴하고 스레드로 갔습니다 (조회수 1236회)",https://www.youtube.com/watch?v=0z090X3w4I8,2026-02-09 08:47
2026-02-09,유튜브(영상),[YouTube] (주)디젤트럭 영업용번호판시세 ,"[영상] 급속충전 늘었는데 왜 더 불편할까, 10번 중 1번은 실패 (조회수 1233회)",https://www.youtube.com/watch?v=G8IFh0ltWlE,2026-02-09 08:47
2026-02-09,유튜브(영상),[YouTube] 카리포트tv,"[영상] [체험기] 1000마력 험머 전기차, 올해 상반기 국내 출시. 'HUMMER EV' 공개. #bmc #hummer #hummerev #험머ev (조회수 87회)",https://www.youtube.com/watch?v=xoG4KzEwOSM,2026-02-09 08:47
2026-02-09,유튜브(영상),[YouTube] 티쓰리,"[영상] 테슬라 엄청 싫어하는 스웨덴 노조 대표, X 탈퇴하고 스레드로 갔습니다 (조회수 1026회)",https://www.youtube.com/watch?v=L7BdkUfkUP0,2026-02-09 08:47
2026-02-09,유튜브(영상),[YouTube] 티쓰리,"[영상] ""테슬라 이거 진짜냐고요?"" 중국에서 먼저 시작되는 음성인식 혁명, 한국은 언제? (조회수 1403회)",https://www.youtube.com/watch?v=NJ1aI-wWfo0,2026-02-09 08:47
2026-02-09,유튜브(영상),[YouTube] 티쓰리,[영상] 이건 진짜 소름이다... 일론 머스크의 천재적인 '법적 방패' 전략 총정리 (조회수 62회),https://www.youtube.com/watch?v=3CwRsJFZbRo,2026-02-09 08:47
2026-02-09,유튜브(영상),[YouTube] 티쓰리,"[영상] ""테슬라 이거 진짜냐고요?"" 중국에서 먼저 시작되는 음성인식 혁명, 한국은 언제? (조회수 12회)",https://www.youtube.com/watch?v=X7WJvvmbJtU,2026-02-09 08:47
2026-02-09,유튜브(영상),[YouTube] 티쓰리,"[영상] 테슬라 엄청 싫어하는 스웨덴 노조 대표, X 탈퇴하고 스레드로 갔습니다 (조회수 40회)",https://www.youtube.com/watch?v=GGnt0Qn8SHg,2026-02-09 08:47
2026-02-09,유튜브(영상),[YouTube] 티쓰리,"[영상] ""테슬라 이거 진짜냐고요?"" 중국에서 먼저 시작되는 음성인식 혁명, 한국은 언제? (조회수 1129회)",https://www.youtube.com/watch?v=LHmo1Mpc8BE,2026-02-09 08:47
2026-02-09,유튜브(영상),[YouTube] 티쓰리,"[영상] ""테슬라 이거 진짜냐고요?"" 중국에서 먼저 시작되는 음성인식 혁명,  언제? (조회수 1487회)",https://www.youtube.com/watch?v=5ltIGlgc7yc,2026-02-09 08:47
2026-02-09,유튜브(영상),[YouTube] 티쓰리,"[영상] ""테슬라 이거 진짜냐고요?"" 중국에서 먼저 시작되는 음성인식 혁명, 한국은 언제? (조회수 1749회)",https://www.youtube.com/watch?v=SuhEJuBcm5M,2026-02-09 08:47
2026-02-09,일렉링크,★전기화물차 EV VAN동호회★ PV5 PBV 쎄아밴 이티밴 마사다밴,충전이 안되네요.,https://cafe.naver.com/cherryu/135927,2026-02-09 08:46
2026-02-09,일렉링크,"전기차동호회-아이오닉5 6 9,EV3 EV4 EV5 EV6 EV9,테슬라모델Y 3","BYD 돌핀 기본형 시승기 - 근거리 주행, 실내외, 충전과 주행거리 등 장단점.",https://cafe.naver.com/allfm01/1966067,2026-02-09 08:46
2026-02-09,일렉링크,현대 [ 아이오닉9 오너스 ] 동호회,일렉링크 포인트도 금방 다 쓰네요,https://cafe.naver.com/ioniq9owners/14440,2026-02-09 08:46
2026-02-09,유튜브(영상),[YouTube] 티쓰리,"[영상] ""테슬라 이거 진짜냐고요?"" 중국에서 먼저 시작되는 음성인식 혁명, 한국은 언제? (조회수 1627회)",https://www.youtube.com/watch?v=g--sve0iRoE,2026-02-09 08:47
2026-02-10,유튜브(영상),[YouTube] 티쓰리,"[영상] ""테슬라 이거 진짜냐고요?"" 먼저 시작되는 음성인식 혁명, 한국은 언제? (조회수 1386회)",https://www.youtube.com/watch?v=h9yLHRn72f4,2026-02-10 08:54
2026-02-10,유튜브(영상),[YouTube] 돈스킬,"[영상] 리튬 배터리 이제 고철 덩어리 됩니다 충전 딱 9분, 휘발유차보다 편한 '꿈의 기술'이 가져올 충격 미래 (조회수 24회)",https://www.youtube.com/watch?v=5PbWQHDtoGQ,2026-02-10 08:54
2026-02-10,유튜브(영상),[YouTube] 티쓰리,"[영상] 이건 진짜 소름이다...  테슬라 로드스터 2세대, 드디어 상표 출원! 4월 1일 공개 확정? (조회수 63회)",https://www.youtube.com/watch?v=3u1CiHJN2PY,2026-02-10 08:54
2026-02-10,유튜브(영상),[YouTube] 여행으로 세상을 본다. 여세본,[영상] 겨울 자작나무숲 왕복 인제 여행 정보 주차장 전기차 사이버트럭 충전 비용 테슬라 (조회수 88회),https://www.youtube.com/watch?v=XBymqPqHuHc,2026-02-10 08:54
2026-02-10,유튜브(영상),[YouTube] 티쓰리,"[영상] ""테슬라 이거 진짜냐고요먼저 시작되는 음성인식 혁명, 한국은 언제? (조회수 669회)",https://www.youtube.com/watch?v=nxvLA9jXv6o,2026-02-10 08:54
2026-02-10,유튜브(영상),[YouTube] 티쓰리,"[영상] ""테슬라 이거 진짜냐고요?"" 중국에서 먼저 시작되는 음성인식 혁명, 한국은 언제? (조회수 997회)",https://www.youtube.com/watch?v=cYDXL_O4CCE,2026-02-10 08:54
2026-02-10,유튜브(영상),[YouTube] 티쓰리,"[영상] ""테슬라 이거 진짜냐고요?"" 중국에서 먼저 시작되는 , 한국은 언제? (조회수 1051회)",https://www.youtube.com/watch?v=UNZwxFHPZLo,2026-02-10 08:54
2026-02-10,유튜브(영상),[YouTube] 티쓰리,"[영상] 이건 진짜 소름이다...  테슬라 로드스터 2세대, 드디어 상표 출원! 4월 1일  확정? (조회수 1125회)",https://www.youtube.com/watch?v=PXwqaqlBB30,2026-02-10 08:54
2026-02-10,유튜브(영상),[YouTube] 티쓰리,"[영상] ""테슬라 이거 진짜냐고요?"" 중국에서 먼저 시작되는 음성인식 혁명, 한국은 언제? (조회수 1156회)",https://www.youtube.com/watch?v=qAQ_2XccNm0,2026-02-10 08:54
2026-02-10,유튜브(영상),[YouTube] 티쓰리,"[영상] ""테슬라 이거 진짜냐고요?"" 먼저 시작되는 음성인식 혁명,  언제? (조회수 1243회)",https://www.youtube.com/watch?v=LqZYuiYZhTU,2026-02-10 08:54
2026-02-10,유튜브(영상),[YouTube] 경제 독학,"[영상] 서울 부산 왕복하고도 배터리가 남습니다 충전 스트레스 지옥 탈출    주행거리 1,200km '괴물 배터리'의 등장 (조회수 102회)",https://www.youtube.com/watch?v=awoHwvrT6Ho,2026-02-10 08:54
2026-02-10,유튜브(영상),[YouTube] 티쓰리,"[영상] ""테슬라 이거 진짜냐고요?"" 먼저 시작되는 음성인식 , 한국은 언제? (조회수 1457회)",https://www.youtube.com/watch?v=_sNdS1FKZcM,2026-02-10 08:54
2026-02-10,이브이시스,★ 기아 EV5 공식 동호회 [EV5 클럽] EV5 GT 롱레인지 보조금,충전 애먹기 ㅠㅠ,https://cafe.naver.com/300200/647942,2026-02-10 08:54
2026-02-10,일렉링크,"전기차동호회-아이오닉5 6 9,EV3 EV4 EV5 EV6 EV9,테슬라모델Y 3",구독여파로 고속도로충전소이제 sk일렉링크 만차네요,https://cafe.naver.com/allfm01/1967522,2026-02-10 08:52
2026-02-10,일렉링크,★테슬라 [TKC] 모델S 모델3 모델X 모델Y 사이버트럭 FSD 전기차,일렉링크 포인트 70180원,https://cafe.naver.com/noljatravel/1513306,2026-02-10 08:52
2026-02-10,일렉링크,★테슬라 [TKC] 모델S 모델3 모델X 모델Y 사이버트럭 FSD 전기차,형님들! 일렉링크 포인트 다들 어디서 받으시길래 싸게 파시는거에요?,https://cafe.naver.com/noljatravel/1513394,2026-02-10 08:52
2026-02-10,유튜브(영상),[YouTube] 티쓰리,"[영상] ""테슬라 이거 진짜냐고요?"" 중국에서 먼저 시작되는 , 한국은 언제? (조회수 1683회)",https://www.youtube.com/watch?v=rF7I7TriIn8,2026-02-10 08:54
2026-02-11,채비,★BYD 비야디 전기차 공식동호회[BYD 오너스]아토3 씰 씨라이언7,채비에서 충전이 안되는 영상,https://cafe.naver.com/rlfnrl2034/2054286,2026-02-11 08:55
2026-02-11,채비,"전기차동호회-아이오닉5 6 9,EV3 EV4 EV5 EV6 EV9,테슬라모델Y 3",대영채비 + 삼성 ev id,https://cafe.naver.com/allfm01/1968039,2026-02-11 08:55
2026-02-11,이브이시스,★BYD 비야디 전기차 공식동호회[BYD 오너스]아토3 씰 씨라이언7,장거리까지 포기할정도로 충전이 안되나요?,https://cafe.naver.com/rlfnrl2034/2054381,2026-02-11 08:55
2026-02-11,유튜브(영상),[YouTube] 티쓰리,"[영상] 페라리 역사상 첫 전기차 루체, 드디어 내부 공개됐다! 이게 진짜 페라리냐고요? (조회수 12회)",https://www.youtube.com/watch?v=rKAOvO0hdpw,2026-02-11 08:56
2026-02-11,유튜브(영상),[YouTube] 티쓰리,"[영상] 테슬라  테슬라 FSD, 드디어 유럽·아시아 전역 상륙 초읽기! UN 규제 혁명의 모든 것 (조회수 280회)",https://www.youtube.com/watch?v=HME0zkL8MSk,2026-02-11 08:56
2026-02-11,유튜브(영상),[YouTube] 티쓰리,[영상] 테슬라  테슬라 모델Y가 2026년 전기차 1위? 컨슈머리포트가 인정한 진짜 이유 (조회수 189회),https://www.youtube.com/watch?v=eQNXfpXJmJw,2026-02-11 08:56
2026-02-11,유튜브(영상),[YouTube] Korea auto zone,"[영상] 2027😱 스파크 전기차 풀리뷰 – 작은 차체, 거대한 진화! 도심 최강 EV의 모든 것 🚗⚡ (조회수 23회)",https://www.youtube.com/watch?v=FgTtYxWiZLY,2026-02-11 08:56
2026-02-11,유튜브(영상),[YouTube] 티쓰리,[영상] 테슬라 사이버캡 대신 사이버카랑 사이버비히클이라는 상표를 새로 낸 진짜 이유 (조회수 21회),https://www.youtube.com/watch?v=ldKR2mGornM,2026-02-11 08:56
2026-02-11,유튜브(영상),[YouTube] 걸어서집으로(걸지브),[영상] 전기차충전기 찾아 삼만리#충전#전기차#급속#완속#위치#겨울#시간#대기#장소#렌트카#도민배우 (조회수 301회),https://www.youtube.com/watch?v=WYZMH_MzAGE,2026-02-11 08:56
2026-02-11,일렉링크,★테슬라 슈퍼 클럽 - 모델Y 주니퍼 모델3 하이랜드 사이버트럭,8개월 충전 정리,https://cafe.naver.com/shootgoal/1387606,2026-02-11 08:54
2026-02-11,일렉링크,"전기차동호회-아이오닉5 6 9,EV3 EV4 EV5 EV6 EV9,테슬라모델Y 3",혹시 SK일렉링크 구독하시는 분 계신가요? 이번에 혜택 바뀐 듯요.,https://cafe.naver.com/allfm01/1968513,2026-02-11 08:54
2026-02-11,일렉링크,★BYD 비야디 전기차 공식동호회[BYD 오너스]아토3 씰 씨라이언7,급속충전 오류 기사도 났네요,https://cafe.naver.com/rlfnrl2034/2054279,2026-02-11 08:54
2026-02-11,일렉링크,"전기차동호회-아이오닉5 6 9,EV3 EV4 EV5 EV6 EV9,테슬라모델Y 3",회사 전기차충전소 운영기관이 sk일렉링크이면,https://cafe.naver.com/allfm01/1968618,2026-02-11 08:54
2026-02-11,채비,★BYD 비야디 전기차 공식동호회[BYD 오너스]아토3 씰 씨라이언7,채비 충전 오류시 조치 공유(개인경험),https://cafe.naver.com/rlfnrl2034/2054428,2026-02-11 08:55
2026-02-12,유튜브(영상),[YouTube] 티쓰리,[영상] 테슬라가 드디어 전기차로 돈 벌게 해준다고? 사이버트럭으로 월급 받는 시대 온다 (조회수 20회),https://www.youtube.com/watch?v=AjpS_LBsqNI,2026-02-12 08:48
2026-02-12,유튜브(영상),[YouTube] 티쓰리,[영상] 테슬라가 드디어 미국 전역에 이거 깔기 시작했습니다 | 슈퍼차저 3D 지도 대확장 총정리 (조회수 42회),https://www.youtube.com/watch?v=qd5jBLZqVaM,2026-02-12 08:48
2026-02-12,유튜브(영상),[YouTube] 티쓰리,[영상] 테슬라  테슬라가 드디어 세미트럭 스펙 공개했는데 전세계 물류업계가 난리난 이유 (조회수 93회),https://www.youtube.com/watch?v=3dUCagqPt8I,2026-02-12 08:48
2026-02-12,유튜브(영상),[YouTube] Zeri Manhwa,[영상] #경비원 #전기차충전 #돈문제 #갑질 #부당요금 #주차장갈등 #횡령의혹 #직장인공감 #억울함 #회사복지 #진실게임 #블랙박스 #사회이슈 #논란 #황당사건 #정의구현 #사장님등장 (조회수 133회),https://www.youtube.com/watch?v=djxtPoIiGtg,2026-02-12 08:48
2026-02-12,유튜브(영상),[YouTube] 티쓰리,[영상] 테슬라  테슬라가 드디어 세미트럭 스펙 공개했는데 전세계 물류업계가  이유 (조회수 1058회),https://www.youtube.com/watch?v=ZZJYxckr5dw,2026-02-12 08:48
2026-02-12,유튜브(영상),[YouTube] 티쓰리,[영상] 테슬라  테슬라가  세미트럭 스펙 공개했는데 전세계 물류업계가 난리난 이유 (조회수 1216회),https://www.youtube.com/watch?v=ns653yft3_s,2026-02-12 08:48
2026-02-12,유튜브(영상),[YouTube] 티쓰리,[영상] 테슬라  테슬라가 드디어 세미트럭 스펙 공개했는데 전세계 물류업계가 난리난 이유 (조회수 1235회),https://www.youtube.com/watch?v=tDaDRGrnac4,2026-02-12 08:48
2026-02-12,이브이시스,★BYD 비야디 전기차 공식동호회[BYD 오너스]아토3 씰 씨라이언7,급속충전,https://cafe.naver.com/rlfnrl2034/2054667,2026-02-12 08:47
2026-02-12,이브이시스,"전기차동호회-아이오닉5 6 9,EV3 EV4 EV5 EV6 EV9,테슬라모델Y 3","롯데이브이시스 비공용 완속 충전기 예약충전 할줄 아는분 도움좀 부탁드립니다.(ev3, 아오5)",https://cafe.naver.com/allfm01/1969875,2026-02-12 08:47
2026-02-12,일렉링크,★현대 아이오닉9 공식 동호회-아이오닉9 클럽 [나인클] 보조금,충전 요금 문의~,https://cafe.naver.com/optimusex119/205683,2026-02-12 08:46
2026-02-12,일렉링크,"전기차동호회-아이오닉5 6 9,EV3 EV4 EV5 EV6 EV9,테슬라모델Y 3",sk일렉링크 구독료 혼란,https://cafe.naver.com/allfm01/1969693,2026-02-12 08:46
2026-02-12,일렉링크,"#전기차맛집▶아이오닉5 6 9,테슬라모델3 Y,EV 3 6 9 장기렌트","SK일렉링크, 설 연휴 고속도로 휴게소 전기차 충전 혜택",https://cafe.naver.com/evkoreaplus/63526,2026-02-12 08:46
2026-02-12,일렉링크,BYD 비야디 전기차 동호회 돌핀 아토3 씰 씨라이언7 가격 보조금,씨라이언7에서 최근 급속 충전 오류가 빈번히 발생,https://cafe.naver.com/1jiyun/1530555,2026-02-12 08:46
2026-02-13,유튜브(영상),[YouTube] 모트라인 MOTline,[영상] 앞으로 아파트 전기차 충전 요금은 말도 안되게 비싸집니다. 그냥 하이브리드 타세요. (조회수 5523회),https://www.youtube.com/watch?v=d7n-rScysxU,2026-02-13 08:46
2026-02-13,유튜브(영상),[YouTube]  고군tv,[영상] #폴스타4 #polestar #폴스타4듀얼모터 #전기차충전 #폴스타급속충전 #*채비* (조회수 2778회),https://www.youtube.com/watch?v=lx2lI6ktXI8,2026-02-13 08:46
2026-02-13,유튜브(영상),[YouTube] 티쓰리,[영상] 테슬라가 드디어  돈 벌게 해준다고? 사이버트럭으로 월급 받는 시대 온다 (조회수 1624회),https://www.youtube.com/watch?v=zGeSJUOePFI,2026-02-13 08:46
2026-02-13,유튜브(영상),[YouTube] 티쓰리,[영상] 테슬라  테슬라 모델Y가 2026년 전기차 1위? 컨슈머리포트가 인정한 진짜 이유 (조회수 990회),https://www.youtube.com/watch?v=8NnsiALNOO8,2026-02-13 08:46
2026-02-13,유튜브(영상),[YouTube] 티쓰리,[영상] 테슬라가  돈 벌게 해준다고? 사이버트럭으로 월급 받는 시대 온다 (조회수 924회),https://www.youtube.com/watch?v=1ldoROs_c74,2026-02-13 08:46
2026-02-13,유튜브(영상),[YouTube] 티쓰리,[영상] 테슬라  테슬라가 드디어 세미트럭 스펙 공개했는데 전세계 물류업계가 난리난 이유 (조회수 852회),https://www.youtube.com/watch?v=YDaNwQppZ-k,2026-02-13 08:46
2026-02-13,유튜브(영상),[YouTube] 티쓰리,"[영상] 일론 머스크, 러시아군 스타링크 전격 차단... 푸틴의 통신망 붕괴 시작됐다 (조회수 19회)",https://www.youtube.com/watch?v=y1Fov0PFOIk,2026-02-13 08:46
2026-02-13,유튜브(영상),[YouTube] 티쓰리,"[영상] ""테슬라 이거 진짜냐고요?"" 중국에서 먼저 시작되는 음성인식 혁명, 한국은 언제? (조회수 772회)",https://www.youtube.com/watch?v=0SpH8XE0K4U,2026-02-13 08:46
2026-02-13,유튜브(영상),[YouTube] 이티밴 공식딜러사 XEV모터스,[영상] 전기차오너가알아두면좋은정보5가지 #전기차 #이티밴 #전기차정보 #상용차 #엑스이브이모터스 (조회수 299회),https://www.youtube.com/watch?v=K4tzVNdBAP4,2026-02-13 08:46
2026-02-13,유튜브(영상),[YouTube] 티쓰리,[영상] 테슬라 베를린 공장서 몰카 스캔들? 노조 vs 테슬라 전면전 시작됐다 (조회수 20회),https://www.youtube.com/watch?v=_lM0B0UHAl4,2026-02-13 08:46
2026-02-13,유튜브(영상),[YouTube] 티쓰리,[영상] 일론 머스크 또 이겼다?🔥 테슬라가 드디어 숨겨왔던 '이것' 공개했습니다... 일론 머스크의 진짜 계획 (조회수 17회),https://www.youtube.com/watch?v=3bsYOFmnK3g,2026-02-13 08:46
2026-02-13,유튜브(영상),[YouTube] 티쓰리,"[영상] 일론 머스크 또 이겼다? SpaceX, 美노동위원회 소송전에서 완승... 해고된 엔지니어들 결국 패배 (조회수 13회)",https://www.youtube.com/watch?v=a7AvWT5PJDE,2026-02-13 08:46
2026-02-13,유튜브(영상),[YouTube] 티쓰리,[영상] 테슬라  테슬라가 드디어 세미트럭 스펙 공개했는데 전세계 물류업계가 난리난 이유 (조회수 830회),https://www.youtube.com/watch?v=ZFdvqLwx0m0,2026-02-13 08:46
2026-02-13,유튜브(영상),[YouTube] 티쓰리,[영상] 테슬라가 드디어 전기차로 돈 벌게 해준다고?  월급 받는 시대 온다 (조회수 911회),https://www.youtube.com/watch?v=EbbjTCnh3-o,2026-02-13 08:46
2026-02-13,일렉링크,"전기차동호회-아이오닉5 6 9,EV3 EV4 EV5 EV6 EV9,테슬라모델Y 3",GS차지비인데 로밍이되는 기계일까요?,https://cafe.naver.com/allfm01/1971138,2026-02-13 08:45
2026-02-13,일렉링크,클럽 테슬라 [Club Tesla] 모델S 모델3 모델X 모델Y RWD,일렉링크 요금인상(도로공사 영업소 한정),https://cafe.naver.com/foryoucom/376639,2026-02-13 08:45
2026-02-13,일렉링크,★테슬라 [TKC] 모델S 모델3 모델X 모델Y 사이버트럭 FSD 전기차,내가 필요해서 올리는 일렉링크 구독요금제 손익분기 (2026-02-12 14시 기준),https://cafe.naver.com/noljatravel/1517621,2026-02-13 08:45
2026-02-13,일렉링크,"전기차동호회-아이오닉5 6 9,EV3 EV4 EV5 EV6 EV9,테슬라모델Y 3",고속도로휴게소 포터차량이 350kw 사용하는 이유는?,https://cafe.naver.com/allfm01/1970779,2026-02-13 08:45
2026-02-13,일렉링크,클럽 테슬라 [Club Tesla] 모델S 모델3 모델X 모델Y RWD,일렉링크 구독 요금제 개편,https://cafe.naver.com/foryoucom/376636,2026-02-13 08:45
2026-02-13,일렉링크,★테슬라 [TKC] 모델S 모델3 모델X 모델Y 사이버트럭 FSD 전기차,sk일렉링크 42100-33000,https://cafe.naver.com/noljatravel/1517093,2026-02-13 08:45
2026-02-13,워터,★테슬라 [TKC] 모델S 모델3 모델X 모델Y 사이버트럭 FSD 전기차,워터 350kw 쓰시나요?,https://cafe.naver.com/noljatravel/1518491,2026-02-13 08:45
2026-02-13,채비,포르쉐 타이칸 동호회 ■ 더타이칸 클럽 ■ 투리스모 전기차,채비카드 충전기 등등 싸면 의심하세요. 댓글 막아논 거 활동없는 회원이 파는 거 다 의심하세요.,https://cafe.naver.com/inhelia/30466,2026-02-13 08:46
2026-02-14,채비,★테슬라 [TKC] 모델S 모델3 모델X 모델Y 사이버트럭 FSD 전기차,채비 환경부 속도,https://cafe.naver.com/noljatravel/1518830,2026-02-14 08:46
2026-02-14,채비,포르쉐 타이칸 동호회 ■ 더타이칸 클럽 ■ 투리스모 전기차,채비 카드 사기 같습니다~!,https://cafe.naver.com/inhelia/30474,2026-02-14 08:46
2026-02-14,이브이시스,★BYD 비야디 전기차 공식동호회[BYD 오너스]아토3 씰 씨라이언7,채비 급속충전기 확인차 휴게소 들러봤습니다.,https://cafe.naver.com/rlfnrl2034/2055779,2026-02-14 08:46
2026-02-14,유튜브(영상),[YouTube] 티쓰리,"[영상] ""테슬라 이거 진짜냐고요?"" 중국에서 먼저 시작되는 음성인식 혁명, 한국은 ? (조회수 1246회)",https://www.youtube.com/watch?v=60s1eAx06fs,2026-02-14 08:46
2026-02-14,유튜브(영상),[YouTube] 티쓰리,[영상] 테슬라 일론 머스크가 드디어 디즈니 텃밭에 터널 뚫는다? 유니버설 오를랜도 지하 교통망 프로젝트 최종 낙찰 (조회수 16회),https://www.youtube.com/watch?v=vXqvfCE1Y6A,2026-02-14 08:46
2026-02-14,유튜브(영상),[YouTube] 티쓰리,"[영상] ""테슬라 이거 진짜냐고요?"" 중국에서 먼저 시작되는 음성인식 혁명, ? (조회수 1070회)",https://www.youtube.com/watch?v=u7fFz_6SYCs,2026-02-14 08:46
2026-02-14,유튜브(영상),[YouTube] 엄손 1:300KIMPRO ,[영상] 전기차 충전 1톤 포터 장거리 운행 현실 농산물 임산물 비송시 불편함 (조회수 1027회),https://www.youtube.com/watch?v=BR4_VmKRxh0,2026-02-14 08:46
2026-02-14,유튜브(영상),[YouTube] 티쓰리,[영상] 테슬라 **테슬라 완전히 뚫렸다... 스웨덴 법원이 내린 충격적 판결의 전말** (조회수 374회),https://www.youtube.com/watch?v=VOhDAbao2aE,2026-02-14 08:46
2026-02-14,유튜브(영상),[YouTube] 지커 코리아,[영상] Zoom In : Technology | 지커 SEA 플랫폼 (조회수 24회),https://www.youtube.com/watch?v=VPV73rJy4HU,2026-02-14 08:46
2026-02-14,유튜브(영상),[YouTube] Mottoroamauto1472,"[영상] 가장 바이럴 가능성 높은 제목폴스타 4, 테슬라도 긴장한 진짜 럭셔리 전기 SUV의 등장! (조회수 16회)",https://www.youtube.com/watch?v=0MIea6OAPkE,2026-02-14 08:46
2026-02-14,채비,"전기차동호회-아이오닉5 6 9,EV3 EV4 EV5 EV6 EV9,테슬라모델Y 3",채비 양팔 한쪽사용중이면 eqa는 충전안되나요?,https://cafe.naver.com/allfm01/1971679,2026-02-14 08:46
2026-02-14,유튜브(영상),[YouTube] 티쓰리,"[영상] ""테슬라 이거 진짜냐고요?"" 중국에서 먼저 시작되는 음성인식 혁명, 한국은 언제? (조회수 1113회)",https://www.youtube.com/watch?v=Jxaj6pxTbck,2026-02-14 08:46
2026-02-14,유튜브(영상),[YouTube] 티쓰리,"[영상] ""테슬라  진짜냐고요?"" 중국에서 먼저 시작되는 음성인식 혁명, 한국은 언제? (조회수 911회)",https://www.youtube.com/watch?v=8Z_f0trVEB4,2026-02-14 08:46
2026-02-14,채비,★BYD 비야디 전기차 공식동호회[BYD 오너스]아토3 씰 씨라이언7,채비 급속충전기 확인차 휴게소 들러봤습니다.,https://cafe.naver.com/rlfnrl2034/2055779,2026-02-14 08:46
2026-02-14,채비,"#전기차맛집▶아이오닉5 6 9,테슬라모델3 Y,EV 3 6 9 장기렌트","채비, 4603면 공공 급속충전시설 유지관리 맡는다",https://cafe.naver.com/evkoreaplus/63643,2026-02-14 08:46
2026-02-14,일렉링크,★BYD 비야디 전기차 공식동호회[BYD 오너스]아토3 씰 씨라이언7,sk일렉링크 급속 충전속도,https://cafe.naver.com/rlfnrl2034/2056034,2026-02-14 08:44
2026-02-14,일렉링크,★테슬라 [TKC] 모델S 모델3 모델X 모델Y 사이버트럭 FSD 전기차,일렉링크 요즘 충전속도가 점점 느려지네요,https://cafe.naver.com/noljatravel/1519542,2026-02-14 08:44
2026-02-14,일렉링크,"전기차동호회-아이오닉5 6 9,EV3 EV4 EV5 EV6 EV9,테슬라모델Y 3",무제한카드.일렉링크 파는 이사람 조심하세요,https://cafe.naver.com/allfm01/1972126,2026-02-14 08:44
2026-02-14,일렉링크,"전기차동호회-아이오닉5 6 9,EV3 EV4 EV5 EV6 EV9,테슬라모델Y 3",몇일전부터 우리 아파트차량 아닌 플하 충전 하길래 관리소장 한데 얘기 하니 제가 각박하다고 충전만 하고 간다며 하는데 제가 ...,https://cafe.naver.com/allfm01/1971748,2026-02-14 08:44
2026-02-14,일렉링크,★테슬라 [TKC] 모델S 모델3 모델X 모델Y 사이버트럭 FSD 전기차,SK일렉링크 신규 구독요금제 분석,https://cafe.naver.com/noljatravel/1518752,2026-02-14 08:44
2026-02-14,일렉링크,★테슬라 [TKC] 모델S 모델3 모델X 모델Y 사이버트럭 FSD 전기차,일렉링크 포인트 45300,https://cafe.naver.com/noljatravel/1519203,2026-02-14 08:44
2026-02-15,유튜브(영상),[YouTube] 티쓰리,[영상] 테슬라  테슬라 모델Y가 2026년 전기차 ? 컨슈머리포트  이유 (조회수 1100회),https://www.youtube.com/watch?v=N3JCRacLDmc,2026-02-15 08:39
2026-02-15,채비,"전기차동호회-아이오닉5 6 9,EV3 EV4 EV5 EV6 EV9,테슬라모델Y 3",채비 환경부 카드 궁금한게있습니다,https://cafe.naver.com/allfm01/1972814,2026-02-15 08:38
2026-02-15,채비,포르쉐 타이칸 동호회 ■ 더타이칸 클럽 ■ 투리스모 전기차,채비카드 사기 안 당하는법,https://cafe.naver.com/inhelia/30505,2026-02-15 08:38
2026-02-15,유튜브(영상),[YouTube] 티쓰리,"[영상] ""테슬라 이거?"" 중국에서 먼저 시작되는 음성인식 혁명, 한국은 언제? (조회수 1157회)",https://www.youtube.com/watch?v=TiI2FKIT4Xg,2026-02-15 08:39
2026-02-15,유튜브(영상),[YouTube] 티쓰리,"[영상] ""테슬라 이거 진짜냐고요?"" 중국에서 먼저 시작되는 음성인식 혁명, 한국은 언제? (조회수 1080회)",https://www.youtube.com/watch?v=Ln0xFzQNvyk,2026-02-15 08:39
2026-02-15,유튜브(영상),[YouTube] 티쓰리,"[영상] "" 이거 진짜냐고요?"" 중국에서 먼저 시작되는 음성인식 혁명, 한국은 언제? (조회수 990회)",https://www.youtube.com/watch?v=rRro4PsFCDg,2026-02-15 08:39
2026-02-15,유튜브(영상),[YouTube] 티쓰리,"[영상] ""테슬라 이거 진짜냐고요?"" 중국에서 먼저 시작되는 음성인식 혁명, 한국은 언제? (조회수 913회)",https://www.youtube.com/watch?v=hF5xkuPQUPE,2026-02-15 08:39
2026-02-15,유튜브(영상),[YouTube] 티쓰리,[영상] 🔥테슬라 스웨덴 전기차 시장 완전 뒤집기! 모델Y 역대급 할인으로 업계 발칵🔥 (조회수 206회),https://www.youtube.com/watch?v=LDFRk-uVSZA,2026-02-15 08:39
2026-02-15,유튜브(영상),[YouTube] 티쓰리,[영상] 테슬라 FSD 완전구매 종료 카운트다운! 호주만 특별대우? 북미는 내일까지만!t3 2 내보내기 (조회수 139회),https://www.youtube.com/watch?v=Cw-hfMCJOLo,2026-02-15 08:39
2026-02-15,유튜브(영상),[YouTube] 종목브리핑_5분,"[영상] [와이투솔루션] 전기차 충전기 핵심 부품 파워모듈, 퀀텀점프 가능할까? (조회수 93회)",https://www.youtube.com/watch?v=pyLSSM4-xLo,2026-02-15 08:39
2026-02-15,유튜브(영상),[YouTube] 티쓰리,[영상] 🚨 일론 머스크가 이란에 6000개 스타링크 몰래 보낸 진짜 이유 (미국 정부 극비작전 폭로) (조회수 11회),https://www.youtube.com/watch?v=fkLAcztjHHY,2026-02-15 08:39
2026-02-15,유튜브(영상),[YouTube] 티쓰리,[영상] 테슬라  테슬라 모델Y가 2026년 전기차 1위? 컨슈머리포트가 인정한 진짜 이유 (조회수 1048회),https://www.youtube.com/watch?v=4uS97FAUzhw,2026-02-15 08:39
2026-02-15,유튜브(영상),[YouTube] 티쓰리,"[영상] ""테슬라 이거 진짜냐고요?"" 중국에서 먼저 시작되는 음성인식 혁명, 한국은 언제? (조회수 1087회)",https://www.youtube.com/watch?v=DYJGTZFvhtQ,2026-02-15 08:39
2026-02-15,일렉링크,"전기차동호회-아이오닉5 6 9,EV3 EV4 EV5 EV6 EV9,테슬라모델Y 3",다들 충전카드 몇 개씩 갖고 계신가요?,https://cafe.naver.com/allfm01/1973195,2026-02-15 08:37
2026-02-15,일렉링크,현대 [ 아이오닉9 오너스 ] 동호회,출고후 첫 급속충전 연결에서 에러,https://cafe.naver.com/ioniq9owners/15229,2026-02-15 08:37
2026-02-15,일렉링크,■ 무쏘EV 토레스EVX 동호회 KGM 전기차 통합카페 픽업트럭 알파,여러분 고속충전기 이용하실때 충전단자 꼭 잘확인하시기 바랍니다;;,https://cafe.naver.com/gosizone/341990,2026-02-15 08:37
2026-02-15,일렉링크,★테슬라 [TKC] 모델S 모델3 모델X 모델Y 사이버트럭 FSD 전기차,충전포인트 소진량 < 충전포인트 충전량,https://cafe.naver.com/noljatravel/1520484,2026-02-15 08:37
2026-02-15,일렉링크,BMW i CLUB [BMW i 전기차 동호회] iX1 iX3 iX i3 i4 i5 i7 i8,무제한충전카드,https://cafe.naver.com/old13/77630,2026-02-15 08:37
2026-02-15,워터,★BYD 비야디 전기차 공식동호회[BYD 오너스]아토3 씰 씨라이언7,천등산휴게소 워터급속충전기 물려봤어요.,https://cafe.naver.com/rlfnrl2034/2056180,2026-02-15 08:38
2026-02-15,채비,★ 아이오닉 공식 동호회 [아이오닉 멤버스] 아이오닉 5 6 7 9 N,채비포인트,https://cafe.naver.com/cafeclip/1296484,2026-02-15 08:38
2026-02-16,유튜브(영상),[YouTube] 티쓰리,[영상] 테슬라  테슬라가 드디어 세미트럭 스펙 공개했는데 전세계 물류업계가 난리난 이유 (조회수 1187회),https://www.youtube.com/watch?v=K3GsHqlUvMw,2026-02-16 08:43
2026-02-16,유튜브(영상),[YouTube] 티쓰리,[영상] 테슬라  테슬라가 드디어 세미트럭 스펙 공개했는데 전세계 물류업계가 난리난 이유 (조회수 1439회),https://www.youtube.com/watch?v=czPcn1yC2A4,2026-02-16 08:43
2026-02-16,유튜브(영상),[YouTube] 티쓰리,[영상] 테슬라가 드디어 전기차로 돈 벌게 해준다고? 사이버트럭으로 월급 받는 시대 (조회수 1429회),https://www.youtube.com/watch?v=bcCWwaCd4Aw,2026-02-16 08:43
2026-02-16,유튜브(영상),[YouTube] 티쓰리,[영상] 테슬라 일론 머스크가 드디어 디즈니 텃밭에 터널 뚫는다? 유니버설 오를랜도 지하 교통망 프로젝트 최종 낙찰 (조회수 1391회),https://www.youtube.com/watch?v=uQx2HL0JEJU,2026-02-16 08:43
2026-02-16,유튜브(영상),[YouTube] 티쓰리,[영상] 테슬라가 드디어 전기차로 돈 벌게 해준다고?  월급 받는 시대 온다 (조회수 1317회),https://www.youtube.com/watch?v=HA1lHT04OkM,2026-02-16 08:43
2026-02-16,유튜브(영상),[YouTube] 하큐TV_HaQ TV,[영상] 아파트 충전 요금에 무슨일이??#전기차충전 #테슬라 #모델y #주니퍼 (조회수 1197회),https://www.youtube.com/watch?v=pUhVTUbPzoA,2026-02-16 08:43
2026-02-16,유튜브(영상),[YouTube] 티쓰리,"[영상] ""테슬라 이거 진짜냐고요?"" 중국에서 먼저 시작되는 음성인식 혁명, 한국? (조회수 1182회)",https://www.youtube.com/watch?v=N8GvQbDdVGY,2026-02-16 08:43
2026-02-16,유튜브(영상),[YouTube] 티쓰리,"[영상] ""테슬라 이거 진짜냐고요?"" 중국에서 먼저 시작되는 음성인식 혁명, 한국? (조회수 11회)",https://www.youtube.com/watch?v=l2G5njHdMI8,2026-02-16 08:43
2026-02-16,유튜브(영상),[YouTube] 티쓰리,[영상] 테슬라 일론 머스크가 드디어 디즈니 텃밭에 터널 뚫는다? 유니버설 오를랜도 지하 교통망 프로젝트 최종 낙찰 (조회수 1083회),https://www.youtube.com/watch?v=54Tb5aPSbjw,2026-02-16 08:43
2026-02-16,유튜브(영상),[YouTube] 티쓰리,[영상] 테슬라가 드디어 전기차로 돈 벌게 해준다고? 사이버트럭으로 월급 받는 시대 (조회수 729회),https://www.youtube.com/watch?v=D4VO6Xf3U98,2026-02-16 08:43
2026-02-16,유튜브(영상),[YouTube] 제이손,[영상] 용간다 에피소드. 1) 전기차 급속충전 에러 해결 2) 안산 최고 무한리필 3) 떡 무인점포 (조회수 99회),https://www.youtube.com/watch?v=NJemGbDLPew,2026-02-16 08:43
2026-02-16,유튜브(영상),[YouTube] 티쓰리,"[영상] ""테슬라 이거 ?"" 중국에서 먼저 시작되는 음성인식 혁명, 한국은 언제? (조회수 25회)",https://www.youtube.com/watch?v=m9tMrPACIjY,2026-02-16 08:43
2026-02-16,유튜브(영상),[YouTube] 티쓰리,[영상] 테슬라 SpaceX 합병 후 xAI 부채를 줄이려는 머스크 은행가들: 보고서 (조회수 22회),https://www.youtube.com/watch?v=8eSMkVCFrqs,2026-02-16 08:43
2026-02-16,유튜브(영상),[YouTube] 티쓰리,"[영상] ""테슬라 이거 진짜냐고요?"" ㅣ 먼저 시작되는 음성인식 혁명, 한국은 언제? (조회수 12회)",https://www.youtube.com/watch?v=8Y4Fjynnzic,2026-02-16 08:43
2026-02-16,유튜브(영상),[YouTube] 티쓰리,"[영상] ""테슬라 이거 진짜냐고요?"" 중국에서 먼저 시작되는 음성인식 혁명 언제? (조회수 1534회)",https://www.youtube.com/watch?v=_UHFFUYZRbY,2026-02-16 08:43
2026-02-16,유튜브(영상),[YouTube] 티쓰리,[영상] 테슬라  테슬라가 드디어 세미트럭 스펙 공개했는데 전세계 물류업계가 난리난 이유 (조회수 1119회),https://www.youtube.com/watch?v=qw6Ft7jx5uU,2026-02-16 08:43
2026-02-16,일렉링크,BMW i CLUB [BMW i 전기차 동호회] iX1 iX3 iX i3 i4 i5 i7 i8,고속도로 휴게소 환경부 전기충전기 무제한충전카드 이용 가능한가요?,https://cafe.naver.com/old13/77695,2026-02-16 08:41
2026-02-16,일렉링크,★테슬라 [TKC] 모델S 모델3 모델X 모델Y 사이버트럭 FSD 전기차,필수적으로 설치해야할 고속과 완속 충전 업체,https://cafe.naver.com/noljatravel/1521860,2026-02-16 08:41
2026-02-16,일렉링크,현대 [ 아이오닉9 오너스 ] 동호회,충전포인트 바로 들어왔네요,https://cafe.naver.com/ioniq9owners/15275,2026-02-16 08:41
2026-02-16,워터,★BYD 비야디 전기차 공식동호회[BYD 오너스]아토3 씰 씨라이언7,양구(본가) 가는길 원주휴게소 워터급속먹이기!!,https://cafe.naver.com/rlfnrl2034/2056812,2026-02-16 08:42
2026-02-17,유튜브(영상),[YouTube] Auto Speed Vibes,[영상] 테슬라 이제 끝? 2026 모델3 vs BYD Seal 충격 비교 결과 (조회수 49회),https://www.youtube.com/watch?v=VJIFtA4LM-Y,2026-02-17 08:45
2026-02-17,채비,★BYD 비야디 전기차 공식동호회[BYD 오너스]아토3 씰 씨라이언7,채비 급속충전 처음 먹이는중,https://cafe.naver.com/rlfnrl2034/2057156,2026-02-17 08:45
2026-02-17,유튜브(영상),[YouTube] 티쓰리,[영상] 테슬라가 드디어 전기차로 돈 벌게 해준다고? 사이버트럭으로 월급 받는 시대 온다 (조회수 1490회),https://www.youtube.com/watch?v=nYhkq_ODUPg,2026-02-17 08:45
2026-02-17,유튜브(영상),[YouTube] 티쓰리,[영상] 테슬라가 드디어 전기차로 돈 벌게 해준다고? 사이버트럭으로 월급 받는 시대 온다 (조회수 994회),https://www.youtube.com/watch?v=F9_VnTCvw7g,2026-02-17 08:45
2026-02-17,유튜브(영상),[YouTube] 티쓰리,"[영상] ""테슬라 이거 진짜냐고요?"" 중국에서 먼저 시작되는 음성인식 혁명, 한국은 언제? (조회수 1205회)",https://www.youtube.com/watch?v=xqIWA5_oGkE,2026-02-17 08:45
2026-02-17,유튜브(영상),[YouTube] 티쓰리,[영상] 테슬라  테슬라가 드디어 세미트럭 스펙 공개했는데 전세계 물류업계가 난리난 이유 (조회수 972회),https://www.youtube.com/watch?v=m9WuMc5xc6k,2026-02-17 08:45
2026-02-17,유튜브(영상),[YouTube] 티쓰리,[영상] 테슬라가 드디어 전기차로 돈 벌게 해준다고? 사이버트럭으로 월급 받는 시대 온다 (조회수 832회),https://www.youtube.com/watch?v=Uwinq0g3UXM,2026-02-17 08:45
2026-02-17,유튜브(영상),[YouTube] 티쓰리,[영상] 테슬라가 드디어 전기차로 돈 벌게 해준다고? 사이버트럭으로 월급 받는 시대 온다 (조회수 1427회),https://www.youtube.com/watch?v=lJL4odScNU4,2026-02-17 08:45
2026-02-17,워터,"전기차동호회-아이오닉5 6 9,EV3 EV4 EV5 EV6 EV9,테슬라모델Y 3",고속도로 워터 충전기 속도,https://cafe.naver.com/allfm01/1974243,2026-02-17 08:45
2026-02-17,일렉링크,"전기차동호회-아이오닉5 6 9,EV3 EV4 EV5 EV6 EV9,테슬라모델Y 3",충전기 연결이 안되요,https://cafe.naver.com/allfm01/1974423,2026-02-17 08:44
2026-02-17,워터,"전기차동호회-아이오닉5 6 9,EV3 EV4 EV5 EV6 EV9,테슬라모델Y 3",휴게소 충전 결제 (워터),https://cafe.naver.com/allfm01/1974614,2026-02-17 08:44
2026-02-18,유튜브(영상),[YouTube] 티쓰리,[영상] 테슬라 Luxe Package 산 사람들 지금 멘붕 온 이유 | 중고차 가격 폭락 예고하는 FSD 양도 불가 정책 (조회수 1444회),https://www.youtube.com/watch?v=mWU4DBGldo8,2026-02-18 08:46
2026-02-18,유튜브(영상),[YouTube] 티쓰리,[영상] 테슬라가 드디어 전기차로 돈 벌게 해준다고?  월급 받는 시대 온다 (조회수 2491회),https://www.youtube.com/watch?v=7QhnPEvq9IM,2026-02-18 08:46
2026-02-18,유튜브(영상),[YouTube] 티쓰리,"[영상] ""테슬라 이거 진짜냐고요?"" 중국에서 먼저 시작되는 음성인식 혁명, 한국은 언제? (조회수 1690회)",https://www.youtube.com/watch?v=OUJymPVlb0A,2026-02-18 08:46
2026-02-18,유튜브(영상),[YouTube] 티쓰리,"[영상] ""테슬라 이거 진짜냐고요?"" 중국에서 먼저 시작되는 음성인식 혁명, 한국은 언제? (조회수 1635회)",https://www.youtube.com/watch?v=aOlV-sSQ2gA,2026-02-18 08:46
2026-02-18,유튜브(영상),[YouTube] 티쓰리,"[영상] 테슬라 테슬라 유럽 대륙 뒤집었다? Grok AI 9개국 동시 상륙, 네비까지 알아서 해주는 시대 온다"" (조회수 1388회)",https://www.youtube.com/watch?v=tqy1jbMiYug,2026-02-18 08:46
2026-02-18,유튜브(영상),[YouTube] 티쓰리,[영상] 테슬라 테슬라 CarPlay 드디어 온다? 애플과 비밀 협업 내용 전격 공개! (조회수 83회),https://www.youtube.com/watch?v=Yfq4YfSIBeI,2026-02-18 08:46
2026-02-18,유튜브(영상),[YouTube] 티쓰리,"[영상] 테슬라 테슬라 유럽 대륙 뒤집었다? Grok AI 9개국 동시 상륙, 네비까지 알아서 해주는 시대 온다"" (조회수 1146회)",https://www.youtube.com/watch?v=wAlraYU08Nk,2026-02-18 08:46
2026-02-18,유튜브(영상),[YouTube] 티쓰리,"[영상] 테슬라 테슬라 유럽 대륙 뒤집었다? Grok AI 9개국 동시 상륙, 네비까지 알아서 해주는 시대 온다"" (조회수 1049회)",https://www.youtube.com/watch?v=S3u-Bj5JUsg,2026-02-18 08:46
2026-02-18,유튜브(영상),[YouTube] 부군coco,"[영상] EV3 전기차 출고, 첫주행, 전기차 개꿀인점! 충전기 집에 설치한 이유 (조회수 968회)",https://www.youtube.com/watch?v=1l2ekqkjZbw,2026-02-18 08:46
2026-02-18,유튜브(영상),[YouTube] 티쓰리,[영상] 테슬라가 드디어  돈 벌게 해준다고? 사이버트럭으로 월급 받는 시대 온다 (조회수 873회),https://www.youtube.com/watch?v=KHACBwBbiyw,2026-02-18 08:46
2026-02-18,유튜브(영상),[YouTube] 티쓰리,"[영상] 테슬라 테슬라 유럽 대륙 뒤집었다? Grok AI 9개국 동시 상륙, 네비까지 알아서 해주는 시대 온다"" (조회수 82회)",https://www.youtube.com/watch?v=ZhpA8nzuZTI,2026-02-18 08:46
2026-02-18,유튜브(영상),[YouTube] Korean Car Quest,[영상] 2026 기아 EV7 리뷰 ⚡ 차세대 패밀리 전기 SUV의 등장! (조회수 72회),https://www.youtube.com/watch?v=77Ucn0c5CRg,2026-02-18 08:46
2026-02-18,유튜브(영상),[YouTube] 티쓰리,[영상] 테슬라 일론  드디어 디즈니 텃밭에 터널 뚫는다? 유니버설 오를랜도 지하 교통망 프로젝트 최종 낙찰 (조회수 1190회),https://www.youtube.com/watch?v=uCu2JxbJSrM,2026-02-18 08:46
2026-02-18,채비,★BYD 비야디 전기차 공식동호회[BYD 오너스]아토3 씰 씨라이언7,고속도로 채비 충전,https://cafe.naver.com/rlfnrl2034/2057548,2026-02-18 08:45
2026-02-18,유튜브(영상),[YouTube] 티쓰리,"[영상] 테슬라 테슬라 유럽 대륙 뒤집었다? Grok AI 9개국 동시 상륙, 네비까지 알아서 해주는 시대 온다"" (조회수 2144회)",https://www.youtube.com/watch?v=IAb7nK8LOxE,2026-02-18 08:46
2026-02-18,채비,포르쉐 타이칸 동호회 ■ 더타이칸 클럽 ■ 투리스모 전기차,채비 어플 오류,https://cafe.naver.com/inhelia/30613,2026-02-18 08:45
2026-02-18,일렉링크,★ 기아 EV3 공식동호회 [ EV3 오너스클럽 ] 전기차 보조금 가격,차 출고 후에 만들어야하는 충전을 위해 만들어야 하는 카드는 뭐가 있나요?,https://cafe.naver.com/musicdomain/857846,2026-02-18 08:44
2026-02-18,일렉링크,★테슬라 [TKC] 모델S 모델3 모델X 모델Y 사이버트럭 FSD 전기차,일렉링크 45100,https://cafe.naver.com/noljatravel/1524133,2026-02-18 08:44
2026-02-18,일렉링크,★테슬라 [TKC] 모델S 모델3 모델X 모델Y 사이버트럭 FSD 전기차,확실히 로밍이 비싸네요,https://cafe.naver.com/noljatravel/1523769,2026-02-18 08:44
2026-02-18,일렉링크,★테슬라 [TKC] 모델S 모델3 모델X 모델Y 사이버트럭 FSD 전기차,슈퍼차저는 rwd 를 차별하는듯,https://cafe.naver.com/noljatravel/1523609,2026-02-18 08:44
2026-02-18,일렉링크,"전기차동호회-아이오닉5 6 9,EV3 EV4 EV5 EV6 EV9,테슬라모델Y 3",현기 충전로직 바꼈나요?,https://cafe.naver.com/allfm01/1974811,2026-02-18 08:44
2026-02-18,일렉링크,"전기차동호회-아이오닉5 6 9,EV3 EV4 EV5 EV6 EV9,테슬라모델Y 3",고속도로 급속 충전기는 개선이 필요합니다,https://cafe.naver.com/allfm01/1975072,2026-02-18 08:44
2026-02-18,워터,★테슬라 [TKC] 모델S 모델3 모델X 모델Y 사이버트럭 FSD 전기차,렉트론 1000v 500a 워터350kw 멜팅 사건 ㅠ,https://cafe.naver.com/noljatravel/1524148,2026-02-18 08:45
2026-02-18,워터,★테슬라 [TKC] 모델S 모델3 모델X 모델Y 사이버트럭 FSD 전기차,충전손실 워터는 거의 30%나 되네요,https://cafe.naver.com/noljatravel/1523936,2026-02-18 08:45
2026-02-18,워터,★테슬라 [TKC] 모델S 모델3 모델X 모델Y 사이버트럭 FSD 전기차,워터 충전기에 환경부 카드,https://cafe.naver.com/noljatravel/1523679,2026-02-18 08:45
2026-02-19,유튜브(영상),[YouTube] 티쓰리,[영상] 🔥 테슬라 모델 쓰리 지금 사면 진짜 이득인 이유 | 0.99프로 금리의 비밀 (조회수 68회),https://www.youtube.com/watch?v=ibW7a8yk8X0,2026-02-19 08:46
2026-02-19,유튜브(영상),[YouTube] 티쓰리,[영상] 테슬라 일론 머스크가 드디어 디즈니 텃밭에 터널 뚫는다? 유니버설 오를랜도 지하 교통망 프로젝트 최종 낙찰 (조회수 1517회),https://www.youtube.com/watch?v=EwMNRHh2jio,2026-02-19 08:46
2026-02-19,유튜브(영상),[YouTube] 티쓰리,"[영상] 테슬라 테슬라 유럽 대륙 뒤집었다? Grok AI 9개국 동시 상륙, 네비까지 알아서 해주는 시대 온다"" (조회수 962회)",https://www.youtube.com/watch?v=3vpKKqtV5LI,2026-02-19 08:46
2026-02-19,유튜브(영상),[YouTube] 티쓰리,[영상] 테슬라 일론 머스크가 드디어 디즈니 텃밭에 터널 뚫는다? 유니버설 오를랜도 지하 교통망 프로젝트 최종 낙찰 (조회수 930회),https://www.youtube.com/watch?v=WeiScOvJHt0,2026-02-19 08:46
2026-02-19,유튜브(영상),[YouTube] 티쓰리,[영상] 테슬라 일론 머스크가 드디어 디즈니 텃밭에 터널 뚫는다? 유니버설 오를랜도 지하 교통망 프로젝트 최종 낙찰 (조회수 919회),https://www.youtube.com/watch?v=rBzlGzG0CoI,2026-02-19 08:46
2026-02-19,유튜브(영상),[YouTube] 티쓰리,[영상] 테슬라 일론 머스크가 드디어 디즈니 텃밭에 터널 뚫는다? 유니버설 오를랜도 지하 교통망 프로젝트 최종 낙찰 (조회수 803회),https://www.youtube.com/watch?v=9ePtA6teQLU,2026-02-19 08:46
2026-02-19,유튜브(영상),[YouTube] 티쓰리,[영상] 테슬라 일론 머스크가 드디어 디즈니 텃밭에 터널 뚫는다? 유니버설 오를랜도 지하 교통망 프로젝트 최종 낙찰 (조회수 800회),https://www.youtube.com/watch?v=CQgNgaZZePA,2026-02-19 08:46
2026-02-19,유튜브(영상),[YouTube] 동그니로,[영상] EV5 차박 가능할까? | 투싼급 전기SUV 현실 테스트 (조회수 662회),https://www.youtube.com/watch?v=FsXvQy_4YXE,2026-02-19 08:46
2026-02-19,유튜브(영상),[YouTube] 티쓰리,"[영상] 더그 드뮤로가 직접 뽑은 '삼십년 최고의 차'…테슬라 팬들 난리났다"" (조회수 38회)",https://www.youtube.com/watch?v=0fH12iVsXoQ,2026-02-19 08:46
2026-02-19,유튜브(영상),[YouTube] 티쓰리,"[영상] 테슬라 테슬라 유럽 대륙 뒤집었다? Grok AI 9개국 동시 상륙, 네비까지 알아서 해주는 시대 온다"" (조회수 12회)",https://www.youtube.com/watch?v=kWURaO_9tCA,2026-02-19 08:46
2026-02-19,유튜브(영상),[YouTube] 티쓰리,[영상] 테슬라가 드디어 전기차로 돈 벌게 해준다고? 사이버트럭으로 월급 받는 시대 온다 (조회수 19회),https://www.youtube.com/watch?v=Fslwpq-4lAk,2026-02-19 08:46
2026-02-19,유튜브(영상),[YouTube] 티쓰리,[영상] 🔥 테슬라 모델 쓰리 지금 사면 진짜 이득인 이유 | 0.99프로 금리의 비밀 (조회수 18회),https://www.youtube.com/watch?v=3v1v1qza5-U,2026-02-19 08:46
2026-02-19,유튜브(영상),[YouTube] 티쓰리,[영상] 🚗 테슬라가 애플 카플레이를 아직도 안 넣는 진짜 이유 | t3 (조회수 16회),https://www.youtube.com/watch?v=2rgBFOxqD7Q,2026-02-19 08:46
2026-02-19,유튜브(영상),[YouTube] 티쓰리,"[영상] 테슬라 테슬라 유럽 대륙 뒤집었다? Grok AI 9개국 동시 상륙, 네비까지 알아서 해주는 시대 온다"" (조회수 15회)",https://www.youtube.com/watch?v=eyXqOgR4kYc,2026-02-19 08:46
2026-02-19,유튜브(영상),[YouTube] 티쓰리,[영상] 테슬라 일론 머스크가 드디어 디즈니 텃밭에 터널 뚫는다? 유니버설 오를랜도 지하 교통망 프로젝트 최종 낙찰 (조회수 15회),https://www.youtube.com/watch?v=ehl1VkeDmZ0,2026-02-19 08:46
2026-02-19,유튜브(영상),[YouTube] 티쓰리,"[영상] 일론 머스크, 드론 100억 대회 참전?! 펜타곤이 직접 불렀다"" (조회수 13회)",https://www.youtube.com/watch?v=LnXHwg8ia3E,2026-02-19 08:46
2026-02-19,유튜브(영상),[YouTube] 티쓰리,"[영상] 스타링크 차단 3일 만에 러시아군이 무너졌다 — 우크라이나 전선에서 벌어진 일""** (조회수 11회)",https://www.youtube.com/watch?v=fW4z8KTTu0Q,2026-02-19 08:46
2026-02-19,유튜브(영상),[YouTube] 티쓰리,"[영상] 테슬라 테슬라 유럽 대륙 뒤집었다? Grok AI 9개국 동시 상륙, 네비까지 알아서 해주는 시대 온다"" (조회수 10회)",https://www.youtube.com/watch?v=7PBsL5ev8uU,2026-02-19 08:46
2026-02-19,유튜브(영상),[YouTube] 티쓰리,"[영상] 테슬라 테슬라 유럽 대륙 뒤집었다? Grok AI 9개국 동시 상륙, 네비까지 알아서 해주는 시대 온다"" (조회수 1574회)",https://www.youtube.com/watch?v=wryWO6WwXjI,2026-02-19 08:46
2026-02-19,유튜브(영상),[YouTube] 티쓰리,"[영상] 테슬라 테슬라 유럽 대륙 뒤집었다? Grok AI 9개국 동시 상륙, 네비까지 알아서 해주는 시대 온다"" (조회수 29회)",https://www.youtube.com/watch?v=5a8HmMuxakY,2026-02-19 08:46
2026-02-19,유튜브(영상),[YouTube] 티쓰리,[영상] 테슬라 일론 머스크가 드디어 디즈니 텃밭에 터널 뚫는다? 유니버설 오를랜도 지하 교통망 프로젝트 최종 낙찰 (조회수 1585회),https://www.youtube.com/watch?v=HsaFERQGlGo,2026-02-19 08:46
2026-02-19,채비,★테슬라 [TKC] 모델S 모델3 모델X 모델Y 사이버트럭 FSD 전기차,채비 30kw는 손실이 10%라 정상인듯하네요,https://cafe.naver.com/noljatravel/1524902,2026-02-19 08:46
2026-02-19,유튜브(영상),[YouTube] 티쓰리,[영상] 테슬라 일론 머스크가 드디어 디즈니 텃밭에 터널 뚫는다? 유니버설 오를랜도 지하 교통망 프로젝트 최종 낙찰 (조회수 1788회),https://www.youtube.com/watch?v=2AS8D7NGo8w,2026-02-19 08:46
2026-02-19,일렉링크,"전기차동호회-아이오닉5 6 9,EV3 EV4 EV5 EV6 EV9,테슬라모델Y 3",고속도로휴게소 전기차충전기 SK일렉링크 구독서비스로 씽씽~~,https://cafe.naver.com/allfm01/1975666,2026-02-19 08:45
2026-02-19,워터,★ 기아 EV3 공식동호회 [ EV3 오너스클럽 ] 전기차 보조금 가격,오랜만에 워터 충전기!!,https://cafe.naver.com/musicdomain/857903,2026-02-19 08:46
2026-02-19,일렉링크,★BYD 비야디 전기차 공식동호회[BYD 오너스]아토3 씰 씨라이언7,아토3 충전속도가 테슬라보다 빠르네요.,https://cafe.naver.com/rlfnrl2034/2058211,2026-02-19 08:45
2026-02-19,채비,★테슬라 [TKC] 모델S 모델3 모델X 모델Y 사이버트럭 FSD 전기차,채비 양팔 급속 충전기 사용해도 되나요?,https://cafe.naver.com/noljatravel/1524751,2026-02-19 08:46
2026-02-19,유튜브(영상),[YouTube] 티쓰리,"[영상] 테슬라 테슬라 유럽 대륙 뒤집었다? Grok AI 9개국 동시 상륙, 네비까지 알아서 해주는 시대 온다"" (조회수 1629회)",https://www.youtube.com/watch?v=ZFAzoTsYGac,2026-02-19 08:46
2026-02-20,유튜브(영상),[YouTube] 티쓰리,[영상] 테슬라 일론 머스크가 드디어 디즈니 텃밭에 터널 뚫는다? 유니버설 오를랜도 지하 교통망 프로젝트 최종 낙찰 (조회수 2001회),https://www.youtube.com/watch?v=ujI8lboCx6c,2026-02-20 08:46
2026-02-20,유튜브(영상),[YouTube] 감독형,[영상] 전기차 급속충전 오래 걸려요? #ev3 #ev3깡통 #ai강아지 (조회수 1846회),https://www.youtube.com/watch?v=5LvCIAOqAgc,2026-02-20 08:46
2026-02-20,유튜브(영상),[YouTube] 감독형,[영상] 전기차 충전 요금 또 올라요?! #ev3 #ev3깡통 #ai강아지 (조회수 1721회),https://www.youtube.com/watch?v=68-kYsD29tw,2026-02-20 08:46
2026-02-20,유튜브(영상),[YouTube] 티쓰리,"[영상] ""테슬라, 캘리포니아에서 판매 금지 당할 뻔했다? 결국 이렇게 됐습니다"" (조회수 1594회)",https://www.youtube.com/watch?v=qWhgnu7WFq4,2026-02-20 08:46
2026-02-20,유튜브(영상),[YouTube] 티쓰리,[영상] 테슬라 일론 머스크가 드디어 디즈니 텃밭에 터널 뚫는다? 유니버설 오를랜도 지하 교통망 프로젝트 최종 낙찰 (조회수 1434회),https://www.youtube.com/watch?v=XhlDzbqcYRQ,2026-02-20 08:46
2026-02-20,유튜브(영상),[YouTube] 티쓰리,[영상] 테슬라 일론 머스크가 드디어 디즈니 텃밭에 터널 뚫는다? 유니버설 오를랜도 지하 교통망 프로젝트 최종 낙찰 (조회수 1331회),https://www.youtube.com/watch?v=0y04vwhLDq0,2026-02-20 08:46
2026-02-20,유튜브(영상),[YouTube] 티쓰리,"[영상] 포드가 테슬라 기술 통째로 베꼈다? 2027년 3천만원대 전기픽업트럭의 진짜 정체"" (조회수 21회)",https://www.youtube.com/watch?v=czrZ7q53wWQ,2026-02-20 08:46
2026-02-20,유튜브(영상),[YouTube] 티쓰리,"[영상] 테슬라 테슬라 유럽 대륙 뒤집었다? Grok AI 9개국 동시 상륙, 네비까지 알아서 해주는 시대 온다"" (조회수 1264회)",https://www.youtube.com/watch?v=ZtGHyEKev2M,2026-02-20 08:46
2026-02-20,유튜브(영상),[YouTube] 티쓰리,[영상] 테슬라 일론 머스크가 드디어 디즈니 텃밭에 터널 뚫는다? 유니버설 오를랜도 지하 교통망 프로젝트 최종 낙찰 (조회수 1137회),https://www.youtube.com/watch?v=ZG_UEfKgWXo,2026-02-20 08:46
2026-02-20,유튜브(영상),[YouTube] 여행으로 세상을 본다. 여세본,[영상] 망양정 해변 전기차 충전 차박 캠핑 샤워 시설 (조회수 863회),https://www.youtube.com/watch?v=IE2eLZhhZ6A,2026-02-20 08:46
2026-02-20,유튜브(영상),[YouTube] 티쓰리,"[영상] 테슬라 사이버캡, 드디어 생산 시작! MKBHD 머리 밀어야 하나? 🚗⚡ (조회수 18회)",https://www.youtube.com/watch?v=FNT4uR_h75w,2026-02-20 08:46
2026-02-20,유튜브(영상),[YouTube] 티쓰리,"[영상] 테슬라 사이버캡, 드디어 공장에서 나왔다 — 핸들도 페달도 없는 차가 진짜 만들어졌어요 (조회수 14회)",https://www.youtube.com/watch?v=em1gFGpv0jk,2026-02-20 08:46
2026-02-20,유튜브(영상),[YouTube] 티쓰리,"[영상] ""테슬라, 뉴욕 공장 3460개 일자리 달성… 벌금 면했다 | 버팔로의 반전 드라마"" (조회수 10회)",https://www.youtube.com/watch?v=XrHnLrx7dsA,2026-02-20 08:46
2026-02-20,유튜브(영상),[YouTube] 티쓰리,[영상] 테슬라 일론 머스크가 드디어 디즈니 텃밭에 터널 뚫는다? 유니버설 오를랜도 지하 교통망 프로젝트 최종 낙찰 (조회수 1310회),https://www.youtube.com/watch?v=m8EB695ZAcw,2026-02-20 08:46
2026-02-20,채비,현대 [ 아이오닉9 오너스 ] 동호회,채비 급속 완료 되면 바로 빼야 되네요 ㅎ,https://cafe.naver.com/ioniq9owners/15641,2026-02-20 08:46
2026-02-20,일렉링크,현대 [ 아이오닉9 오너스 ] 동호회,SK일렉링크 마일리지 질문있어요~,https://cafe.naver.com/ioniq9owners/15666,2026-02-20 08:45
2026-02-20,일렉링크,★ 아이오닉 공식 동호회 [아이오닉 멤버스] 아이오닉 5 6 7 9 N,아파트 충전요금이 인상(?)되었네요.,https://cafe.naver.com/cafeclip/1296922,2026-02-20 08:45
2026-02-20,일렉링크,"전기차동호회-아이오닉5 6 9,EV3 EV4 EV5 EV6 EV9,테슬라모델Y 3",sk일렉링크 선불카드,https://cafe.naver.com/allfm01/1977041,2026-02-20 08:45
2026-02-20,일렉링크,"전기차동호회-아이오닉5 6 9,EV3 EV4 EV5 EV6 EV9,테슬라모델Y 3",sk일렉링크 구독KW당295원 휴게소충전소 인기네요,https://cafe.naver.com/allfm01/1976941,2026-02-20 08:45
2026-02-20,일렉링크,"전기차동호회-아이오닉5 6 9,EV3 EV4 EV5 EV6 EV9,테슬라모델Y 3",일렉링크 900원짜리 멤버십 생각보단 괜찮네요,https://cafe.naver.com/allfm01/1976684,2026-02-20 08:45
2026-02-20,일렉링크,★ 아이오닉 공식 동호회 [아이오닉 멤버스] 아이오닉 5 6 7 9 N,충전기 착한오류,https://cafe.naver.com/cafeclip/1296933,2026-02-20 08:45
2026-02-20,일렉링크,"전기차동호회-아이오닉5 6 9,EV3 EV4 EV5 EV6 EV9,테슬라모델Y 3",휴게소에서 SK일렉링크 구독 할인 써보신 분?,https://cafe.naver.com/allfm01/1976296,2026-02-20 08:45
2026-02-21,유튜브(영상),[YouTube] 티쓰리,[영상] 테슬라 일론 머스크가 드디어 디즈니 텃밭에 터널 뚫는다? 유니버설 오를랜도  교통망 프로젝트 최종 낙찰 (조회수 1291회),https://www.youtube.com/watch?v=th8FZFX2PNU,2026-02-21 08:44
2026-02-21,유튜브(영상),[YouTube] 티쓰리,"[영상] 🚗 테슬라, 2026 JD파워 전기차  1·2위 싹쓸이… BMW도 못 막았다 (조회수 859회)",https://www.youtube.com/watch?v=kQL3ymYd38E,2026-02-21 08:44
2026-02-21,유튜브(영상),[YouTube] 티쓰리,"[영상] 🚗 테슬라, 2026 JD파워 전기차 만족도 1·2위 싹쓸이… BMW도 못 막았다 (조회수 670회)",https://www.youtube.com/watch?v=syD8RR6SWGw,2026-02-21 08:44
2026-02-21,유튜브(영상),[YouTube] 티쓰리,"[영상] 테슬라 테슬라 유럽 대륙 뒤집었다? Grok AI 9개국 동시 상륙,  알아서 해주는 시대 온다"" (조회수 665회)",https://www.youtube.com/watch?v=sHlCkGx98TU,2026-02-21 08:44
2026-02-21,유튜브(영상),[YouTube] 티쓰리,"[영상] 🚗 테슬라, 2026 JD파워 전기차 만족도 1·2위 … BMW도 못 막았다 (조회수 538회)",https://www.youtube.com/watch?v=CnlWSOJHopY,2026-02-21 08:44
2026-02-21,유튜브(영상),[YouTube] 티쓰리,"[영상] 🚗 테슬라, 2026 JD파워 전기차 만족도 1·2위 싹쓸이… BMW도 못 막았다 (조회수 20회)",https://www.youtube.com/watch?v=zjMwiUUs8Jc,2026-02-21 08:44
2026-02-21,유튜브(영상),[YouTube] 티쓰리,"[영상] 테슬라 테슬라 사이버캡, FCC 승인 받았다 — 무선 충전 시대 진짜 열리나? (조회수 24회)",https://www.youtube.com/watch?v=Q_flLgowRLE,2026-02-21 08:44
2026-02-21,유튜브(영상),[YouTube] 티쓰리,"[영상] ""사우디가 3조 원 꽂았다… 머스크의 xAI, 스페이스X와 합치면 진짜 어떻게 되는 거야?"" (조회수 21회)",https://www.youtube.com/watch?v=7yKTLIFpNLM,2026-02-21 08:44
2026-02-21,유튜브(영상),[YouTube] 테슬라와 YOUNG,[영상] 테슬라 모델Y RWD 가정용 220V 26년01월 충전요금 (조회수 18회),https://www.youtube.com/watch?v=15hR6Bm-5hY,2026-02-21 08:44
2026-02-21,유튜브(영상),[YouTube] 티쓰리,"[영상] ""테슬라, 테슬라 공장장 경찰 조사 받는다? 노조가 형사 고발한 진짜 이유 (조회수 16회)",https://www.youtube.com/watch?v=vzk7QHdkbgk,2026-02-21 08:44
2026-02-21,유튜브(영상),[YouTube] 티쓰리,[영상] 캘리포니아 소도시가 일론 머스크 회사 전면 퇴출 투표했다가... 스스로 망신당한 사연 (조회수 10회),https://www.youtube.com/watch?v=H5aLcTBlt6I,2026-02-21 08:44
2026-02-21,이브이시스,"전기차동호회-아이오닉5 6 9,EV3 EV4 EV5 EV6 EV9,테슬라모델Y 3",충전 어플 사용 몇 개나 하시나요,https://cafe.naver.com/allfm01/1977551,2026-02-21 08:44
2026-02-21,유튜브(영상),[YouTube] 지커 코리아,[영상] Extreme : Safety | 침수 상황에서 검증된 지커 7X 원클릭 윈도우 브레이킹 시스템 (조회수 85회),https://www.youtube.com/watch?v=rlxv0yTJTiw,2026-02-21 08:44
2026-02-21,일렉링크,★테슬라 [TKC] 모델S 모델3 모델X 모델Y 사이버트럭 FSD 전기차,SK일렉링크 구독 요금제 분석,https://cafe.naver.com/noljatravel/1528106,2026-02-21 08:42
2026-02-21,일렉링크,★ 기아 EV5 공식 동호회 [EV5 클럽] EV5 GT 롱레인지 보조금,충전비 할인,https://cafe.naver.com/300200/650641,2026-02-21 08:42
2026-02-21,일렉링크,★테슬라 [TKC] 모델S 모델3 모델X 모델Y 사이버트럭 FSD 전기차,Sk일렉링크 45100>>>35000,https://cafe.naver.com/noljatravel/1527678,2026-02-21 08:42
2026-02-21,일렉링크,★테슬라 [TKC] 모델S 모델3 모델X 모델Y 사이버트럭 FSD 전기차,SK일렉링크 이제 휴게소에서도 구독 할인되네요?,https://cafe.naver.com/noljatravel/1527271,2026-02-21 08:42
2026-02-21,일렉링크,"전기차동호회-아이오닉5 6 9,EV3 EV4 EV5 EV6 EV9,테슬라모델Y 3",충전 어플 사용 몇 개나 하시나요,https://cafe.naver.com/allfm01/1977551,2026-02-21 08:42
2026-02-21,일렉링크,★테슬라 [TKC] 모델S 모델3 모델X 모델Y 사이버트럭 FSD 전기차,일렉링크,https://cafe.naver.com/noljatravel/1527254,2026-02-21 08:42
2026-02-21,채비,★테슬라 [TKC] 모델S 모델3 모델X 모델Y 사이버트럭 FSD 전기차,선배님들 채비패스 구독해서 사용하시나요 ?,https://cafe.naver.com/noljatravel/1526979,2026-02-21 08:44
2026-02-22,유튜브(영상),[YouTube] 티쓰리,[영상] 🚨 운전 중 의식을 잃었는데 차가 혼자 병원까지 데려다줬다 | 테슬라 FSD 실화 (조회수 100회),https://www.youtube.com/watch?v=h1QSHUI93YM,2026-02-22 08:38
2026-02-22,채비,"전기차동호회-아이오닉5 6 9,EV3 EV4 EV5 EV6 EV9,테슬라모델Y 3",채비 홈 충전기 사용하고 계신분들 있나요?,https://cafe.naver.com/allfm01/1978700,2026-02-22 08:37
2026-02-22,일렉링크,★ 기아 EV5 공식 동호회 [EV5 클럽] EV5 GT 롱레인지 보조금,전기차 충전 개념이 너무 어려워요 ㅜㅜ,https://cafe.naver.com/300200/650775,2026-02-22 08:36
2026-02-22,일렉링크,★ 기아 EV5 공식 동호회 [EV5 클럽] EV5 GT 롱레인지 보조금,선불 포인트 충전 그린카드 적립여부,https://cafe.naver.com/300200/650777,2026-02-22 08:36
2026-02-22,일렉링크,"전기차동호회-아이오닉5 6 9,EV3 EV4 EV5 EV6 EV9,테슬라모델Y 3",sk일렉링크 구독하시는 분 계신가요?,https://cafe.naver.com/allfm01/1979033,2026-02-22 08:36
2026-02-23,유튜브(영상),[YouTube] 레드존 비디오,[영상] 전기차 초고속 충전 잦을 수록 배터리 수명 하락 #급속충전 (조회수 1189회),https://www.youtube.com/watch?v=OH_0ZT6c9iw,2026-02-23 08:41
2026-02-23,유튜브(영상),[YouTube] 티쓰리,"[영상] 테슬라 테슬라 유럽 대륙 뒤집었다? Grok AI 9개국 동시 상륙, 네비까지 알아서 해주는 시대 온다"" (조회수 106회)",https://www.youtube.com/watch?v=CY8QQ7O4U3Y,2026-02-23 08:41
2026-02-23,유튜브(영상),[YouTube] 티쓰리,"[영상] 🚗 테슬라, 2026 JD파워 전기차 만족도 1·2위 싹쓸이… BMW도 못 막았다 (조회수 1138회)",https://www.youtube.com/watch?v=240fLUdfop4,2026-02-23 08:41
2026-02-23,유튜브(영상),[YouTube] 티쓰리,"[영상] 테슬라 테슬라 유럽 대륙 뒤집었다? Grok AI 9개국 동시 상륙,  알아서 해주는 시대 온다"" (조회수 1085회)",https://www.youtube.com/watch?v=LENazy4_qGc,2026-02-23 08:41
2026-02-23,유튜브(영상),[YouTube] 티쓰리,"[영상] 테슬라 테슬라 유럽 대륙 뒤집었다? Grok AI 9개국 동시 상륙, 네비까지 알아서 해주는 시대 온다"" (조회수 1052회)",https://www.youtube.com/watch?v=Gbp4rvwGg9E,2026-02-23 08:41
2026-02-23,유튜브(영상),[YouTube] 티쓰리,"[영상] 🚗 테슬라, 2026 JD파워 전기차 만족도 1·2위 싹쓸이… BMW도 못 막았다 (조회수 708회)",https://www.youtube.com/watch?v=LmT0b8umXX4,2026-02-23 08:41
2026-02-23,유튜브(영상),[YouTube] 티쓰리,[영상] 🔥 테슬라 모델 쓰리 지금 사면 진짜 이득인 이유 | 0.99프로 금리의 비밀 (조회수 1035회),https://www.youtube.com/watch?v=wSRFoTk9b5E,2026-02-23 08:41
2026-02-23,유튜브(영상),[YouTube] 티쓰리,"[영상] 🚗 테슬라, 2026 JD파워 전기차 만족도 1·2위 싹쓸이… BMW도 못 막았다 (조회수 879회)",https://www.youtube.com/watch?v=UsTvyYjhKkc,2026-02-23 08:41
2026-02-23,유튜브(영상),[YouTube] 서가야 전기차 타자!,[영상] BYD 씨라이언7 충전비 아끼는 법｜모두의충전 특가 할인 사용법 (조회수 240회),https://www.youtube.com/watch?v=1CICIlrQ2LQ,2026-02-23 08:41
2026-02-23,유튜브(영상),[YouTube] 티쓰리,"[영상] ""스웨덴에서 테슬라 충전기에 물 부었다…머스크 욕하다가 EV 50대 줄세운 황당 사건"" (조회수 109회)",https://www.youtube.com/watch?v=q-BlECVFXMk,2026-02-23 08:41
2026-02-23,유튜브(영상),[YouTube] 티쓰리,"[영상] 🚗 테슬라, 2026 JD파워 전기차 만족도 1·2위 … BMW도 못 (조회수 1222회)",https://www.youtube.com/watch?v=3XYAH4G_0bE,2026-02-23 08:41
2026-02-23,유튜브(영상),[YouTube] 티쓰리,[영상] 테슬라 일론 머스크가 드디어 디즈니 텃밭에 터널 뚫는다? 유니버설 오를랜도 지하 교통망 프로젝트 최종 낙찰 (조회수 1042회),https://www.youtube.com/watch?v=MVV8BWpqMbU,2026-02-23 08:41
2026-02-23,유튜브(영상),[YouTube] 티쓰리,"[영상] 테슬라 테슬라 유럽 대륙 뒤집었다? Grok AI 9개국  상륙, 네비까지 알아서 해주는 시대 온다"" (조회수 1293회)",https://www.youtube.com/watch?v=EkL0tm6jDys,2026-02-23 08:41
2026-02-23,유튜브(영상),[YouTube] 이영민의 개인택시,[영상] [쏘나타 vs 전기차] “전기차 살까 말까?” 이 계산표 하나면 10초 만에 결론 납니다 (무료 공유) (조회수 4352회),https://www.youtube.com/watch?v=Z3hOyFjwPCU,2026-02-23 08:41
2026-02-23,유튜브(영상),[YouTube] 티쓰리,[영상] 테슬라가 드디어 전기차로 돈 벌게 ? 사이버트럭으로 월급 받는 시대 온다 (조회수 1421회),https://www.youtube.com/watch?v=W-rHOxO8Drc,2026-02-23 08:41
2026-02-23,일렉링크,"전기차동호회-아이오닉5 6 9,EV3 EV4 EV5 EV6 EV9,테슬라모델Y 3",완속충전 단가 얼마정도 하나요??,https://cafe.naver.com/allfm01/1979721,2026-02-23 08:39
2026-02-23,일렉링크,현대 [ 아이오닉9 오너스 ] 동호회,아9 급속충전만으로 사용하는건 무리일까요?,https://cafe.naver.com/ioniq9owners/16025,2026-02-23 08:39
2026-02-23,일렉링크,★ 아이오닉 공식 동호회 [아이오닉 멤버스] 아이오닉 5 6 7 9 N,Sk일렉링크 초고속충전 260kw 돌파,https://cafe.naver.com/cafeclip/1297232,2026-02-23 08:39
2026-02-23,일렉링크,★ 아이오닉 공식 동호회 [아이오닉 멤버스] 아이오닉 5 6 7 9 N,컨디셔닝하고 적합되서 sk일렉링크 200kw,https://cafe.naver.com/cafeclip/1297253,2026-02-23 08:39
2026-02-23,워터,★BYD 비야디 전기차 공식동호회[BYD 오너스]아토3 씰 씨라이언7,워터 160kw씩 뽑아주다가 쭉 152~155kw 굿,https://cafe.naver.com/rlfnrl2034/2060017,2026-02-23 08:40
2026-02-24,유튜브(영상),[YouTube] 오토뷰(AutoView) - 자동차 & 타이어 구입 참고서,"[영상] 전기차 망가뜨리는 최악의 운전... 속도별 전비, 배터리 진단기(LG에너지솔루션 B-Lifecare)로 시험 / 오토뷰 포커스 (조회수 25807회)",https://www.youtube.com/watch?v=HXkCflBN9JY,2026-02-24 08:48
2026-02-24,유튜브(영상),[YouTube] 이유 있는 주식,[영상] 전기차 3천만원 시대! 테슬라·볼보 가격폭탄에 진짜 수혜주는 따로 있다 #전기차충전 #충전인프라 (조회수 2742회),https://www.youtube.com/watch?v=4VvQYGMjVG4,2026-02-24 08:48
2026-02-24,유튜브(영상),[YouTube] 신차의모든것,[영상] 포르쉐 타이칸 위협하는 폴스타5(예상 가격) (조회수 1864회),https://www.youtube.com/watch?v=NYCIzQWhCDA,2026-02-24 08:48
2026-02-24,유튜브(영상),[YouTube] 부군coco,"[영상] 전기차는 집밥이 필수! 키로와트당 85원. 너무 저렴한 집밥 설치 비용과 충전비용 비교, 비닐뜯기, 기름차와 비용 비교 등 (조회수 968회)",https://www.youtube.com/watch?v=Bo92ROWOAEM,2026-02-24 08:48
2026-02-24,유튜브(영상),[YouTube] 카제로 Carzero,[영상] “바퀴 달린 스마트폰”에질린 사람들…DS N°8은 ‘촉감’으로 승부! #DSN8 #DSN°8 #DS오토모빌 #카제로 #automobile (조회수 1195회),https://www.youtube.com/watch?v=-jTQp0yUzSs,2026-02-24 08:48
2026-02-24,유튜브(영상),[YouTube] 티쓰리,"[영상] 🚗 테슬라 FSD, 드디어 이 기능 온다…일론 머스크가 직접 확인했습니다 (조회수 130회)",https://www.youtube.com/watch?v=Lzj89gojeBs,2026-02-24 08:48
2026-02-24,유튜브(영상),[YouTube] 사운드포스TV,[영상] 제네시스 GV70 EV 충전 포트 위치 완전 정리 (조회수 14회),https://www.youtube.com/watch?v=52j3NLwwV60,2026-02-24 08:48
2026-02-24,유튜브(영상),[YouTube] 신차의모든것,[영상] 폴스타가 전기차 판도 바꾼다! 폴스타3 폴스타5 국내 출시 핵심만 정리! (조회수 1762회),https://www.youtube.com/watch?v=Zo8Bazy_VA8,2026-02-24 08:48
2026-02-24,채비,"전기차동호회-아이오닉5 6 9,EV3 EV4 EV5 EV6 EV9,테슬라모델Y 3",채비 타인에 의한 강제종료 미출차 수수료,https://cafe.naver.com/allfm01/1980971,2026-02-24 08:48
2026-02-24,일렉링크,★테슬라 [TKC] 모델S 모델3 모델X 모델Y 사이버트럭 FSD 전기차,일렉링크 충전,https://cafe.naver.com/noljatravel/1530930,2026-02-24 08:47
2026-02-24,일렉링크,★테슬라 [TKC] 모델S 모델3 모델X 모델Y 사이버트럭 FSD 전기차,테린이 입니다. DC 콤보 및 충전카드 관련 질문입니다.,https://cafe.naver.com/noljatravel/1531154,2026-02-24 08:47
2026-02-24,일렉링크,★테슬라 [TKC] 모델S 모델3 모델X 모델Y 사이버트럭 FSD 전기차,일렉링크 87000 >> 66000,https://cafe.naver.com/noljatravel/1531606,2026-02-24 08:47
2026-02-24,일렉링크,★테슬라 [TKC] 모델S 모델3 모델X 모델Y 사이버트럭 FSD 전기차,첫 일렉링크 속도,https://cafe.naver.com/noljatravel/1531938,2026-02-24 08:47
2026-02-24,일렉링크,"전기차동호회-아이오닉5 6 9,EV3 EV4 EV5 EV6 EV9,테슬라모델Y 3",초보의 충전 구독요금제 질문,https://cafe.naver.com/allfm01/1980858,2026-02-24 08:47
2026-02-25,유튜브(영상),[YouTube] 티쓰리,"[영상] 테슬라 모델3, 드디어 이걸 바꾼다고? 코딩에서 발견된 두 가지 업그레이드 (조회수 14회)",https://www.youtube.com/watch?v=t-aNx5jc0S4,2026-02-25 08:48
2026-02-25,유튜브(영상),[YouTube] 티쓰리,[영상] 테슬라 일론 머스크가 드디어 디즈니 텃밭에 터널 뚫는다? 유니버설 오를랜도 지하 교통망 프로젝트 최종 낙찰 (조회수 719회),https://www.youtube.com/watch?v=lD4RRs_nnCE,2026-02-25 08:48
2026-02-25,유튜브(영상),[YouTube] 티쓰리,[영상] 테슬라 일론 머스크가 드디어 디즈니 텃밭에 터널 뚫는다? 유니버설 오를랜도 지하 교통망 프로젝트 최종 낙찰 (조회수 619회),https://www.youtube.com/watch?v=HqqWzF7HojU,2026-02-25 08:48
2026-02-25,유튜브(영상),[YouTube] Car update ,"[영상] 2026년, KGM이 제대로 사고를 쳤습니다. 전기 픽업 시 (조회수 20회)",https://www.youtube.com/watch?v=eXbgLoCfcGA,2026-02-25 08:48
2026-02-25,유튜브(영상),[YouTube] HyunDrive,[영상] 🔥 드디어 공개! 2026 기아 EV7 완전 공개 – 미래 전기 SUV의 새로운 기준이 온다! (조회수 64회),https://www.youtube.com/watch?v=ZqQNdHwe85E,2026-02-25 08:48
2026-02-25,유튜브(영상),[YouTube] 티쓰리,"[영상] 테슬라 모델Y, 호주 올해의 차 1위 등극… 도대체 뭐가 달라진 거야? (조회수 42회)",https://www.youtube.com/watch?v=Qk7NAMG0nxM,2026-02-25 08:48
2026-02-25,유튜브(영상),[YouTube] 티쓰리,"[영상] 테슬라 모델 Y, 드디어 호주에서 6인승으로 온다! (조회수 32회)",https://www.youtube.com/watch?v=jeNKcfe9vic,2026-02-25 08:48
2026-02-25,유튜브(영상),[YouTube] 티쓰리,"[영상] 테슬라 텍사스 도시가 일론 머스크한테 ""터널 뚫어달라고"" 공식 신청했다 (조회수 16회)",https://www.youtube.com/watch?v=9apc6nfbVNo,2026-02-25 08:48
2026-02-25,유튜브(영상),[YouTube] 티쓰리,[영상] 테슬라 일론 머스크가 드디어 디즈니 텃밭에 터널 뚫는다? 유니버설 오를랜도 지하 교통망 프로젝트 최종 낙찰 (조회수 531회),https://www.youtube.com/watch?v=wYAdJXZ6HUE,2026-02-25 08:48
2026-02-25,유튜브(영상),[YouTube] 세상이야기,"[영상] 중국 전기차의 공세, BYD ‘돌핀’ 2천만 원대 돌파 — 소비자 선택 기준은? #전기차 #EV #BYD #충전인프라 #보조금 #뉴스 #속보 #정치 #경제 #사회 #윤리 #도덕 (조회수 1882회)",https://www.youtube.com/watch?v=7oiQkRBRGCs,2026-02-25 08:48
2026-02-25,일렉링크,★테슬라 [TKC] 모델S 모델3 모델X 모델Y 사이버트럭 FSD 전기차,일렉링크 42100포인트,https://cafe.naver.com/noljatravel/1532868,2026-02-25 08:47
2026-02-25,채비,"#전기차맛집▶아이오닉5 6 9,테슬라모델3 Y,EV 3 6 9 장기렌트","채비, 이동식 전기차 충전서비스 5권역 운영 맡는다",https://cafe.naver.com/evkoreaplus/63946,2026-02-25 08:48
2026-02-26,채비,★테슬라 [TKC] 모델S 모델3 모델X 모델Y 사이버트럭 FSD 전기차,채비에서 충전과 세차도 하네요,https://cafe.naver.com/noljatravel/1534419,2026-02-26 08:45
2026-02-26,채비,"#전기차맛집▶아이오닉5 6 9,테슬라모델3 Y,EV 3 6 9 장기렌트","채비, '달리는 충전소' 선보인다",https://cafe.naver.com/evkoreaplus/64016,2026-02-26 08:45
2026-02-26,유튜브(영상),[YouTube] 티쓰리,"[영상] 일론 머스크 그록, 미 국방부 기밀 시스템 진입… 앤트로픽은 벼랑 끝 (조회수 42회)",https://www.youtube.com/watch?v=oxihwEVhPNU,2026-02-26 08:45
2026-02-26,이브이시스,★BYD 비야디 전기차 공식동호회[BYD 오너스]아토3 씰 씨라이언7,충전요금 싸게 쓰는 방법 좀 알려주세요ㅜ,https://cafe.naver.com/rlfnrl2034/2061293,2026-02-26 08:45
2026-02-26,유튜브(영상),[YouTube] 에잇,[영상] 레일 타고 차량 찾아가는 ‘전기차 충전 시스템’ 화제 (조회수 1556회),https://www.youtube.com/watch?v=a4aIRGtTMIU,2026-02-26 08:45
2026-02-26,유튜브(영상),[YouTube] 티쓰리,"[영상] 🚗 테슬라, 드디어 헤드라이트 고친다 — 소프트웨어 코드에서 발견된 진짜 변화 (조회수 129회)",https://www.youtube.com/watch?v=ryy43dFwANk,2026-02-26 08:45
2026-02-26,유튜브(영상),[YouTube] 티쓰리,[영상] 🚗 테슬라가 캘리포니아 DMV를 고소했다고?! 오토파일럿·FSD 허위광고 논란의 진짜 속사정 (조회수 17회),https://www.youtube.com/watch?v=LDB2fZYmJhI,2026-02-26 08:45
2026-02-26,채비,★BYD 비야디 전기차 공식동호회[BYD 오너스]아토3 씰 씨라이언7,채비등록시 돌핀 차량모델,https://cafe.naver.com/rlfnrl2034/2061274,2026-02-26 08:45
2026-02-26,일렉링크,★ 캐스퍼ev 전기차 공식 동호회 [캐스퍼 일렉트릭 클럽] 보조금,현대모비스 충전기가 왔네요.,https://cafe.naver.com/lastchaos2/397046,2026-02-26 08:43
2026-02-26,일렉링크,★테슬라 [TKC] 모델S 모델3 모델X 모델Y 사이버트럭 FSD 전기차,sk일렉링크(45000포인트)~>35000원,https://cafe.naver.com/noljatravel/1535136,2026-02-26 08:43
2026-02-26,일렉링크,★테슬라 [TKC] 모델S 모델3 모델X 모델Y 사이버트럭 FSD 전기차,SK일렉링크 36000포인트,https://cafe.naver.com/noljatravel/1534946,2026-02-26 08:43
2026-02-26,일렉링크,★테슬라 슈퍼 클럽 - 모델Y 주니퍼 모델3 하이랜드 사이버트럭,2026년 2월 충전 사업자별 충전요금,https://cafe.naver.com/shootgoal/1391753,2026-02-26 08:43
2026-02-26,일렉링크,"전기차동호회-아이오닉5 6 9,EV3 EV4 EV5 EV6 EV9,테슬라모델Y 3",Sk일렉링크 80만원 카드,https://cafe.naver.com/allfm01/1982508,2026-02-26 08:43
2026-02-27,유튜브(영상),[YouTube] 티쓰리,"[영상] 🔥 테슬라, 텍사스에 165만 평방피트 메가팩 공장 짓는다 — 미국 에너지 지도가 바뀐다 (조회수 30회)",https://www.youtube.com/watch?v=j-pFwxwG_Ss,2026-02-27 08:46
2026-02-27,채비,포르쉐 타이칸 동호회 ■ 더타이칸 클럽 ■ 투리스모 전기차,채비카드 급속 질문드려요!,https://cafe.naver.com/inhelia/30957,2026-02-27 08:45
2026-02-27,채비,"전기차동호회-아이오닉5 6 9,EV3 EV4 EV5 EV6 EV9,테슬라모델Y 3",집밥 이 채비인데 요금 좀 봐주세요~~,https://cafe.naver.com/allfm01/1983738,2026-02-27 08:45
2026-02-27,유튜브(영상),[YouTube] 돈대리,[영상] 탁송 대리운전 브이로그 . 지방 탁송!🚙전기차 충전 다 해놨다며!! #대리운전 #탁송 #투잡 #부업 #전업 (조회수 1170회),https://www.youtube.com/watch?v=c-emPq9jf-Y,2026-02-27 08:46
2026-02-27,이브이시스,"전기차동호회-아이오닉5 6 9,EV3 EV4 EV5 EV6 EV9,테슬라모델Y 3",개인사정으로EVSIS 고속으로만 충전..,https://cafe.naver.com/allfm01/1983747,2026-02-27 08:46
2026-02-27,유튜브(영상),[YouTube] 이볼루션_ EVolution,[영상] 지금 전기차 충전 제일 싼 곳 공개합니다 | 2026년 2월 최신 업데이트 (조회수 7623회),https://www.youtube.com/watch?v=hfMXGaRy9mI,2026-02-27 08:46
2026-02-27,채비,"전기차동호회-아이오닉5 6 9,EV3 EV4 EV5 EV6 EV9,테슬라모델Y 3",채비서초오늘 방문하니 세차 서비스 좋더군요~,https://cafe.naver.com/allfm01/1983629,2026-02-27 08:45
2026-02-27,워터,BMW i CLUB [BMW i 전기차 동호회] iX1 iX3 iX i3 i4 i5 i7 i8,워터 충전기 어떤가요?,https://cafe.naver.com/old13/78316,2026-02-27 08:45
2026-02-27,일렉링크,★테슬라 [TKC] 모델S 모델3 모델X 모델Y 사이버트럭 FSD 전기차,일렉링크 42100 > 32000원,https://cafe.naver.com/noljatravel/1536949,2026-02-27 08:44
2026-02-27,일렉링크,"전기차동호회-아이오닉5 6 9,EV3 EV4 EV5 EV6 EV9,테슬라모델Y 3",고속도로 휴게소 충전 다들 어떻게 하시나요?,https://cafe.naver.com/allfm01/1984135,2026-02-27 08:44
2026-02-27,일렉링크,"전기차동호회-아이오닉5 6 9,EV3 EV4 EV5 EV6 EV9,테슬라모델Y 3",Sk일렉링크 80만원 카드,https://cafe.naver.com/allfm01/1983690,2026-02-27 08:44
2026-02-27,일렉링크,★테슬라 [TKC] 모델S 모델3 모델X 모델Y 사이버트럭 FSD 전기차,이래서 dc콤보 사야 하나 봅니다.,https://cafe.naver.com/noljatravel/1535913,2026-02-27 08:44
2026-02-27,일렉링크,현대 [ 아이오닉9 오너스 ] 동호회,충전단가 차이,https://cafe.naver.com/ioniq9owners/16637,2026-02-27 08:44
2026-02-27,일렉링크,"전기차동호회-아이오닉5 6 9,EV3 EV4 EV5 EV6 EV9,테슬라모델Y 3",SK일렉링크 포인트 80만 이거 어떻게 쓰나요?,https://cafe.naver.com/allfm01/1983335,2026-02-27 08:44
2026-02-28,유튜브(영상),[YouTube] 티쓰리,[영상] 🚗 포드가 드디어 선 넘었다… 머스탱 마하E 프렁크 유료화 논란 (조회수 28회),https://www.youtube.com/watch?v=r97sfbLdwKI,2026-02-28 08:38
2026-02-28,유튜브(영상),[YouTube] 지커 코리아,"[영상] Zeekr | Luxury Expedition, 지커 9X (조회수 59회)",https://www.youtube.com/watch?v=PF8GAiANOWA,2026-02-28 08:38
2026-02-28,이브이시스,"전기차동호회-아이오닉5 6 9,EV3 EV4 EV5 EV6 EV9,테슬라모델Y 3",집밥 충전기 설치했어요.,https://cafe.naver.com/allfm01/1985375,2026-02-28 08:38
2026-02-28,채비,★ 기아 EV5 공식 동호회 [EV5 클럽] EV5 GT 롱레인지 보조금,채비 충전 속도 관련문의,https://cafe.naver.com/300200/652106,2026-02-28 08:38
2026-02-28,채비,"전기차동호회-아이오닉5 6 9,EV3 EV4 EV5 EV6 EV9,테슬라모델Y 3",채비카드가 뭔가요..?,https://cafe.naver.com/allfm01/1984678,2026-02-28 08:38
2026-02-28,일렉링크,★테슬라 [TKC] 모델S 모델3 모델X 모델Y 사이버트럭 FSD 전기차,일렉링크,https://cafe.naver.com/noljatravel/1537044,2026-02-28 08:37
2026-02-28,일렉링크,★ 아이오닉 공식 동호회 [아이오닉 멤버스] 아이오닉 5 6 7 9 N,일렉링크 실물카드,https://cafe.naver.com/cafeclip/1297861,2026-02-28 08:37
2026-02-28,일렉링크,★테슬라 [TKC] 모델S 모델3 모델X 모델Y 사이버트럭 FSD 전기차,아파트 충전기 업체 선정 관련하여 의견 부탁드립니다!,https://cafe.naver.com/noljatravel/1537296,2026-02-28 08:37
2026-02-28,일렉링크,"전기차동호회-아이오닉5 6 9,EV3 EV4 EV5 EV6 EV9,테슬라모델Y 3",SK일렉링크 고속도로 적용 이제야 알았네요 ㅠ,https://cafe.naver.com/allfm01/1985001,2026-02-28 08:37
2026-02-28,일렉링크,"전기차동호회-아이오닉5 6 9,EV3 EV4 EV5 EV6 EV9,테슬라모델Y 3",매달 여행 가는 사람이면 SK일렉링크 스타터 가입하는거 괜찮나요?,https://cafe.naver.com/allfm01/1985032,2026-02-28 08:37
2026-03-01,채비,클럽 테슬라 [Club Tesla] 모델S 모델3 모델X 모델Y RWD,채비 이동식 충전 서비스 시작하다,https://cafe.naver.com/foryoucom/376964,2026-03-01 08:35
2026-03-01,유튜브(영상),[YouTube] 티쓰리,[영상] 테슬라 일론 머스크가 드디어 디즈니 텃밭에 터널 뚫는다? 유니버설 오를랜도 지하 교통망 프로젝트 최종 낙찰 (조회수 903회),https://www.youtube.com/watch?v=GJQSYrZluxU,2026-03-01 08:35
2026-03-01,유튜브(영상),[YouTube] 티쓰리,[영상] 테슬라 일론 머스크가 드디어 디즈니 텃밭에 터널 뚫는다? 유니버설 오를랜도 지하 교통망 프로젝트 최종 낙찰 (조회수 1074회),https://www.youtube.com/watch?v=PIoBb7QrTfE,2026-03-01 08:35
2026-03-01,유튜브(영상),[YouTube] 티쓰리,[영상] 테슬라 일론 머스크가 드디어 디즈니 텃밭에 터널 뚫는다? 유니버설 오를랜도 지하 교통망 프로젝트 최종 낙찰 (조회수 1035회),https://www.youtube.com/watch?v=OS_1uX9Buf8,2026-03-01 08:35
2026-03-01,유튜브(영상),[YouTube] 티쓰리,[영상] 테슬라 일론 머스크가 드디어 디즈니 텃밭에 터널 뚫는다? 유니버설 오를랜도 지하 교통망 프로젝트 최종 낙찰 (조회수 865회),https://www.youtube.com/watch?v=GY97G7eUJTM,2026-03-01 08:35
2026-03-01,워터,★테슬라 [TKC] 모델S 모델3 모델X 모델Y 사이버트럭 FSD 전기차,서해안 고속도로 슈퍼차저나 워터잇나요?,https://cafe.naver.com/noljatravel/1539338,2026-03-01 08:34
2026-03-01,유튜브(영상),[YouTube] 유테슬,[영상] 오르는 급속 충전비 + 폭탄 보험료.. 테슬라 유지비 괜찮을까? (직접 1년 타봤습니다) (조회수 2361회),https://www.youtube.com/watch?v=s_S-I-HXDCg,2026-03-01 08:35
2026-03-01,유튜브(영상),[YouTube] 티쓰리,[영상] 테슬라가 사이버트럭에 오랫동안 숨겨뒀던 기능을 드디어 켜려 한다는 거예요 ANC Active Noise Cancellation 우리말로 하면 능동형 소음 제거 기능이에요. (조회수 66회),https://www.youtube.com/watch?v=vWYVJMeXhA4,2026-03-01 08:35
2026-03-01,일렉링크,"전기차동호회-아이오닉5 6 9,EV3 EV4 EV5 EV6 EV9,테슬라모델Y 3",SK일렉링크 충전 요금 반전,https://cafe.naver.com/allfm01/1985912,2026-03-01 08:33
2026-03-01,일렉링크,현대 [ 아이오닉9 오너스 ] 동호회,SK일렉링크,https://cafe.naver.com/ioniq9owners/17012,2026-03-01 08:33
2026-03-01,일렉링크,"전기차동호회-아이오닉5 6 9,EV3 EV4 EV5 EV6 EV9,테슬라모델Y 3",충전요금 590원 진심 미쳤네요 ㅋㅋ,https://cafe.naver.com/allfm01/1985542,2026-03-01 08:33
2026-03-01,일렉링크,★테슬라 [TKC] 모델S 모델3 모델X 모델Y 사이버트럭 FSD 전기차,sk일렉링크,https://cafe.naver.com/noljatravel/1539038,2026-03-01 08:33
2026-03-01,일렉링크,★테슬라 [TKC] 모델S 모델3 모델X 모델Y 사이버트럭 FSD 전기차,일렉링크 42000>> 32000,https://cafe.naver.com/noljatravel/1539325,2026-03-01 08:33
2026-03-02,유튜브(영상),[YouTube] The Autos,"[영상] Finally Unveiled, 2026 현대 스타리아 일렉트릭 공개, 미래형 전기 MPV의 등장 (조회수 19회)",https://www.youtube.com/watch?v=BmabQb6UZcg,2026-03-02 08:38
2026-03-02,유튜브(영상),[YouTube] 자동차금고,"[영상] ""500만 원 아끼려다 750만 원 날렸습니다"" 전기차 샀던 사람들이 땅을 치고 후회하는 이유 (조회수 24회)",https://www.youtube.com/watch?v=l1drxYO0A-Q,2026-03-02 08:38
2026-03-02,유튜브(영상),[YouTube] 에너지하우징,"[영상] ""기름값보다 비싸다고?"" 2026년 전기차 충전료 '폭탄' 터졌습니다 (지금 당장 확인하세요) (조회수 107회)",https://www.youtube.com/watch?v=5IEAdCxQYmU,2026-03-02 08:38
2026-03-02,유튜브(영상),[YouTube] 티쓰리,"[영상] 테슬라 테슬라 유럽 대륙 뒤집었다? Grok AI 9개국 동시 상륙, 네비까지 알아서 해주는 시대 온다"" (조회수 943회)",https://www.youtube.com/watch?v=sHv22imhUkI,2026-03-02 08:38
2026-03-02,유튜브(영상),[YouTube] 티쓰리,"[영상] 테슬라 테슬라 유럽 대륙 뒤집었다? Grok AI 9개국 동시 상륙, 네비까지 알아서 해주는 시대 온다"" (조회수 1186회)",https://www.youtube.com/watch?v=0HGWBihldlo,2026-03-02 08:38
2026-03-02,유튜브(영상),[YouTube] 티쓰리,"[영상] 🚗 테슬라, 2026 JD파워 전기차 만족도 1·2위 싹쓸이… BMW도 못 막았다 (조회수 1416회)",https://www.youtube.com/watch?v=Fxpb1G-fmZw,2026-03-02 08:38
2026-03-02,유튜브(영상),[YouTube] 티쓰리,[영상] 테슬라가 드디어 전기차로 돈 벌게 해준다고? 사이버트럭으로 월급 받는 시대 온다 (조회수 1577회),https://www.youtube.com/watch?v=SicRgj6TqCg,2026-03-02 08:38
2026-03-02,채비,포르쉐 타이칸 동호회 ■ 더타이칸 클럽 ■ 투리스모 전기차,채비카드 (미등록),https://cafe.naver.com/inhelia/31040,2026-03-02 08:37
2026-03-02,유튜브(영상),[YouTube] Rev Nation,[영상] 2026 제네시스 GV60 드디어 공개 충격적인 변화 전기 SUV 끝판왕 등장 지금 확인하세요 (조회수 31회),https://www.youtube.com/watch?v=82so2GWmotY,2026-03-02 08:38
2026-03-02,일렉링크,★테슬라 [TKC] 모델S 모델3 모델X 모델Y 사이버트럭 FSD 전기차,일렉링크 포인트 70180,https://cafe.naver.com/noljatravel/1540860,2026-03-02 08:36
2026-03-02,일렉링크,★현대 아이오닉9 공식 동호회-아이오닉9 클럽 [나인클] 보조금,SK일렉링크 볼트업 충전후기,https://cafe.naver.com/optimusex119/206509,2026-03-02 08:36
2026-03-02,일렉링크,현대 [ 아이오닉9 오너스 ] 동호회,환경부 카드 로밍 질문드립니다.,https://cafe.naver.com/ioniq9owners/17061,2026-03-02 08:36
2026-03-02,일렉링크,★테슬라 [TKC] 모델S 모델3 모델X 모델Y 사이버트럭 FSD 전기차,"SK일렉링크 45,100P",https://cafe.naver.com/noljatravel/1540590,2026-03-02 08:36
2026-03-03,유튜브(영상),[YouTube] 김한용의 MOCAR,[영상] 아파트 전기차 충전요금 폭등! 알고보면 뒷돈 때문? (조회수 9306회),https://www.youtube.com/watch?v=GC77y6M_h04,2026-03-03 08:42
2026-03-03,유튜브(영상),[YouTube] 티쓰리,[영상] 위키피디아 vs 일론 머스크 싸움 일론 머스크가 운영하는 AI 기업 xAI가 얼마 전 '그로키피디아'라는 걸 출시했어요. 이름에서 딱 느껴지죠? Grok + Wikipedia = (조회수 14회),https://www.youtube.com/watch?v=rpSlE6-Fhrc,2026-03-03 08:42
2026-03-03,유튜브(영상),[YouTube] 슬기로운 운전생활,[영상] 전기차 유지비가 진짜 저렴한지 따져봐야 하는 이유 (조회수 20회),https://www.youtube.com/watch?v=ASrpyKxNSLI,2026-03-03 08:42
2026-03-03,유튜브(영상),[YouTube] 티쓰리,[영상] 테슬라가 드디어 전기차로 돈 벌게 해준다고? 사이버트럭으로 월급 받는 시대 온다 (조회수 851회),https://www.youtube.com/watch?v=gQg3yWmUxIE,2026-03-03 08:42
2026-03-03,유튜브(영상),[YouTube] 티쓰리,[영상] 테슬라 일론 머스크가 드디어 디즈니 텃밭에 터널 뚫는다? 유니버설 오를랜도 지하 교통망 프로젝트 최종 낙찰 (조회수 998회),https://www.youtube.com/watch?v=I6QcHWFrT7U,2026-03-03 08:42
2026-03-03,유튜브(영상),[YouTube] 티쓰리,[영상] 테슬라 일론 머스크가 드디어 디즈니 텃밭에 터널 뚫는다? 유니버설 오를랜도 지하 교통망 프로젝트 최종 낙찰 (조회수 1004회),https://www.youtube.com/watch?v=COhCinEVC-Y,2026-03-03 08:42
2026-03-03,유튜브(영상),[YouTube] 티쓰리,[영상] 테슬라 일론 머스크가 드디어 디즈니 텃밭에 터널 뚫는다? 유니버설 오를랜도 지하 교통망 프로젝트 최종 낙찰 (조회수 1410회),https://www.youtube.com/watch?v=KAf1o5BX77o,2026-03-03 08:42
2026-03-03,유튜브(영상),[YouTube] 말많은구씨,"[영상] 테슬라 모델Y 주니퍼 차박, 전기차 차박이 좋은 장점 그리고 테슬라 악세서리들을 알려 드립니다. 조우아 제품은 여기서 사세요 (조회수 2815회)",https://www.youtube.com/watch?v=QTOYClzl2mY,2026-03-03 08:42
2026-03-03,유튜브(영상),[YouTube] Car Xplore,[영상] 2026 Kia Bongo EV6i 카고 픽업 리뷰 도심 물류를 바꿀 전기 트럭 (조회수 10회),https://www.youtube.com/watch?v=9q1M1eDsPJ4,2026-03-03 08:42
2026-03-03,일렉링크,현대 [ 아이오닉9 오너스 ] 동호회,오늘 충전기록,https://cafe.naver.com/ioniq9owners/17185,2026-03-03 08:41
2026-03-04,유튜브(영상),[YouTube] MyCarCare,[영상] 전기차 충전 요금 비쌀수록 누가 돈 벌까요 ?   #automobile  #자동차꿀팁 #전기차충전요금비교 (조회수 1091회),https://www.youtube.com/watch?v=memsfQJQ25Q,2026-03-04 08:42
2026-03-04,유튜브(영상),[YouTube] 티쓰리,"[영상] 테슬라 테슬라 유럽 대륙 뒤집었다? Grok AI 9개국 동시 상륙, 네비까지 알아서 해주는 시대 온다"" (조회수 608회)",https://www.youtube.com/watch?v=IjktMXzrFDM,2026-03-04 08:42
2026-03-04,유튜브(영상),[YouTube] 티쓰리,"[영상] 테슬라 테슬라 유럽 대륙 뒤집었다? Grok AI 9개국 동시 상륙, 네비까지 알아서 해주는 시대 온다"" (조회수 592회)",https://www.youtube.com/watch?v=phR9iiwKc40,2026-03-04 08:42
2026-03-04,유튜브(영상),[YouTube] 티쓰리,"[영상] 테슬라 테슬라 유럽 대륙 뒤집었다? Grok AI 9개국 동시 상륙, 네비까지 알아서 해주는 시대 (조회수 534회)",https://www.youtube.com/watch?v=d17C45ad71c,2026-03-04 08:42
2026-03-04,유튜브(영상),[YouTube] 티쓰리,[영상] no 노르웨이 전기차 98%... 테슬라가 다시 1위 찍었다 (조회수 60회),https://www.youtube.com/watch?v=Y4heK2TgPGQ,2026-03-04 08:42
2026-03-04,유튜브(영상),[YouTube] 티쓰리,[영상] 테슬라 유럽 1억 4천만 명의 폰이 위성에 연결된다? 스타링크 V2 × 도이체 텔레콤의 야심찬 계획 (조회수 205회),https://www.youtube.com/watch?v=6SMK76UpJ98,2026-03-04 08:42
2026-03-04,유튜브(영상),[YouTube] 티쓰리,[영상] 월세 사는 테슬라 오너가 결국 집에서 충전 성공한 방법 (조회수 88회),https://www.youtube.com/watch?v=TCkpFrJ5K2s,2026-03-04 08:42
2026-03-04,유튜브(영상),[YouTube] 다시피는시니어LifeTopia,[영상] 전기차 충전 요금 비쌀수록 누가 돈 벌까요 ? #공감과위로 #이슈 #전기차충전요금 (조회수 2399회),https://www.youtube.com/watch?v=N-1pHsqFA9E,2026-03-04 08:42
2026-03-04,유튜브(영상),[YouTube] 티쓰리,[영상] 테슬라가 드디어 전기차로 돈 벌게 해준다고? 사이버트럭으로 월급 받는 시대 (조회수 514회),https://www.youtube.com/watch?v=l6WZKWASlr8,2026-03-04 08:42
2026-03-04,유튜브(영상),[YouTube] 티쓰리,"[영상] 🚗 테슬라 FSD, 84억 마일 돌파… 완전자율주행까지 얼마나 남았나? (조회수 201회)",https://www.youtube.com/watch?v=6h_cGIicYF8,2026-03-04 08:42
2026-03-04,채비,★테슬라 [TKC] 모델S 모델3 모델X 모델Y 사이버트럭 FSD 전기차,채비로 충전했는데 결제가 안됐어요,https://cafe.naver.com/noljatravel/1543571,2026-03-04 08:42
2026-03-04,이브이시스,"전기차동호회-아이오닉5 6 9,EV3 EV4 EV5 EV6 EV9,테슬라모델Y 3",영등포이브이시스 283원 급속충전소 생각 공장당산,https://cafe.naver.com/allfm01/1988250,2026-03-04 08:42
2026-03-04,일렉링크,★BYD 비야디 전기차 공식동호회[BYD 오너스]아토3 씰 씨라이언7,돌핀 전비와 충전 후기,https://cafe.naver.com/rlfnrl2034/2064497,2026-03-04 08:41
2026-03-04,일렉링크,현대 아이오닉9 오너스 - 나이너스,ev 충전 카드는 어떤 걸 준비하는게 좋을까요?,https://cafe.naver.com/ioniq9owners/17355,2026-03-04 08:41
2026-03-05,유튜브(영상),[YouTube] 티쓰리,[영상] 테슬라가 드디어 전기차로 돈 벌게 해준다고? 사이버트럭으로 월급 받는 시대 (조회수 688회),https://www.youtube.com/watch?v=xt3iPsp-VxQ,2026-03-05 08:45
2026-03-05,유튜브(영상),[YouTube] 티쓰리,[영상] no 노르웨이 전기차 98%... 테슬라가 다시 1위 찍었다 (조회수 672회),https://www.youtube.com/watch?v=XfRpr1lWmLs,2026-03-05 08:45
2026-03-05,유튜브(영상),[YouTube] 티쓰리,"[영상] 테슬라 테슬라 유럽 대륙 뒤집었다? Grok AI 9개국 동시 상륙, 네비까지 알아서 해주는 시대 온다"" (조회수 540회)",https://www.youtube.com/watch?v=u8zEZ11QL7Y,2026-03-05 08:45
2026-03-05,유튜브(영상),[YouTube] 티쓰리,[영상] 🔥 테슬라 모델 쓰리 지금 사면 진짜 이득인 이유 | 0.99프로 금리의 비밀 (조회수 454회),https://www.youtube.com/watch?v=z-6UQRNQjx4,2026-03-05 08:45
2026-03-05,유튜브(영상),[YouTube] 티쓰리,"[영상] 테슬라 테슬라 유럽 대륙 뒤집었다? Grok AI 9개국 동시 상륙, 네비까지 알아서 해주는 시대 (조회수 388회)",https://www.youtube.com/watch?v=jC3yrpyYpQE,2026-03-05 08:45
2026-03-05,유튜브(영상),[YouTube] 티쓰리,"[영상] 스타십 한 번에 위성 50기, 6개월 만에 지구 전체 덮는다 — 2027년 스타링크가 완전히 달라집니다 (조회수 17회)",https://www.youtube.com/watch?v=lnM5LgG2kO0,2026-03-05 08:45
2026-03-05,유튜브(영상),[YouTube] 티쓰리,[영상] 테슬라 공장장이 독일 1위 경제지에 직접 선전포고한 이유 (조회수 87회),https://www.youtube.com/watch?v=R01YfJ2pfXc,2026-03-05 08:45
2026-03-05,유튜브(영상),[YouTube] 티쓰리,"[영상] 🔥 일론 머스크, 17조 빚을 한 번에 갚는다고?! (조회수 59회)",https://www.youtube.com/watch?v=nSdUWrxz5SM,2026-03-05 08:45
2026-03-05,유튜브(영상),[YouTube] 티쓰리,[영상] 테슬라 기가텍사스 드론 영상에 사이버캡 25대 잡혔다 (조회수 30회),https://www.youtube.com/watch?v=3f7GW6bBXDw,2026-03-05 08:45
2026-03-05,유튜브(영상),[YouTube] 티쓰리,[영상] 🔥 테슬라 모델 쓰리 지금 사면 진짜 이득인 이유 | 0.99프로 금리의 비밀 (조회수 715회),https://www.youtube.com/watch?v=s_oF6x2oOO4,2026-03-05 08:45
2026-03-05,유튜브(영상),[YouTube] 루아짱의경제학,[영상] 아파트 전기차 충전요금 폭등...알고보면 뒷돈 때문? (조회수 11회),https://www.youtube.com/watch?v=GubZA3mgcFE,2026-03-05 08:45
2026-03-05,유튜브(영상),[YouTube] 에너지하우징,"[영상] ""충전비 역전의 비극"" 기름값보다 비싼 전기차 충전료? 이제 탈 이유가 사라졌습니다. (조회수 249회)",https://www.youtube.com/watch?v=mzCVov8hLvM,2026-03-05 08:45
2026-03-05,유튜브(영상),[YouTube] 지핑 ZIPPING,[영상] 캐즘은 무슨? 전기차 역대급 판매 이유 #shorts #지핑 (조회수 798회),https://www.youtube.com/watch?v=h5QMTDiU39M,2026-03-05 08:45
2026-03-05,유튜브(영상),[YouTube] Autoherald TV 'CARUMN',[영상] [1분 카럼] '2분이면 끝' BYD 1500kW 슈퍼울트라 초급속 충전 시스템 #BYD #전기차 #급속충전 #오토헤럴드 (조회수 1552회),https://www.youtube.com/watch?v=8z7PJKa0Ork,2026-03-05 08:45
2026-03-05,일렉링크,★ 아이오닉 공식 동호회 [아이오닉 멤버스] 아이오닉 5 6 7 9 N,sk일렉링크 로밍 충전단가 이게 맞나요?,https://cafe.naver.com/cafeclip/1298355,2026-03-05 08:44
2026-03-05,유튜브(영상),[YouTube] 티쓰리,[영상] 테슬라가 드디어 전기차로 돈 벌게 해준다고? 사이버트럭으로 월급 받는 시대 온다 (조회수 963회),https://www.youtube.com/watch?v=I88VPlnohQI,2026-03-05 08:45
2026-03-05,이브이시스,"전기차동호회-아이오닉5 6 9,EV3 EV4 EV5 EV6 EV9,테슬라모델Y 3",채비나 이브이시스에서 ev6 완충 비용이 어느정도 인가요,https://cafe.naver.com/allfm01/1989547,2026-03-05 08:45
2026-03-05,유튜브(영상),[YouTube] 모트라인 MOTline,[영상] 책임 회피성 정책이 결국 전기차 충전요금 폭증을 불러왔다. (조회수 6104회),https://www.youtube.com/watch?v=K01bTT7_tik,2026-03-05 08:45
2026-03-05,채비,"전기차동호회-아이오닉5 6 9,EV3 EV4 EV5 EV6 EV9,테슬라모델Y 3",채비나 이브이시스에서 ev6 완충 비용이 어느정도 인가요,https://cafe.naver.com/allfm01/1989547,2026-03-05 08:45
2026-03-06,유튜브(영상),[YouTube] 티쓰리,"[영상] 테슬라 테슬라 유럽 대륙 뒤집었다? Grok AI 9개국 동시 상륙, 네비까지 알아서 해주는 시대 온다"" (조회수 657회)",https://www.youtube.com/watch?v=JakjHuv3m8Y,2026-03-06 08:59
2026-03-06,유튜브(영상),[YouTube] 에잇,[영상] 충전 없이 햇빛으로 달린다? 美 태양광 전기차 첫 출고 (조회수 905회),https://www.youtube.com/watch?v=NxIrhdEqyEQ,2026-03-06 08:59
2026-03-06,유튜브(영상),[YouTube] 티쓰리,"[영상] 테슬라 테슬라 유럽 대륙 뒤집었다? Grok AI 9개국 동시 상륙, 네비까지 알아서 해주는 시대 온다"" (조회수 796회)",https://www.youtube.com/watch?v=RUHI5aItH0o,2026-03-06 08:59
2026-03-06,유튜브(영상),[YouTube] 티쓰리,[영상] 🔥 테슬라 모델 쓰리 지금 사면 진짜 이득인 이유 | 0.99프로 금리의 비밀 (조회수 744회),https://www.youtube.com/watch?v=3vZxGLd5STo,2026-03-06 08:59
2026-03-06,유튜브(영상),[YouTube] 티쓰리,"[영상] 테슬라 테슬라 유럽 대륙 뒤집었다? Grok AI 9개국 동시 상륙, 네비까지 알아서 해주는 시대 온다"" (조회수 702회)",https://www.youtube.com/watch?v=QSuPq26ICxk,2026-03-06 08:59
2026-03-06,유튜브(영상),[YouTube] 티쓰리,"[영상] 테슬라 테슬라 유럽 대륙 뒤집었다? Grok AI 9개국 동시 상륙, 네비까지 알아서 해주는 시대 온다"" (조회수 698회)",https://www.youtube.com/watch?v=Gxgsf0OKJ8g,2026-03-06 08:59
2026-03-06,유튜브(영상),[YouTube] 티쓰리,[영상] 🔥 테슬라 모델 쓰리 지금 사면 진짜 이득인 이유 | 0.99프로 금리의 비밀 (조회수 606회),https://www.youtube.com/watch?v=xMDWXi4vV1E,2026-03-06 08:59
2026-03-06,유튜브(영상),[YouTube] 티쓰리,"[영상] 테슬라가 삼성한테 갑자기 웨이퍼 24,000장을 더 달라고 했다 (조회수 23회)",https://www.youtube.com/watch?v=2_Rv4bnQPm0,2026-03-06 08:59
2026-03-06,유튜브(영상),[YouTube] 과니로드 GwaniRoad,"[영상] “테슬라 충전, 딱 4가지만 알면 끝” #테슬라 #2026 #테슬라주니퍼 #주니퍼충전 #전기차 #전기차충전 #완속충전 #급속충전 #슈퍼차져 #모바일커넥터 (조회수 498회)",https://www.youtube.com/watch?v=4qPRdHnII0U,2026-03-06 08:59
2026-03-06,유튜브(영상),[YouTube] 티쓰리,[영상] 테슬라가 드디어 전기차로 돈 벌게 해준다고? 사이버트럭으로 월급 받는 시대 온다 (조회수 497회),https://www.youtube.com/watch?v=ag1tB6mMML8,2026-03-06 08:59
2026-03-06,유튜브(영상),[YouTube] 티쓰리,[영상] 테슬라 완전자율주행 3주 써봤더니 진짜 황당한 일이 생겼습니다 (조회수 42회),https://www.youtube.com/watch?v=i0hID_Eb5Lg,2026-03-06 08:59
2026-03-06,유튜브(영상),[YouTube] 티쓰리,[영상] 테슬라 주가 46만원 간다? 뱅크오브아메리카가 지금 난리난 이유 (조회수 24회),https://www.youtube.com/watch?v=dvJL7iH-Jac,2026-03-06 08:59
2026-03-06,유튜브(영상),[YouTube] 지핑 ZIPPING,[영상] 제주도 여행 갔다가 충전 때문에 울 뻔했다? #shorts #지핑 (조회수 1015회),https://www.youtube.com/watch?v=BCPVCmCuShk,2026-03-06 08:59
2026-03-06,유튜브(영상),[YouTube] 티쓰리,[영상] 테슬라테슬라가 AGI를 로봇으로 만든다고? 머스크가 직접 올린 글 한 줄이 업계를 뒤집었다 (조회수 10회),https://www.youtube.com/watch?v=3zBwdfr07ag,2026-03-06 08:59
2026-03-06,유튜브(영상),[YouTube] 지핑 ZIPPING,[영상] 고속도로 충전 믿지 마 전기차 오너 생존 꿀팁 (조회수 518회),https://www.youtube.com/watch?v=T37nd5pE8I0,2026-03-06 08:59
2026-03-06,유튜브(영상),[YouTube] 비머조 - BMW 조우식 ,[영상] 1억 넘는 럭셔리 전기차 한 번 충전하면 얼마? #Shorts #i7 (조회수 1446회),https://www.youtube.com/watch?v=-eeeYHOo7DY,2026-03-06 08:59
2026-03-06,유튜브(영상),[YouTube] 은빛유니콘의 지식(Knowledge),[영상] 2026년 03월 05일 전기차 충전 요금 동향 (회원/비회원 100kW급 미만/100kW급 이상/완속/급속 최저/최고) (조회수 539회),https://www.youtube.com/watch?v=2XWpBohR5k4,2026-03-06 08:59
2026-03-06,유튜브(영상),[YouTube] 티쓰리,[영상] 테슬라 일론 머스크가 드디어 디즈니 텃밭에 터널 뚫는다? 유니버설 오를랜도 지하 교통망 프로젝트 최종 낙찰 (조회수 1911회),https://www.youtube.com/watch?v=mY84CqrGX8Q,2026-03-06 08:59
2026-03-06,유튜브(영상),[YouTube] 티쓰리,[영상] 테슬라가 드디어 전기차로 돈 벌게 해준다고? 사이버트럭으로 월급 받는 시대 온다 (조회수 1841회),https://www.youtube.com/watch?v=hDR-8WjsSK4,2026-03-06 08:59
2026-03-06,일렉링크,"전기차동호회-아이오닉5 6 9,EV3 EV4 EV5 EV6 EV9,테슬라모델Y 3","[SK일렉링크] 3월 한정, 첫 달 결제 시 2개월 구독료 100% 페이백! (역대급 혜택!)",https://cafe.naver.com/allfm01/1990071,2026-03-06 08:58
2026-03-06,일렉링크,"전기차동호회-아이오닉5 6 9,EV3 EV4 EV5 EV6 EV9,테슬라모델Y 3",다들 전기차 충전카드 몇개씩 가지고 계신가요?,https://cafe.naver.com/allfm01/1989917,2026-03-06 08:58
2026-03-06,일렉링크,★테슬라 [TKC] 모델S 모델3 모델X 모델Y 사이버트럭 FSD 전기차,슈차로 충전할것인가? SK일렉으로 충전할 것인가?,https://cafe.naver.com/noljatravel/1545298,2026-03-06 08:58
2026-03-06,일렉링크,★테슬라 [TKC] 모델S 모델3 모델X 모델Y 사이버트럭 FSD 전기차,sk 일렉링크,https://cafe.naver.com/noljatravel/1545238,2026-03-06 08:58
2026-03-06,일렉링크,★ 기아 EV5 공식 동호회 [EV5 클럽] EV5 GT 롱레인지 보조금,충전할 때 필요한 것들은 무엇이있나요??,https://cafe.naver.com/300200/653311,2026-03-06 08:58
2026-03-06,이브이시스,"전기차동호회-아이오닉5 6 9,EV3 EV4 EV5 EV6 EV9,테슬라모델Y 3",신박한 충전...,https://cafe.naver.com/allfm01/1990042,2026-03-06 08:59
2026-03-06,유튜브(영상),[YouTube] 노보스인더스트리 NOBOSSINDUSTRY,[영상] 전기차 충전 요금 kWh 600원을 넘어간다고?! (조회수 36491회),https://www.youtube.com/watch?v=RsRLojT9_vw,2026-03-06 08:59
2026-03-06,유튜브(영상),[YouTube] 유자차 개러지  Yoojacha Garage,"[영상] 소비자는 봉!! 원가 절감의 끝판왕, 전기차 전면 충전구  (조회수 6187회)",https://www.youtube.com/watch?v=GN-JAfMdGkE,2026-03-06 08:59
2026-03-07,유튜브(영상),[YouTube] 경제브리핑365,"[영상] 테슬라도 포기한 기술, 삼성SDI가 해냈다 9분 충전 965km의 비밀 (조회수 5668회)",https://www.youtube.com/watch?v=V5stUsRLLKw,2026-03-07 08:41
2026-03-07,유튜브(영상),[YouTube] 카톡쇼츠,"[영상] 전기차 충전 요금, 나도 모르게 오른 이유! (조회수 2479회)",https://www.youtube.com/watch?v=ArHXzGS6m1c,2026-03-07 08:41
2026-03-07,유튜브(영상),[YouTube] 에너지하우징,"[영상] ""내 차값이 반토막? 전기차 잔혹사"" (조회수 2414회)",https://www.youtube.com/watch?v=nnL1NUeQDPE,2026-03-07 08:41
2026-03-07,유튜브(영상),[YouTube] 카톡쇼츠,"[영상] 급속이랑 완속, 충전요금 차이 없는게 말이 돼? #전기차충전기 #충전요금 #모트라인 (조회수 2024회)",https://www.youtube.com/watch?v=Lhn6EutTt-0,2026-03-07 08:41
2026-03-07,유튜브(영상),[YouTube] 티쓰리,"[영상] 테슬라 스페이스X 사장이 백악관에서 직접 발표한 것 일론 머스크 AI 슈퍼컴퓨터, 멤피스 전체를 먹여 살린다""** (조회수 25회)",https://www.youtube.com/watch?v=CmKgH-vmwtc,2026-03-07 08:41
2026-03-07,유튜브(영상),[YouTube] 티쓰리,"[영상] 테슬라 기가 베를린, 노조 거부했다 — 독일 자동차 역사 바꿨나? (조회수 118회)",https://www.youtube.com/watch?v=_3N_hX7L1PQ,2026-03-07 08:41
2026-03-07,유튜브(영상),[YouTube] 논슈,[영상] [SNS🔥] 요금 2배 폭등에 뿔난 전기차 오너들... 아파트 충전기에 숨겨진 소름돋는 비밀 😡⚡ (조회수 11회),https://www.youtube.com/watch?v=CQ62_oYXPqk,2026-03-07 08:41
2026-03-07,유튜브(영상),[YouTube] BYD 김땡구,[영상] 전기차 충전 속도가 다른 이유  #byd #전기차 #급속충전 #충전속도 #byd김땡구 #byd김성규 (조회수 1459회),https://www.youtube.com/watch?v=WSjz3k6M4wQ,2026-03-07 08:41
2026-03-07,유튜브(영상),[YouTube] 티쓰리,[영상] 테슬라가 차 이름을 바꿔야 했던 진짜 이유 (조회수 17회),https://www.youtube.com/watch?v=44tnvFR_VyY,2026-03-07 08:41
2026-03-07,워터,"전기차동호회-아이오닉5 6 9,EV3 EV4 EV5 EV6 EV9,테슬라모델Y 3",워터 초급속 속도 잘 나오시나요?,https://cafe.naver.com/allfm01/1991327,2026-03-07 08:40
2026-03-08,유튜브(영상),[YouTube] 세상이야기,[영상] 멀쩡한 충전기 뜯어내고 요금 인상? 아파트 충전기 교체 논란 총정리 #충전기교체논란 #전기차충전기 #보조금악용 #아파트갈등 #충전요금인상 #뉴스 #속보 #정치 #경제 #사회 #도덕 (조회수 800회),https://www.youtube.com/watch?v=oFsBGdzd7sA,2026-03-08 08:36
2026-03-08,유튜브(영상),[YouTube] 티쓰리,"[영상] 🚗 테슬라, 2026 JD파워 전기차 만족도 1·2위 싹쓸이… BMW도 못 막았다 (조회수 715회)",https://www.youtube.com/watch?v=uaNozOMoFNw,2026-03-08 08:36
2026-03-08,유튜브(영상),[YouTube] 티쓰리,[영상] 테슬라 일론 머스크가 드디어 디즈니 텃밭에 터널 뚫는다? 유니버설 오를랜도 지하 교통망 프로젝트 최종 낙찰 (조회수 678회),https://www.youtube.com/watch?v=c04RBi2dzEo,2026-03-08 08:36
2026-03-08,유튜브(영상),[YouTube] 티쓰리,"[영상] 🚗 테슬라, 2026 JD파워 전기차 만족도 1·2위 싹쓸이… BMW도 못 막았다 (조회수 671회)",https://www.youtube.com/watch?v=zULRSP1T1lM,2026-03-08 08:36
2026-03-08,유튜브(영상),[YouTube] 티쓰리,"[영상] ""테슬라, 뉴욕 공장 3460개 일자리 달성… 벌금 면했다 | 버팔로의 반전 드라마"" (조회수 670회)",https://www.youtube.com/watch?v=aBhSlDIAbf8,2026-03-08 08:36
2026-03-08,유튜브(영상),[YouTube] 티쓰리,"[영상] 🚗 테슬라, 2026 JD파워 전기차 만족도 1·2위 싹쓸이… BMW도 못 막았다 (조회수 838회)",https://www.youtube.com/watch?v=O-eOFFGSF08,2026-03-08 08:36
2026-03-08,유튜브(영상),[YouTube] 티쓰리,[영상] 테슬라 일론 머스크가 드디어 디즈니 텃밭에 터널 뚫는다? 유니버설 오를랜도 지하 교통망 프로젝트 최종 낙찰 (조회수 582회),https://www.youtube.com/watch?v=hm_xOpAd4vo,2026-03-08 08:36
2026-03-08,유튜브(영상),[YouTube] 티쓰리,"[영상] 테슬라  테슬라 로드스터, 공개도 전에 특허로 먼저 다 털렸다 (조회수 206회)",https://www.youtube.com/watch?v=bDrxenGQ1cE,2026-03-08 08:36
2026-03-08,유튜브(영상),[YouTube] 티쓰리,[영상] 테슬라가 일본 도로에서 손 놓고 달린다 (조회수 22회),https://www.youtube.com/watch?v=FBr_HtAQAjI,2026-03-08 08:36
2026-03-08,유튜브(영상),[YouTube] 티쓰리,[영상] 🔥 테슬라 모델 쓰리 지금 사면 진짜 이득인 이유 | 0.99프로 금리의 비밀 (조회수 16회),https://www.youtube.com/watch?v=dboWMmQiIpQ,2026-03-08 08:36
2026-03-08,유튜브(영상),[YouTube] 티쓰리,"[영상] 🚗 테슬라, 2026 JD파워 전기차 만족도 1·2위 싹쓸이… BMW도 못 막았다 (조회수 16회)",https://www.youtube.com/watch?v=mGqIeV9FbSc,2026-03-08 08:36
2026-03-08,유튜브(영상),[YouTube] 티쓰리,"[영상] 🚗 테슬라, 2026 JD파워 전기차 만족도 1·2위 싹쓸이… BMW도 못 막았다 (조회수 663회)",https://www.youtube.com/watch?v=CCT1XTehEgI,2026-03-08 08:36
2026-03-08,유튜브(영상),[YouTube] 티쓰리,[영상] 테슬라 일론 머스크가 드디어 디즈니 텃밭에 터널 뚫는다? 유니버설 오를랜도 지하 교통망 프로젝트 최종 낙찰 (조회수 631회),https://www.youtube.com/watch?v=GEKHXNcnU0k,2026-03-08 08:36
2026-03-08,유튜브(영상),[YouTube] 카톡쇼츠,[영상] 전기차 충전 요금 인상! 숨겨진 진실! (조회수 2968회),https://www.youtube.com/watch?v=lgXPX0gKfk4,2026-03-08 08:36
2026-03-08,유튜브(영상),[YouTube] 티쓰리,"[영상] 🚗 테슬라, 2026 JD파워 전기차 만족도 1·2위 싹쓸이… BMW도 못 막았다 (조회수 956회)",https://www.youtube.com/watch?v=sCa9H1boMVU,2026-03-08 08:36
2026-03-08,일렉링크,"전기차동호회-아이오닉5 6 9,EV3 EV4 EV5 EV6 EV9,테슬라모델Y 3",충전비가 왜 이리 천차 만별인가요,https://cafe.naver.com/allfm01/1991691,2026-03-08 08:35
2026-03-08,유튜브(영상),[YouTube] 티쓰리,[영상] 테슬라 일론 머스크가 드디어 디즈니 텃밭에 터널 뚫는다? 유니버설 오를랜도 지하 교통망 프로젝트 최종 낙찰 (조회수 847회),https://www.youtube.com/watch?v=o2FAf8Evpz8,2026-03-08 08:36
2026-03-08,채비,★BYD 비야디 전기차 공식동호회[BYD 오너스]아토3 씰 씨라이언7,대전서 돌아오는길에 금왕 휴게소 채비충전,https://cafe.naver.com/rlfnrl2034/2066220,2026-03-08 08:36
2026-03-09,유튜브(영상),[YouTube] 티쓰리,[영상] 테슬라가 드디어 전기차로 돈 벌게 해준다고? 사이버트럭으로 월급 받는 시대 (조회수 904회),https://www.youtube.com/watch?v=Qc8KbWHp6pc,2026-03-09 08:38
2026-03-09,유튜브(영상),[YouTube] 든든한 시니어 파트너,[영상] 서울-부산 왕복도 거뜬! 2026년 '이것' 들어간 전기차 안 사면 손해입니다 (실리콘 음극재 2세대) (조회수 591회),https://www.youtube.com/watch?v=xqdLX7vOGuk,2026-03-09 08:38
2026-03-09,유튜브(영상),[YouTube] 티쓰리,[영상] no 노르웨이 전기차 98%... 테슬라가 다시 1위 찍었다 (조회수 621회),https://www.youtube.com/watch?v=fO09B4s9g2o,2026-03-09 08:38
2026-03-09,유튜브(영상),[YouTube] 티쓰리,"[영상] ""테슬라 이거 진짜냐고요?"" 중국에서 먼저 시작되는 음성인식 혁명, 한국은 언제? (조회수 838회)",https://www.youtube.com/watch?v=aZcuQDqp724,2026-03-09 08:38
2026-03-09,유튜브(영상),[YouTube] 티쓰리,"[영상] 🚗 테슬라 FSD, 84억 마일 돌파… 완전자율주행까지 얼마나 남았나? (조회수 856회)",https://www.youtube.com/watch?v=IARTGwoi9Yo,2026-03-09 08:38
2026-03-09,유튜브(영상),[YouTube] 티쓰리,"[영상] ""테슬라 이거 진짜냐고요?"" 중국에서 먼저 시작되는 음성인식 혁명, 한국은 언제? (조회수 899회)",https://www.youtube.com/watch?v=XhMCXU_6myw,2026-03-09 08:38
2026-03-09,유튜브(영상),[YouTube] 티쓰리,"[영상] 테슬라 일론 머스크, 멤피스에 7천억 원 투입… xAI 슈퍼컴퓨터 단지의 전모--- (조회수 67회)",https://www.youtube.com/watch?v=4EzI6aCdD2A,2026-03-09 08:38
2026-03-09,채비,스타리아 EV & ST1 전기차 전용 동호회 [스타리아 전기차 카페],채비앱 추천인 초대코드,https://cafe.naver.com/steamgunz/28824,2026-03-09 08:37
2026-03-10,유튜브(영상),[YouTube] 티쓰리,"[영상] ""테슬라 이거 진짜냐고요?"" 중국에서 먼저 시작되는 음성인식 혁명, 한국은 언제? (조회수 835회)",https://www.youtube.com/watch?v=i-Akho-8IMc,2026-03-10 08:43
2026-03-10,유튜브(영상),[YouTube] 에이원오토 서백로,[영상] 전기차 충전기 모르고 설치하면 큰일 납니다. 직접 발품 팔아서 구매한 찐 내 돈 내산. 이대로만 따라 하세요 (조회수 651회),https://www.youtube.com/watch?v=YQ7vsishEhM,2026-03-10 08:43
2026-03-10,유튜브(영상),[YouTube] 티쓰리,"[영상] 테슬라 테슬라 유럽 대륙 뒤집었다? Grok AI 9개국 동시 상륙, 네비까지 알아서 해주는 시대 (조회수 650회)",https://www.youtube.com/watch?v=8HRuhIDe3NA,2026-03-10 08:43
2026-03-10,유튜브(영상),[YouTube] 티쓰리,"[영상] ""테슬라 이거 진짜냐고요?"" 중국에서 먼저 시작되는 음성인식 혁명, 한국은 언제? (조회수 645회)",https://www.youtube.com/watch?v=C1W6L151KvQ,2026-03-10 08:43
2026-03-10,유튜브(영상),[YouTube] 티쓰리,"[영상] ""테슬라 이거 진짜냐고요?"" 중국에서 먼저 시작되는 음성인식 혁명, 한국은 언제? (조회수 627회)",https://www.youtube.com/watch?v=rMAP6kBQfFM,2026-03-10 08:43
2026-03-10,유튜브(영상),[YouTube] 민수의 경제경제,"[영상] 휘발유 2,000원, 충전비 320원. 숫자가 말해주는 불편한 진실 (조회수 26회)",https://www.youtube.com/watch?v=cfps_Q4Rvvo,2026-03-10 08:43
2026-03-10,유튜브(영상),[YouTube] 티쓰리,"[영상] 테슬라  테슬라 주가 오늘 또 떨어진 진짜 이유, 3월 9일이 분기점이다 (조회수 45회)",https://www.youtube.com/watch?v=hDMoZMRZg3Y,2026-03-10 08:43
2026-03-10,유튜브(영상),[YouTube] 티쓰리,"[영상] 테슬라 테슬라, 캘리포니아에 400기 넘는 V4 슈퍼차저 건설 착수… LA-라스베이거스 충전 전쟁 끝낸다--- (조회수 27회)",https://www.youtube.com/watch?v=V1c8oskReTs,2026-03-10 08:43
2026-03-10,유튜브(영상),[YouTube] 워터 Water,"[영상] 기름값 2,000원 시대… 전기차 아직도 안 타요? ⚡ (조회수 1132회)",https://www.youtube.com/watch?v=JuBiHtOZq3E,2026-03-10 08:43
2026-03-10,유튜브(영상),[YouTube] 티쓰리,[영상] 테슬라  테슬라 세미트럭 충전소 드디어 일반 공개… 물류업계 뒤집힌다 (조회수 15회),https://www.youtube.com/watch?v=AGuD4o0NTNg,2026-03-10 08:43
2026-03-10,유튜브(영상),[YouTube] lyun의 운전포인트,"[영상] lyun의 Car Driving Point 546. 완속 충전요금 과한 증가, 속도 구간단속-과속 주의, 캐스퍼 일렉트릭 옵션장난, 교각 차로분리, 전기차 잦은 제동등 주의 운행 (조회수 11회)",https://www.youtube.com/watch?v=uQtD_Tv_AnM,2026-03-10 08:43
2026-03-10,유튜브(영상),[YouTube] 티쓰리,"[영상] 테슬라 테슬라 유럽 대륙 뒤집었다? Grok AI 9개국 동시 상륙, 네비까지 알아서 해주는 시대 (조회수 611회)",https://www.youtube.com/watch?v=sy3fV3bMUSs,2026-03-10 08:43
2026-03-10,유튜브(영상),[YouTube] 알짜배기 혜택,[영상] 전기차 충전 끝났는데 안빼면 벌금 (조회수 1503회),https://www.youtube.com/watch?v=dglSlIxaIpE,2026-03-10 08:43
2026-03-10,유튜브(영상),[YouTube] 티쓰리,"[영상] ""테슬라 이거 진짜냐고요?"" 중국에서 먼저 시작되는 음성인식 혁명, 한국은 언제? (조회수 932회)",https://www.youtube.com/watch?v=Q_L2WAUiAkg,2026-03-10 08:43
2026-03-10,유튜브(영상),[YouTube] your_terior,[영상] 전기차 태양광 충전으로 매달 30만원 아낍니다 (조회수 6586회),https://www.youtube.com/watch?v=bU_MAxBI5w8,2026-03-10 08:43
2026-03-10,일렉링크,"전기차동호회-아이오닉5 6 9,EV3 EV4 EV5 EV6 EV9,테슬라모델Y 3",SK 일렉링크 80만 실물카드,https://cafe.naver.com/allfm01/1993359,2026-03-10 08:42
2026-03-10,일렉링크,"전기차동호회-아이오닉5 6 9,EV3 EV4 EV5 EV6 EV9,테슬라모델Y 3",SK 일렉링크 실물카드 80만,https://cafe.naver.com/allfm01/1993353,2026-03-10 08:42
2026-03-10,일렉링크,★테슬라 [TKC] 모델S 모델3 모델X 모델Y 사이버트럭 FSD 전기차,충전 어느회사 카드발급,https://cafe.naver.com/noljatravel/1550983,2026-03-10 08:42
2026-03-10,일렉링크,"전기차동호회-아이오닉5 6 9,EV3 EV4 EV5 EV6 EV9,테슬라모델Y 3",충전카드,https://cafe.naver.com/allfm01/1994192,2026-03-10 08:42
2026-03-10,채비,"#전기차맛집▶아이오닉5 6 9,테슬라모델3 Y,EV 3 6 9 장기렌트","채비, 글로벌 최대 R&D 센터 가동…'5분 충전' MCS 상용화 속도",https://cafe.naver.com/evkoreaplus/64399,2026-03-10 08:43
2026-03-10,채비,"#전기차맛집▶아이오닉5 6 9,테슬라모델3 Y,EV 3 6 9 장기렌트",‘캐즘’ 뚫고 증시 입성하는 채비…전기차 생태계 투자 심리 ‘가늠자’,https://cafe.naver.com/evkoreaplus/64385,2026-03-10 08:43
2026-03-11,유튜브(영상),[YouTube] 스낵카,[영상] 급속 충전기마다 충전속도가 다르네??? ㅣ 폴스타 4 퍼포먼스 주행거리 테스트 (조회수 1231회),https://www.youtube.com/watch?v=QyP5pDzl8PY,2026-03-11 08:42
2026-03-11,유튜브(영상),[YouTube] 차미연,[영상] 하이브리드 시대 다시 온다!! 전기차 시대 끝났나? #하이브리드 #전기차 #자동차추천 #하이브리드차 #연비 #자동차상식 #쇼츠 #shorts #자동차쇼츠 #친환경차 (조회수 1127회),https://www.youtube.com/watch?v=YMb4d0MYmyo,2026-03-11 08:42
2026-03-11,유튜브(영상),[YouTube] 티쓰리,"[영상] 테슬라가 한국엔 팔고 미국엔 안 파는 모델Y, 그 진짜 이유 (조회수 751회)",https://www.youtube.com/watch?v=XDjMtIHYLTQ,2026-03-11 08:42
2026-03-11,유튜브(영상),[YouTube] 티쓰리,[영상] 테슬라  테슬라 세미트럭 충전소 드디어 일반 공개… 물류업계 뒤집힌다 (조회수 608회),https://www.youtube.com/watch?v=hGttq5HuEzI,2026-03-11 08:42
2026-03-11,유튜브(영상),[YouTube] 티쓰리,"[영상] 테슬라가 한국엔 팔고 미국엔 안 파는 모델Y, 그 진짜 이유 (조회수 355회)",https://www.youtube.com/watch?v=_N9NZmvT5dM,2026-03-11 08:42
2026-03-11,유튜브(영상),[YouTube] 티쓰리,[영상] 테슬라  테슬라 세미트럭 충전소 드디어 일반 공개… 물류업계 뒤집힌다 (조회수 73회),https://www.youtube.com/watch?v=srfvP5wQxkc,2026-03-11 08:42
2026-03-11,유튜브(영상),[YouTube] 채비,[영상] 전기차 충전비 절약 꿀팁! 쓰면 쓸수록 돈 버는 *채비* V멤버스 (조회수 81회),https://www.youtube.com/watch?v=ndLil6l15MU,2026-03-11 08:42
2026-03-11,유튜브(영상),[YouTube] 하카오토,[영상] 전기 충전요금 상승원인!! 하이브리드 매력! 장기렌트 리스 특판 최저견적! (조회수 71회),https://www.youtube.com/watch?v=z9VWf37bXY0,2026-03-11 08:42
2026-03-11,유튜브(영상),[YouTube] 티쓰리,"[영상] 포드 29개 주 싹쓸이할 때, 테슬라는 딱 3곳에서 조용히 1등 했다 (조회수 17회)",https://www.youtube.com/watch?v=PKx9p7cbWro,2026-03-11 08:42
2026-03-11,유튜브(영상),[YouTube] 티쓰리,"[영상] 땅 밑으로 8만 명 보낸 라스베이거스의 터널, 진짜 됩니까? (조회수 11회)",https://www.youtube.com/watch?v=jxCsM4d-e5U,2026-03-11 08:42
2026-03-11,유튜브(영상),[YouTube] 티쓰리,"[영상] 테슬라가 한국엔 팔고 미국엔 안 파는 모델Y, 그 진짜 이유 (조회수 118회)",https://www.youtube.com/watch?v=0vB5h8Ijy7c,2026-03-11 08:42
2026-03-11,유튜브(영상),[YouTube] 티쓰리,"[영상] 🚗 테슬라, 2026 JD파워 전기차 만족도 1·2위 싹쓸이… BMW도 못 막았다 (조회수 581회)",https://www.youtube.com/watch?v=wImytO6wgyY,2026-03-11 08:42
2026-03-11,일렉링크,★테슬라 [TKC] 모델S 모델3 모델X 모델Y 사이버트럭 FSD 전기차,환경부 전기차 충전카드도 없고 신용카드만 있어요,https://cafe.naver.com/noljatravel/1553929,2026-03-11 08:40
2026-03-11,일렉링크,"전기차동호회-아이오닉5 6 9,EV3 EV4 EV5 EV6 EV9,테슬라모델Y 3",사천에서 급속충전하신 아이오닉6차주분 찾습니다,https://cafe.naver.com/allfm01/1995199,2026-03-11 08:40
2026-03-11,일렉링크,★테슬라 [TKC] 모델S 모델3 모델X 모델Y 사이버트럭 FSD 전기차,충전요금 누락 오류,https://cafe.naver.com/noljatravel/1553597,2026-03-11 08:40
2026-03-11,일렉링크,★테슬라 슈퍼 클럽 - 모델Y 주니퍼 모델3 하이랜드 사이버트럭,sk 일렉링크 충전비 오류,https://cafe.naver.com/shootgoal/1394911,2026-03-11 08:40
2026-03-11,일렉링크,★테슬라 [TKC] 모델S 모델3 모델X 모델Y 사이버트럭 FSD 전기차,충전포인트,https://cafe.naver.com/noljatravel/1553354,2026-03-11 08:40
2026-03-11,일렉링크,"전기차동호회-아이오닉5 6 9,EV3 EV4 EV5 EV6 EV9,테슬라모델Y 3",일렉링크 환경부 카드 충전 질문입니다,https://cafe.naver.com/allfm01/1995157,2026-03-11 08:40
2026-03-11,일렉링크,현대 아이오닉9 오너스 - 나이너스,충전 후 케이블 빠지지 않을 때...,https://cafe.naver.com/ioniq9owners/18155,2026-03-11 08:40
2026-03-12,이브이시스,현대 아이오닉9 오너스 - 나이너스,일렉링크 로밍단가,https://cafe.naver.com/ioniq9owners/18386,2026-03-12 08:41
2026-03-12,유튜브(영상),[YouTube] 티쓰리,"[영상] 테슬라 세미, 텍사스까지 왔다... 디젤 트럭이 버틸 수 없는 숫자가 나왔다 (조회수 18회)",https://www.youtube.com/watch?v=Fgt25lNgpyk,2026-03-12 08:41
2026-03-12,유튜브(영상),[YouTube] 티쓰리,[영상] : 일론 머스크가 밤에 찍은 사진 한 장이 전 세계를 흔들었다 (조회수 37회),https://www.youtube.com/watch?v=rp62D5Of3tc,2026-03-12 08:41
2026-03-12,유튜브(영상),[YouTube] 티쓰리,[영상] 테슬라 사이버캡 30대 이상이 기가텍사스에 한꺼번에 등장한 진짜 이유 (조회수 43회),https://www.youtube.com/watch?v=L0Bb_FG61xc,2026-03-12 08:41
2026-03-12,유튜브(영상),[YouTube] 부군coco,[영상] 드디어 저렴한 전기차 집밥 설치 완료!! 2400km가는데 충전비 7만원?! (조회수 896회),https://www.youtube.com/watch?v=uvYDQh_lDkE,2026-03-12 08:41
2026-03-12,유튜브(영상),[YouTube] 김한용의 MOCAR,"[영상] 브랜드마다 충전요금 천차만별!...가장 비싼, 저렴한 전기차 충전소 순위! (조회수 5137회)",https://www.youtube.com/watch?v=naB1OVQVG8g,2026-03-12 08:41
2026-03-12,채비,"전기차동호회-아이오닉5 6 9,EV3 EV4 EV5 EV6 EV9,테슬라모델Y 3",채비 고속충전기 요청전력 표시,https://cafe.naver.com/allfm01/1995567,2026-03-12 08:40
2026-03-12,채비,포르쉐 타이칸 동호회 ■ 더타이칸 클럽 ■ 투리스모 전기차,채비 급속 관련 오류 발생 !,https://cafe.naver.com/inhelia/31411,2026-03-12 08:40
2026-03-12,채비,"전기차동호회-아이오닉5 6 9,EV3 EV4 EV5 EV6 EV9,테슬라모델Y 3",채비 자동종료 안되나요?,https://cafe.naver.com/allfm01/1996330,2026-03-12 08:40
2026-03-12,일렉링크,현대 아이오닉9 오너스 - 나이너스,일렉링크 로밍단가,https://cafe.naver.com/ioniq9owners/18386,2026-03-12 08:39
2026-03-13,유튜브(영상),[YouTube] 티쓰리,"[영상] 테슬라 테슬라 유럽 대륙 뒤집었다? Grok AI 9개국 동시 상륙, 네비까지 알아서 해주는 시대 (조회수 910회)",https://www.youtube.com/watch?v=CdGra4-s9hw,2026-03-13 08:43
2026-03-13,유튜브(영상),[YouTube] 티쓰리,[영상] no 노르웨이 전기차 98%... 테슬라가 다시 1위 찍었다 (조회수 755회),https://www.youtube.com/watch?v=Goz5HNdi4pw,2026-03-13 08:43
2026-03-13,유튜브(영상),[YouTube] 티쓰리,[영상] no 노르웨이 전기차 98%... 테슬라가 다시 1위 찍었다 (조회수 621회),https://www.youtube.com/watch?v=TExXqaA5yI4,2026-03-13 08:43
2026-03-13,유튜브(영상),[YouTube] MBCNEWS,[영상] [와글와글 플러스] 전기차 충전기 꽂으면 결제까지 '자동' (2026.03.13/뉴스투데이/MBC) (조회수 592회),https://www.youtube.com/watch?v=dPxetwuk6v4,2026-03-13 08:43
2026-03-13,유튜브(영상),[YouTube] 티쓰리,[영상] 테슬라가 드디어 전기차로 돈 벌게 해준다고? 사이버트럭으로 월급 받는 시대 (조회수 568회),https://www.youtube.com/watch?v=CCEis4JolNU,2026-03-13 08:43
2026-03-13,유튜브(영상),[YouTube] 티쓰리,"[영상] : 테슬라 슈퍼차저, 드디어 이 나라 전기차 오너들도 쓸 수 있게 됐다 (조회수 15회)",https://www.youtube.com/watch?v=55vxdgqCbVo,2026-03-13 08:43
2026-03-13,유튜브(영상),[YouTube] 티쓰리,"[영상] 테슬라 사이버캡, 드디어 일반 도로 달린다 — 로보택시 양산 초읽기 (조회수 19회)",https://www.youtube.com/watch?v=0ZRI3pilrMg,2026-03-13 08:43
2026-03-13,유튜브(영상),[YouTube] 티쓰리,"[영상] 테슬라 일론 머스크, 드디어 X머니 출시일 공개했다 (조회수 16회)",https://www.youtube.com/watch?v=aX-NyzB_zss,2026-03-13 08:43
2026-03-13,유튜브(영상),[YouTube] 티쓰리,"[영상] 테슬라 테슬라 모델Y L, 호주 트럭에 실린 채 도로에서 포착됐습니다 (조회수 12회)",https://www.youtube.com/watch?v=uIokwKp8b-M,2026-03-13 08:43
2026-03-13,유튜브(영상),[YouTube] 702 코오롱 인증중고차,[영상] BYD 씰 급속충전 30분 실험ㅣ30kW로 35% 충전 가능? (조회수 188회),https://www.youtube.com/watch?v=814hw0399YA,2026-03-13 08:43
2026-03-13,유튜브(영상),[YouTube] 알짜배기 혜택,[영상] 전기차 차주 대부분 모르는 벌금 7가지 (조회수 1426회),https://www.youtube.com/watch?v=yr3dnmcEgqE,2026-03-13 08:43
2026-03-13,일렉링크,"전기차동호회-아이오닉5 6 9,EV3 EV4 EV5 EV6 EV9,테슬라모델Y 3",sk일렉링크 실물카드쓰면 구독 못쓰나요?,https://cafe.naver.com/allfm01/1997445,2026-03-13 08:42
2026-03-13,유튜브(영상),[YouTube] 월드특장 렉스턴스포츠 칸 카고 트럭,[영상] #월드특장 #에어​ #포터2​  #봉고3 #현대 #언더리프트  #PTO #기아​ #1톤 #2중샤클 #카고 #보조축 #전기차 #급속충전 #덤프 010-2020-3232 ​​ (조회수 1845회),https://www.youtube.com/watch?v=TubKL_RlbJU,2026-03-13 08:43
2026-03-13,유튜브(영상),[YouTube] 홍시car,[영상] 전기차 사라고 밀어주는 시대? - 과연 지금 꼭 사야 할까? 보조금 해석과 합리적인 선택! (조회수 3171회),https://www.youtube.com/watch?v=fUSq5OROWgo,2026-03-13 08:43
2026-03-13,일렉링크,★테슬라 [TKC] 모델S 모델3 모델X 모델Y 사이버트럭 FSD 전기차,충전요금 결제방법 문의..,https://cafe.naver.com/noljatravel/1556178,2026-03-13 08:42
2026-03-13,일렉링크,"전기차동호회-아이오닉5 6 9,EV3 EV4 EV5 EV6 EV9,테슬라모델Y 3",혹시 전기차 충전카드 중 선불카드（기프트카드）가 있을까요¿,https://cafe.naver.com/allfm01/1996976,2026-03-13 08:42
2026-03-13,일렉링크,★테슬라 [TKC] 모델S 모델3 모델X 모델Y 사이버트럭 FSD 전기차,충전카드나 앱 문의드립니다.,https://cafe.naver.com/noljatravel/1556654,2026-03-13 08:42
2026-03-13,일렉링크,"전기차동호회-아이오닉5 6 9,EV3 EV4 EV5 EV6 EV9,테슬라모델Y 3",sk 일렉링크,https://cafe.naver.com/allfm01/1997439,2026-03-13 08:42
2026-03-13,유튜브(영상),[YouTube] 김세형,[영상] 전기차 오너 90%가 모르는 충전비 '반값' 결제 비밀 🤫 (조회수 1545회),https://www.youtube.com/watch?v=JPb5BdfkpU8,2026-03-13 08:43
2026-03-14,유튜브(영상),[YouTube] 티쓰리,"[영상] 테슬라 옵티머스, 상하이 AWE 2026 등장… 연내 양산 시작되나? (조회수 17회)",https://www.youtube.com/watch?v=SAtKaOsp2sg,2026-03-14 08:44
2026-03-14,유튜브(영상),[YouTube] 비에스텍 1분 태양광,[영상] 충전이 필요없는 전기차? (조회수 2151회),https://www.youtube.com/watch?v=L0AkQzW3EZY,2026-03-14 08:44
2026-03-14,유튜브(영상),[YouTube] 디노가이,[영상] 낮에 에어컨 켜야 돈 번다고?? 180도 바뀐 전기요금 정책 총정리!! (조회수 453회),https://www.youtube.com/watch?v=SGpWsbz6vFI,2026-03-14 08:44
2026-03-14,유튜브(영상),[YouTube] 티쓰리,"[영상] 테슬라 테슬라 사이버캡, 4월 양산 시작… 핸들도 페달도 없는 차가 주당 수백 대씩 나온다 (조회수 31회)",https://www.youtube.com/watch?v=yGjiNNedFkc,2026-03-14 08:44
2026-03-14,유튜브(영상),[YouTube] 경제예보관,[영상] 테슬라가 환경부보다 싸다고?! 아무도 몰랐던 2026 충전요금 진짜 순위 대공개 (조회수 20회),https://www.youtube.com/watch?v=F2d3xTLn9ag,2026-03-14 08:44
2026-03-14,유튜브(영상),[YouTube] 경욱이형 전기차 상담소,[영상] 전기차 충전비 집충전 vs 공용충전 (조회수 1621회),https://www.youtube.com/watch?v=gNyYFjwEBwc,2026-03-14 08:44
2026-03-14,유튜브(영상),[YouTube] 오토기어 autogear - 자동차에 대한 모든 정보,[영상] 완속 충전기 요금 폭등! 줄줄 새고 있는 세금 (조회수 28614회),https://www.youtube.com/watch?v=W1YMbMpAu2w,2026-03-14 08:44
2026-03-14,채비,★기아 EV 동호회[EV오너스클럽] EV3 EV4 EV5 EV6 EV9 GT 보조금,채비 100w 급속..생각보다 효율이 좋네요,https://cafe.naver.com/carmessenger/726022,2026-03-14 08:43
2026-03-14,일렉링크,★ 아이오닉 공식 동호회 [아이오닉 멤버스] 아이오닉 5 6 7 9 N,sk일렉링크 구독 문의,https://cafe.naver.com/cafeclip/1299500,2026-03-14 08:42
2026-03-14,일렉링크,★테슬라 [TKC] 모델S 모델3 모델X 모델Y 사이버트럭 FSD 전기차,[업데이트] K-Tesla-Router 고속도로 휴게소 NACS 충전기 표시 기능 추가!,https://cafe.naver.com/noljatravel/1557924,2026-03-14 08:42
2026-03-14,일렉링크,"전기차동호회-아이오닉5 6 9,EV3 EV4 EV5 EV6 EV9,테슬라모델Y 3",충전 크렛딧 100만원(제네시스.E-pit.sk일렉링크),https://cafe.naver.com/allfm01/1997714,2026-03-14 08:42
2026-03-14,일렉링크,★테슬라 [TKC] 모델S 모델3 모델X 모델Y 사이버트럭 FSD 전기차,"전기차 충전 꽂으면 결제까지 ""자동""",https://cafe.naver.com/noljatravel/1557877,2026-03-14 08:42
2026-03-15,유튜브(영상),[YouTube] 티쓰리,[영상] 테슬라가 드디어 전기차로 돈 벌게 해준다고? 사이버트럭으로 월급 받는 시대 (조회수 770회),https://www.youtube.com/watch?v=wrBlz0saNt4,2026-03-15 08:43
2026-03-15,유튜브(영상),[YouTube] 티쓰리,"[영상] 테슬라가 한국엔 팔고 미국엔 안 파는 모델Y, 그 진짜 이유 (조회수 10회)",https://www.youtube.com/watch?v=9FBUSEC9VSQ,2026-03-15 08:43
2026-03-15,유튜브(영상),[YouTube] 티쓰리,[영상] 테슬라  테슬라 세미트럭 충전소 드디어 일반 공개… 물류업계 뒤집힌다 (조회수 12회),https://www.youtube.com/watch?v=i9--oUUcsbw,2026-03-15 08:43
2026-03-15,유튜브(영상),[YouTube] 티쓰리,"[영상] 테슬라가 한국엔 팔고 미국엔 안 파는 모델Y, 그 진짜 이유 (조회수 16회)",https://www.youtube.com/watch?v=2L3XGiopgTg,2026-03-15 08:43
2026-03-15,유튜브(영상),[YouTube] 제이 레포츠 TV,"[영상] 💡전기차 고속도로 충전, 아직도  비싸게 하고 계신가요? '환경부 멤버십 카드' (조회수 239회)",https://www.youtube.com/watch?v=fM1AMKr3Ysw,2026-03-15 08:43
2026-03-15,유튜브(영상),[YouTube] 티쓰리,[영상] 테슬라가 드디어 전기차로 돈 벌게 해준다고? 사이버트럭으로 월급 받는 시대 (조회수 671회),https://www.youtube.com/watch?v=s7yjlhV5Mb4,2026-03-15 08:43
2026-03-15,유튜브(영상),[YouTube] 티쓰리,[영상] 테슬라가 드디어 전기차로 돈 벌게 해준다고? 사이버트럭으로 월급 받는 시대 (조회수 767회),https://www.youtube.com/watch?v=W_RxsjCbyFs,2026-03-15 08:43
2026-03-15,유튜브(영상),[YouTube] 티쓰리,[영상] 테슬라가 드디어 전기차로 돈 벌게 해준다고? 사이버트럭으로 월급 받는 시대 (조회수 789회),https://www.youtube.com/watch?v=2debFbC5HfQ,2026-03-15 08:43
2026-03-15,유튜브(영상),[YouTube] 티쓰리,"[영상] ""테슬라 이거 진짜냐고요?"" 중국에서 먼저 시작되는 음성인식 혁명, 한국은 언제? (조회수 780회)",https://www.youtube.com/watch?v=6g4mbfxizB4,2026-03-15 08:43
2026-03-15,유튜브(영상),[YouTube] 티쓰리,[영상] 테슬라가 드디어 전기차로 돈 벌게 해준다고? 사이버트럭으로 월급 받는 시대 (조회수 864회),https://www.youtube.com/watch?v=CMlWotgxYsU,2026-03-15 08:43
2026-03-15,유튜브(영상),[YouTube] 티쓰리,"[영상] 🚗 테슬라 FSD, 84억 마일 돌파… 완전자율주행까지 얼마나 남았나? (조회수 892회)",https://www.youtube.com/watch?v=tLjcz_exHSk,2026-03-15 08:43
2026-03-15,유튜브(영상),[YouTube] 티쓰리,"[영상] ""테슬라 이거 진짜냐고요?"" 중국에서 먼저 시작되는 음성인식 혁명, 한국은 언제? (조회수 938회)",https://www.youtube.com/watch?v=nwROlLqDDLE,2026-03-15 08:43
2026-03-15,유튜브(영상),[YouTube] 티쓰리,[영상] 테슬라가 드디어 전기차로 돈 벌게 해준다고? 사이버트럭으로 월급 받는 시대 (조회수 1050회),https://www.youtube.com/watch?v=UzwrTDWCokM,2026-03-15 08:43
2026-03-15,채비,포르쉐 타이칸 동호회 ■ 더타이칸 클럽 ■ 투리스모 전기차,채비카드,https://cafe.naver.com/inhelia/31508,2026-03-15 08:43
2026-03-15,일렉링크,★ 아이오닉 공식 동호회 [아이오닉 멤버스] 아이오닉 5 6 7 9 N,SK일렉링크 마일리지는 어떻게 사용하나요..?,https://cafe.naver.com/cafeclip/1299529,2026-03-15 08:42
2026-03-15,유튜브(영상),[YouTube] 티쓰리,"[영상] 🚗 테슬라 FSD, 84억 마일 돌파… 완전자율주행까지 얼마나 남았나? (조회수 842회)",https://www.youtube.com/watch?v=AbFn1MGS_TI,2026-03-15 08:43
2026-03-16,유튜브(영상),[YouTube] 티쓰리,"[영상] ""테슬라 이거 진짜냐고요?"" 중국에서 먼저 시작되는 음성인식 혁명, 한국은 언제? (조회수 849회)",https://www.youtube.com/watch?v=e8hTJbwHQGs,2026-03-16 08:46
2026-03-16,유튜브(영상),[YouTube] 티쓰리,[영상] 🔥 테슬라 모델 쓰리 지금 사면 진짜 이득인 이유 | 0.99프로 금리의 비밀 (조회수 844회),https://www.youtube.com/watch?v=P0vhelMO34s,2026-03-16 08:46
2026-03-16,유튜브(영상),[YouTube] 티쓰리,"[영상] 테슬라가 한국엔 팔고 미국엔 안 파는 모델Y, 그 진짜 이유 (조회수 836회)",https://www.youtube.com/watch?v=ebTaHCn71OI,2026-03-16 08:46
2026-03-16,유튜브(영상),[YouTube] 티쓰리,"[영상] 테슬라가 한국엔 팔고 미국엔 안 파는 모델Y, 그 진짜 이유 (조회수 826회)",https://www.youtube.com/watch?v=rC0TpXWgGME,2026-03-16 08:46
2026-03-16,유튜브(영상),[YouTube] 티쓰리,"[영상] 🚗 테슬라 FSD, 84억 마일 돌파… 완전자율주행까지 얼마나 남았나? (조회수 573회)",https://www.youtube.com/watch?v=zK5ulC6TfF0,2026-03-16 08:46
2026-03-16,유튜브(영상),[YouTube] 티쓰리,[영상] 테슬라 일론 머스크가 드디어 디즈니 텃밭에 터널 뚫는다? 유니버설 오를랜도 지하 교통망 프로젝트 최종 낙찰 (조회수 543회),https://www.youtube.com/watch?v=9e5sRp2lL_U,2026-03-16 08:46
2026-03-16,유튜브(영상),[YouTube] 티쓰리,[영상] 🔥 테슬라 모델 쓰리 지금 사면 진짜 이득인 이유 | 0.99프로 금리의 비밀 (조회수 24회),https://www.youtube.com/watch?v=D8kwq8S6PvE,2026-03-16 08:46
2026-03-16,유튜브(영상),[YouTube] 티쓰리,"[영상] : 테슬라 슈퍼차저, 드디어 이 나라 전기차 오너들도 쓸 수 있게 됐다 (조회수 48회)",https://www.youtube.com/watch?v=ORNk03uxMY4,2026-03-16 08:46
2026-03-16,유튜브(영상),[YouTube] 카제로 Carzero,[영상] BMW iX2 통풍시트·수납은 아쉽다… 그래서더 솔직한 구매 포인트 #BMWiX2 #뉴iX2 #iX2시승기 #automobile #카제로 (조회수 35회),https://www.youtube.com/watch?v=rY5o-oAa4cA,2026-03-16 08:46
2026-03-16,유튜브(영상),[YouTube] 티쓰리,"[영상] 테슬라 세미, 텍사스까지 왔다... 디젤 트럭이 버틸 수 없는 숫자가 나왔다 (조회수 27회)",https://www.youtube.com/watch?v=_NdsdjamHdk,2026-03-16 08:46
2026-03-16,유튜브(영상),[YouTube] 파인더TV,"[영상] 전기차 충전 스트레스, 진짜 문제는 ‘수량’이 아니다-2026년 반전의 신호 (후속3편) (조회수 20회)",https://www.youtube.com/watch?v=kkFpRaNcI98,2026-03-16 08:46
2026-03-16,유튜브(영상),[YouTube] 티쓰리,[영상] 테슬라  테슬라 세미트럭 충전소 드디어 일반 공개… 물류업계 뒤집힌다 (조회수 14회),https://www.youtube.com/watch?v=rdfH0vrf-ts,2026-03-16 08:46
2026-03-16,유튜브(영상),[YouTube] 티쓰리,[영상] 테슬라 일론 머스크가 드디어 디즈니 텃밭에 터널 뚫는다? 유니버설 오를랜도 지하 교통망 프로젝트 최종 낙찰 (조회수 910회),https://www.youtube.com/watch?v=M4o7kSvkllI,2026-03-16 08:46
2026-03-16,유튜브(영상),[YouTube] 티쓰리,[영상] 🔥 테슬라 모델 쓰리 지금 사면 진짜 이득인 이유 | 0.99프로 금리의 비밀 (조회수 88회),https://www.youtube.com/watch?v=FiVX0dYdk7o,2026-03-16 08:46
2026-03-16,유튜브(영상),[YouTube] 티쓰리,[영상] 테슬라 일론 머스크가 드디어 디즈니 텃밭에 터널 뚫는다? 유니버설 오를랜도 지하 교통망 프로젝트 최종 낙찰 (조회수 1152회),https://www.youtube.com/watch?v=t4jm1JU4mso,2026-03-16 08:46
2026-03-16,유튜브(영상),[YouTube] 경욱이형 전기차 상담소,[영상] 전기차 고속충전만 하면 유지비 얼마일까? (조회수 2638회),https://www.youtube.com/watch?v=0ST-8DUo_Ws,2026-03-16 08:46
2026-03-16,일렉링크,★테슬라 [TKC] 모델S 모델3 모델X 모델Y 사이버트럭 FSD 전기차,DC콤보 들고 지방 장거리 당일치기+충전 후기,https://cafe.naver.com/noljatravel/1560765,2026-03-16 08:44
2026-03-16,일렉링크,"전기차동호회-아이오닉5 6 9,EV3 EV4 EV5 EV6 EV9,테슬라모델Y 3",현대 전기차 일렉링크80만원 주는거 없어졌나요?,https://cafe.naver.com/allfm01/1999501,2026-03-16 08:44
2026-03-16,일렉링크,"전기차동호회-아이오닉5 6 9,EV3 EV4 EV5 EV6 EV9,테슬라모델Y 3",충전요금 조언 좀.. 부탁드립니다.,https://cafe.naver.com/allfm01/1999179,2026-03-16 08:44
2026-03-16,유튜브(영상),[YouTube] 티쓰리,"[영상] 테슬라 테슬라 유럽 대륙 뒤집었다? Grok AI 9개국 동시 상륙, 네비까지 알아서 해주는 시대 (조회수 1494회)",https://www.youtube.com/watch?v=9G4hQE4uQQ4,2026-03-16 08:46
2026-03-16,채비,★전기화물차 EV VAN동호회★ PV5 PBV 쎄아밴 이티밴 마사다밴,충전기 꽂고 밥 먹고 세차까지…‘기다림’ 사라진 전기차 충전 ‘채비스테이’,https://cafe.naver.com/cherryu/136668,2026-03-16 08:45
2026-03-16,채비,포르쉐 타이칸 동호회 ■ 더타이칸 클럽 ■ 투리스모 전기차,채비카드,https://cafe.naver.com/inhelia/31543,2026-03-16 08:45
2026-03-16,이브이시스,"전기차동호회-아이오닉5 6 9,EV3 EV4 EV5 EV6 EV9,테슬라모델Y 3",충전요금 조언 좀.. 부탁드립니다.,https://cafe.naver.com/allfm01/1999179,2026-03-16 08:45
2026-03-17,채비,포르쉐 타이칸 동호회 ■ 더타이칸 클럽 ■ 투리스모 전기차,채비카드,https://cafe.naver.com/inhelia/31585,2026-03-17 08:44
2026-03-17,유튜브(영상),[YouTube] (주)디젤트럭 영업용번호판시세 ,"[영상] *채비*, 달리는 전기차 충전서비스 본격 운영！ (조회수 39회)",https://www.youtube.com/watch?v=132X4lobxdg,2026-03-17 08:45
2026-03-17,유튜브(영상),[YouTube] 티쓰리,[영상] no 노르웨이 전기차 98%... 테슬라가 다시 1위 찍었다 (조회수 623회),https://www.youtube.com/watch?v=uI8MUcPuWrA,2026-03-17 08:45
2026-03-17,유튜브(영상),[YouTube] 티쓰리,[영상] 테슬라가 드디어 전기차로 돈 벌게 해준다고? 사이버트럭으로 월급 받는 시대 (조회수 745회),https://www.youtube.com/watch?v=9hh5LlGB4oo,2026-03-17 08:45
2026-03-17,유튜브(영상),[YouTube] 티쓰리,"[영상] 테슬라 테슬라 유럽 대륙 뒤집었다? Grok AI 9개국 동시 상륙, 네비까지 알아서 해주는 시대 (조회수 766회)",https://www.youtube.com/watch?v=RZw8YVDbr3g,2026-03-17 08:45
2026-03-17,유튜브(영상),[YouTube] 모트라인 MOTline,"[영상] 전기차 충전사업자 : ""320원 받아도 적자... 요금 더 올릴게요."" (조회수 4593회)",https://www.youtube.com/watch?v=0Nkdfuq2yUE,2026-03-17 08:45
2026-03-17,채비,"#전기차맛집▶아이오닉5 6 9,테슬라모델3 Y,EV 3 6 9 장기렌트",[르포] 충전기 꽂고 밥 먹고 세차까지… ‘기다림’ 사라진 전기차 충전 ‘채비스테이’,https://cafe.naver.com/evkoreaplus/64749,2026-03-17 08:44
2026-03-17,일렉링크,"전기차동호회-아이오닉5 6 9,EV3 EV4 EV5 EV6 EV9,테슬라모델Y 3",공공기관에 설치된 충전기가 보통 뭔지 궁금합니다,https://cafe.naver.com/allfm01/2000712,2026-03-17 08:43
2026-03-17,채비,"#전기차맛집▶아이오닉5 6 9,테슬라모델3 Y,EV 3 6 9 장기렌트","채비, 테슬라 차량 식별·전류 제어 기술 개발...""초급속 충전 불편 해소""",https://cafe.naver.com/evkoreaplus/64761,2026-03-17 08:44
2026-03-17,일렉링크,"전기차동호회-아이오닉5 6 9,EV3 EV4 EV5 EV6 EV9,테슬라모델Y 3",SK일렉링크 구독요금 생각보다 메리트 없네요.,https://cafe.naver.com/allfm01/2000452,2026-03-17 08:43
2026-03-17,채비,포르쉐 타이칸 동호회 ■ 더타이칸 클럽 ■ 투리스모 전기차,채비카드는 급속 완속. .충전기회사 상관없이 동일하나요?,https://cafe.naver.com/inhelia/31593,2026-03-17 08:44
2026-03-17,일렉링크,"전기차동호회-아이오닉5 6 9,EV3 EV4 EV5 EV6 EV9,테슬라모델Y 3",출고시 받는 충전권 관련 질문 있습니다.,https://cafe.naver.com/allfm01/1999843,2026-03-17 08:43
2026-03-18,유튜브(영상),[YouTube] 이슈분석,"[영상] 중고 전기차 구매 전 필수 시청! 배터리 성형 사기 안 당하는 3단계 필살기 (테슬라, 아이오닉5) (조회수 15회)",https://www.youtube.com/watch?v=n4HbTb9IlU4,2026-03-18 08:48
2026-03-18,유튜브(영상),[YouTube] 티쓰리,[영상] 모델 Y L에 완전히 새로운 엔터테인먼트 기능이 탑재됐어요. 이름이 **Immersive Sound X* (조회수 28회),https://www.youtube.com/watch?v=9N0HzzoYLoQ,2026-03-18 08:48
2026-03-18,유튜브(영상),[YouTube] 경욱이형 전기차 상담소,[영상] 전기차 충전시간 생각보다 오래 걸립니다 (조회수 1391회),https://www.youtube.com/watch?v=YcaE-yhmVKQ,2026-03-18 08:48
2026-03-18,유튜브(영상),[YouTube] 잇슝TV,"[영상] ""전기차 충전비 0원? 아니, 이제 내 차가 돈을 벌어다 줍니다 ㄷㄷ"" (조회수 1476회)",https://www.youtube.com/watch?v=7cNfpC7wuDc,2026-03-18 08:48
2026-03-18,이브이시스,★BYD 비야디 전기차 공식동호회[BYD 오너스]아토3 씰 씨라이언7,전기충전소,https://cafe.naver.com/rlfnrl2034/2070404,2026-03-18 08:48
2026-03-18,채비,"전기차동호회-아이오닉5 6 9,EV3 EV4 EV5 EV6 EV9,테슬라모델Y 3","채비 충전 질문입니다,",https://cafe.naver.com/allfm01/2000953,2026-03-18 08:48
2026-03-18,유튜브(영상),[YouTube] LH 한국토지주택공사,[영상] [#LH한국토지주택공사 | 내게 1분만] LH 에너지 신사업으로 누리는 에너지 복지 강화! #에너지신사업 #공공임대주택 (조회수 376회),https://www.youtube.com/watch?v=4z99sTP8iho,2026-03-18 08:48
2026-03-18,채비,"전기차동호회-아이오닉5 6 9,EV3 EV4 EV5 EV6 EV9,테슬라모델Y 3",환경부충전기를 채비 카드로 충전 가능한가요?,https://cafe.naver.com/allfm01/2001656,2026-03-18 08:47
2026-03-18,일렉링크,"전기차동호회-아이오닉5 6 9,EV3 EV4 EV5 EV6 EV9,테슬라모델Y 3",일렉트리 충전기,https://cafe.naver.com/allfm01/2001317,2026-03-18 08:46
2026-03-18,일렉링크,EV9 MANIA [기아 EV9 공식 오너 커뮤니티],SK일렉트링크 구독관련~,https://cafe.naver.com/myev9/2088,2026-03-18 08:46
2026-03-19,유튜브(영상),[YouTube] 티쓰리,"[영상] 테슬라 로드스터가 또다시 일정이 뒤로 밀렸습니다. 근데 이게 단순히 ""일정 바꿨네요"" 수준의 이야기가 아니에요 (조회수 12회)",https://www.youtube.com/watch?v=xW0zudmGNn0,2026-03-19 08:43
2026-03-19,유튜브(영상),[YouTube] 티쓰리,"[영상] 테슬라 그 헨더슨의 한 주차장에, 테슬라 모델 Y 차량들이 떼로 주차되어 있는 장면이 포착입니다. 라스베이거스, (조회수 18회)",https://www.youtube.com/watch?v=pBfxVIvPuP8,2026-03-19 08:43
2026-03-19,유튜브(영상),[YouTube] 티쓰리,"[영상] 테슬라 × LG엔솔, 43억 달러 배터리 계약 전격 공개 | 미국산 셀이 판을 바꾼다 (조회수 35회)",https://www.youtube.com/watch?v=svk5MJBDtrE,2026-03-19 08:43
2026-03-19,유튜브(영상),[YouTube] 택배하는삼촌,[영상] 새벽배송 택배기사에게 급속충전이란... (조회수 40회),https://www.youtube.com/watch?v=FpLhfAkSo-Q,2026-03-19 08:43
2026-03-19,유튜브(영상),[YouTube] 포워드 뷰 (Forward View),[영상] 알아서 전기차 급속충전해주는 시대 (조회수 1564회),https://www.youtube.com/watch?v=uRSrNk0cmPU,2026-03-19 08:43
2026-03-19,유튜브(영상),[YouTube] FixEV(픽스이브이),"[영상] 👉 전기차 완속 충전요금 가장 싼 곳 TOP10 (2026 최신, 모르면 손해) #완속 #충전요금 (조회수 2701회)",https://www.youtube.com/watch?v=EIMKIktlG9g,2026-03-19 08:43
2026-03-19,채비,포르쉐 타이칸 동호회 ■ 더타이칸 클럽 ■ 투리스모 전기차,채비카드,https://cafe.naver.com/inhelia/31681,2026-03-19 08:43
2026-03-19,일렉링크,■ 무쏘EV 토레스EVX 동호회 KGM 전기차 통합카페 픽업트럭 알파,충전소 최저가 찾는 어플 같은게 있을까요?,https://cafe.naver.com/gosizone/345168,2026-03-19 08:42
2026-03-20,유튜브(영상),[YouTube] 에잇,[영상] 전기차 스스로 찾아 충전…‘이동식 충전 로봇’ 등장 (조회수 750회),https://www.youtube.com/watch?v=2ZimWgfGoAc,2026-03-20 08:45
2026-03-20,유튜브(영상),[YouTube] 티쓰리,"[영상] 테슬라가 한국엔 팔고 미국엔 안 파는 모델Y, 그 진짜 이유 (조회수 649회)",https://www.youtube.com/watch?v=-WcADmAFwlw,2026-03-20 08:45
2026-03-20,유튜브(영상),[YouTube] 티쓰리,"[영상] 테슬라가 한국엔 팔고 미국엔 안 파는 모델Y, 그 진짜 이유 (조회수 553회)",https://www.youtube.com/watch?v=h-kNeOnCmJY,2026-03-20 08:45
2026-03-20,유튜브(영상),[YouTube] FixEV(픽스이브이),[영상] 👉 전기차 급속 50kW 충전요금 가장 싼 곳 TOP10 (아직도 비싸게 충전하고 있나요?) (조회수 501회),https://www.youtube.com/watch?v=4xz523e_8W0,2026-03-20 08:45
2026-03-20,유튜브(영상),[YouTube] 티쓰리,"[영상] 테슬라가 한국엔 팔고 미국엔 안 파는 모델Y, 그 진짜 이유 (조회수 472회)",https://www.youtube.com/watch?v=Jk2ctoR5RVI,2026-03-20 08:45
2026-03-20,유튜브(영상),[YouTube] 티쓰리,"[영상] 테슬라가 한국엔 팔고 미국엔 안 파는 모델Y, 그 진짜 이유 (조회수 64회)",https://www.youtube.com/watch?v=UW0INFzAJNI,2026-03-20 08:45
2026-03-20,유튜브(영상),[YouTube] 티쓰리,"[영상] : 테슬라 슈퍼차저, 드디어 이 나라 전기차 오너들도 쓸 수 있게 됐다 (조회수 249회)",https://www.youtube.com/watch?v=lyfC9uA3ljo,2026-03-20 08:45
2026-03-20,유튜브(영상),[YouTube] 티쓰리,"[영상] 테슬라  테슬라 로드스터, 드디어 베일 벗나? + LG엔솔과의 초대형 배터리 딜까지! (조회수 20회)",https://www.youtube.com/watch?v=Z4ppvzoI0hE,2026-03-20 08:45
2026-03-20,유튜브(영상),[YouTube] 티쓰리,"[영상] 테슬라 사이버트럭, 드디어 이 기능 받았다 + 오토파일럿 소송 근황 (조회수 11회)",https://www.youtube.com/watch?v=ppa5hK4FyOM,2026-03-20 08:45
2026-03-20,유튜브(영상),[YouTube] 티쓰리,"[영상] 테슬라가 한국엔 팔고 미국엔 안 파는 모델Y, 그 진짜 이유 (조회수 777회)",https://www.youtube.com/watch?v=qHkZT8MK4Ds,2026-03-20 08:45
2026-03-20,유튜브(영상),[YouTube] 티쓰리,"[영상] 테슬라가 한국엔 팔고 미국엔 안 파는 모델Y, 그 진짜 이유 (조회수 317회)",https://www.youtube.com/watch?v=_j8ycLhOKBE,2026-03-20 08:45
2026-03-20,유튜브(영상),[YouTube] 티쓰리,[영상] 테슬라가 드디어 전기차로 돈 벌게 해준다고? 사이버트럭으로 월급 받는 시대 (조회수 813회),https://www.youtube.com/watch?v=nVhF3-b7hqo,2026-03-20 08:45
2026-03-20,유튜브(영상),[YouTube] 티쓰리,"[영상] 🚗 테슬라 FSD, 84억 마일 돌파… 완전자율주행까지 얼마나 남았나? (조회수 1167회)",https://www.youtube.com/watch?v=tF6nFqt6D2Q,2026-03-20 08:45
2026-03-20,채비,★테슬라 [TKC] 모델S 모델3 모델X 모델Y 사이버트럭 FSD 전기차,"채비 ""밀어서충전우선노출"" 무슨 뜻인가요??",https://cafe.naver.com/noljatravel/1566627,2026-03-20 08:45
2026-03-20,유튜브(영상),[YouTube] 티쓰리,"[영상] 테슬라가 한국엔 팔고 미국엔 안 파는 모델Y, 그 진짜 이유 (조회수 833회)",https://www.youtube.com/watch?v=H_alUUGYoDA,2026-03-20 08:45
2026-03-20,유튜브(영상),[YouTube] 채비,[영상] 쓰면 쓸수록 돈 번다? 모르면 손해인 충전비 절약 꿀팁 (조회수 1281회),https://www.youtube.com/watch?v=KQ_53uP7VXY,2026-03-20 08:45
2026-03-21,유튜브(영상),[YouTube] 티쓰리,"[영상] 테슬라 테슬라 FSD, 美 정부가 칼 뽑았다 + v14.3 곧 온다 (조회수 17회)",https://www.youtube.com/watch?v=EKOlLfaJ41A,2026-03-21 08:44
2026-03-21,유튜브(영상),[YouTube] FixEV(픽스이브이),"[영상] 👉 전기차 급속 100kW이상 충전요금 가장 싼 곳 TOP10 (2026년 최신, 요금 차이 생각보다 큽니다) (조회수 397회)",https://www.youtube.com/watch?v=5v3V4mhooUA,2026-03-21 08:44
2026-03-21,유튜브(영상),[YouTube] 카제로 Carzero,[영상] 스펙이 아니라 ‘공간 디테일’로 계약 뽑는 전기차… 캐스퍼 라운지 #캐스퍼일렉트릭라운지 #캐스퍼라운지 #automobile #카제로 (조회수 1074회),https://www.youtube.com/watch?v=apW8jW92aEM,2026-03-21 08:44
2026-03-21,채비,"#전기차맛집▶아이오닉5 6 9,테슬라모델3 Y,EV 3 6 9 장기렌트","채비스테이, 프리미엄 손세차 '채비워시' 론칭",https://cafe.naver.com/evkoreaplus/65033,2026-03-21 08:44
2026-03-21,일렉링크,"전기차동호회-아이오닉5 6 9,EV3 EV4 EV5 EV6 EV9,테슬라모델Y 3",고속도로에서 제일 많이 쓰는 충전 카드는 뭔가요?,https://cafe.naver.com/allfm01/2003867,2026-03-21 08:42
2026-03-21,일렉링크,★테슬라 [TKC] 모델S 모델3 모델X 모델Y 사이버트럭 FSD 전기차,로밍 충전 하면 거덜 납니다.,https://cafe.naver.com/noljatravel/1569413,2026-03-21 08:42
2026-03-22,유튜브(영상),[YouTube] 티쓰리,"[영상] 테슬라가 한국엔 팔고 미국엔 안 파는 모델Y, 그 진짜 이유 (조회수 533회)",https://www.youtube.com/watch?v=JZg2wmxJcwo,2026-03-22 08:39
2026-03-22,유튜브(영상),[YouTube] LD모터스 도승우,[영상] 중고 전기차 구매하기전 첫번째로 확인하는것! (조회수 12회),https://www.youtube.com/watch?v=aqrOPVxPp7g,2026-03-22 08:39
2026-03-22,유튜브(영상),[YouTube] 티쓰리,"[영상] 테슬라가 한국엔 팔고 미국엔 안 파는 모델Y, 그 진짜 이유 (조회수 22회)",https://www.youtube.com/watch?v=7t0mxJ4aS-c,2026-03-22 08:39
2026-03-22,유튜브(영상),[YouTube] 티쓰리,"[영상] 테슬라 테슬라 FSD, 드디어 유럽 상륙 초읽기! 18개월의 사투가 끝났다 (조회수 22회)",https://www.youtube.com/watch?v=xzYwqCV3v8o,2026-03-22 08:39
2026-03-22,유튜브(영상),[YouTube] 티쓰리,"[영상] 테슬라가 한국엔 팔고 미국엔 안 파는 모델Y, 그 진짜 이유 (조회수 29회)",https://www.youtube.com/watch?v=A0YG6YNHdpg,2026-03-22 08:39
2026-03-22,유튜브(영상),[YouTube] autocheck,[영상] 이제 폴스타도 '수퍼차저' 급 인프라? 충전 스트레스 끝 (조회수 31회),https://www.youtube.com/watch?v=4iY2tiq3mNc,2026-03-22 08:39
2026-03-22,유튜브(영상),[YouTube] 티쓰리,[영상] 테슬라 지금 FSD는 어떤 상황인가?v14.3에서 기대되는 것들로보택시 오스틴과의 연결고리 (조회수 45회),https://www.youtube.com/watch?v=1hqRuvaq98I,2026-03-22 08:39
2026-03-22,유튜브(영상),[YouTube] 티쓰리,"[영상] 테슬라 그 헨더슨의 한 주차장에, 테슬라 모델 Y 차량들이 떼로 주차되어 있는 장면이 포착입니다. 라스베이거스, (조회수 159회)",https://www.youtube.com/watch?v=AT91z_hEeuk,2026-03-22 08:39
2026-03-22,유튜브(영상),[YouTube] 티쓰리,"[영상] 테슬라가 한국엔 팔고 미국엔 안 파는 모델Y, 그 진짜 이유 (조회수 244회)",https://www.youtube.com/watch?v=Hx4wCQUtdZw,2026-03-22 08:39
2026-03-22,유튜브(영상),[YouTube] 티쓰리,"[영상] : 테슬라 슈퍼차저, 드디어 이 나라 전기차 오너들도 쓸 수 있게 됐다 (조회수 588회)",https://www.youtube.com/watch?v=7ZNsLVJNycY,2026-03-22 08:39
2026-03-22,일렉링크,"전기차동호회-아이오닉5 6 9,EV3 EV4 EV5 EV6 EV9,테슬라모델Y 3",일렉링크 회원가 347원?,https://cafe.naver.com/allfm01/2004986,2026-03-22 08:38
2026-03-22,유튜브(영상),[YouTube] 티쓰리,[영상] 테슬라  테슬라 세미트럭 충전소 드디어 일반 공개… 물류업계 뒤집힌다 (조회수 819회),https://www.youtube.com/watch?v=4KbQ6_WxgME,2026-03-22 08:39
2026-03-22,유튜브(영상),[YouTube] 티쓰리,"[영상] 테슬라 세미, 텍사스까지 왔다... 디젤 트럭이 버틸 수 없는 숫자가 나왔다 (조회수 769회)",https://www.youtube.com/watch?v=5e1jM3gqyI8,2026-03-22 08:39
2026-03-22,일렉링크,"전기차동호회-아이오닉5 6 9,EV3 EV4 EV5 EV6 EV9,테슬라모델Y 3",충전 관련 문의입니다.(고속도로),https://cafe.naver.com/allfm01/2005140,2026-03-22 08:38
2026-03-22,일렉링크,★테슬라 [TKC] 모델S 모델3 모델X 모델Y 사이버트럭 FSD 전기차,일렉링크,https://cafe.naver.com/noljatravel/1570164,2026-03-22 08:38
2026-03-22,유튜브(영상),[YouTube] 티쓰리,[영상] 테슬라 일론 머스크가 드디어 디즈니 텃밭에 터널 뚫는다? 유니버설 오를랜도 지하 교통망 프로젝트 최종 낙찰 (조회수 874회),https://www.youtube.com/watch?v=G-TVGfquUSA,2026-03-22 08:39
2026-03-22,유튜브(영상),[YouTube] 티쓰리,[영상] 테슬라  테슬라 세미트럭 충전소 드디어 일반 공개… 물류업계 뒤집힌다 (조회수 823회),https://www.youtube.com/watch?v=NggvpG1zRA4,2026-03-22 08:39
2026-03-22,채비,★BYD 비야디 전기차 공식동호회[BYD 오너스]아토3 씰 씨라이언7,강동구 채비스테이 왔어요,https://cafe.naver.com/rlfnrl2034/2072027,2026-03-22 08:39
2026-03-23,유튜브(영상),[YouTube] 티쓰리,"[영상] 테슬라 그 헨더슨의 한 주차장에, 테슬라 모델 Y 차량들이 떼로 주차되어 있는 장면이 포착입니다. 라스베이거스, (조회수 819회)",https://www.youtube.com/watch?v=2sOlPaIXi3s,2026-03-23 08:45
2026-03-23,유튜브(영상),[YouTube] 티쓰리,[영상] 테슬라  SpaceX가 미 우주군의 유일한 파트너가 되고 있다]** (조회수 29회),https://www.youtube.com/watch?v=uStPgs4JG3E,2026-03-23 08:45
2026-03-23,유튜브(영상),[YouTube] 티쓰리,"[영상] 테슬라가 한국엔 팔고 미국엔 안 파는 모델Y, 그 진짜 이유 (조회수 68회)",https://www.youtube.com/watch?v=mkaERGWOV2M,2026-03-23 08:45
2026-03-23,유튜브(영상),[YouTube] 티쓰리,[영상] 테슬라가 돈 쓰기 시작했다 — 광고 0원 신화의 종말 (조회수 75회),https://www.youtube.com/watch?v=oayFgcz3tqs,2026-03-23 08:45
2026-03-23,유튜브(영상),[YouTube] 티쓰리,"[영상] : 테슬라 슈퍼차저, 드디어 이 나라 전기차 오너들도 쓸 수 있게 됐다 (조회수 459회)",https://www.youtube.com/watch?v=4rsq5jl9_d0,2026-03-23 08:45
2026-03-23,유튜브(영상),[YouTube] 티쓰리,"[영상] : 테슬라 슈퍼차저, 드디어 이 나라 전기차 오너들도 쓸 수 있게 됐다 (조회수 593회)",https://www.youtube.com/watch?v=LlhUBTz4gj8,2026-03-23 08:45
2026-03-23,유튜브(영상),[YouTube] 티쓰리,"[영상] 테슬라 그 헨더슨의 한 주차장에, 테슬라 모델 Y 차량들이 떼로 주차되어 있는 장면이 포착입니다. 라스베이거스, (조회수 649회)",https://www.youtube.com/watch?v=9hxtQRjhppA,2026-03-23 08:45
2026-03-23,유튜브(영상),[YouTube] 티쓰리,"[영상] : 테슬라 슈퍼차저, 드디어 이 나라 전기차 오너들도 쓸 수 있게 됐다 (조회수 690회)",https://www.youtube.com/watch?v=I8Q1Ap0RwNA,2026-03-23 08:45
2026-03-23,유튜브(영상),[YouTube] LD모터스 도승우,[영상] 중고 전기차 구매하기전 첫번째로 확인하는것! (조회수 682회),https://www.youtube.com/watch?v=2rilri09DHw,2026-03-23 08:45
2026-03-23,채비,"전기차동호회-아이오닉5 6 9,EV3 EV4 EV5 EV6 EV9,테슬라모델Y 3",채비 벽부형 충전기 오류,https://cafe.naver.com/allfm01/2005849,2026-03-23 08:44
2026-03-23,채비,"전기차동호회-아이오닉5 6 9,EV3 EV4 EV5 EV6 EV9,테슬라모델Y 3",채비 급속충전 후 미출차 과태료,https://cafe.naver.com/allfm01/2005871,2026-03-23 08:44
2026-03-23,일렉링크,★테슬라 [TKC] 모델S 모델3 모델X 모델Y 사이버트럭 FSD 전기차,고창 여행 계획중인데...충전걱정 도와주세요^^,https://cafe.naver.com/noljatravel/1571336,2026-03-23 08:43
2026-03-23,일렉링크,현대 아이오닉9 오너스 - 나이너스,충전 금액 문의드립니다.,https://cafe.naver.com/ioniq9owners/20032,2026-03-23 08:43
2026-03-23,이브이시스,"전기차동호회-아이오닉5 6 9,EV3 EV4 EV5 EV6 EV9,테슬라모델Y 3",가정용 완속 충전기 추천부탁드려요~,https://cafe.naver.com/allfm01/2005671,2026-03-23 08:45
2026-03-24,유튜브(영상),[YouTube] LD모터스 도승우,[영상] 중고전기차 안좋은매물 거르는 쉬운방법! (조회수 1308회),https://www.youtube.com/watch?v=OmMWKFZ2oRk,2026-03-24 08:23
2026-03-24,이브이시스,"전기차동호회-아이오닉5 6 9,EV3 EV4 EV5 EV6 EV9,테슬라모델Y 3",창원에서 충전한다고 한다면. 특히 마산 합포구 어떤곳이 제일 저렴하게 충전가능할까요?,https://cafe.naver.com/allfm01/2006291,2026-03-24 08:23
2026-03-24,이브이시스,"전기차동호회-아이오닉5 6 9,EV3 EV4 EV5 EV6 EV9,테슬라모델Y 3",[질문] 충전소 부지 허가 완료 후 급속 충전기 선정을 고민 중입니다,https://cafe.naver.com/allfm01/2006971,2026-03-24 08:23
2026-03-24,채비,포르쉐 타이칸 동호회 ■ 더타이칸 클럽 ■ 투리스모 전기차,타이칸 채비 카드 등록,https://cafe.naver.com/inhelia/31879,2026-03-24 08:22
2026-03-24,채비,포르쉐 타이칸 동호회 ■ 더타이칸 클럽 ■ 투리스모 전기차,타이칸 블랙 에디션 출고후 채비카드 사용,https://cafe.naver.com/inhelia/31894,2026-03-24 08:22
2026-03-24,채비,"전기차동호회-아이오닉5 6 9,EV3 EV4 EV5 EV6 EV9,테슬라모델Y 3",채비 완속 QR 코드 안보이네요.,https://cafe.naver.com/allfm01/2006993,2026-03-24 08:22
2026-03-24,일렉링크,"전기차동호회-아이오닉5 6 9,EV3 EV4 EV5 EV6 EV9,테슬라모델Y 3",충전하기 힘들어요.,https://cafe.naver.com/allfm01/2007197,2026-03-24 08:21
2026-03-25,유튜브(영상),[YouTube] 티쓰리,[영상] 테슬라  테슬라가 드디어 제대로 된 V4 수퍼차저를 동부에 열었다고요 (조회수 11회),https://www.youtube.com/watch?v=vLm51GqCgmw,2026-03-25 08:23
2026-03-25,유튜브(영상),[YouTube] 티쓰리,[영상] 테슬라 이것이 트럭이다 테슬라 세미가 제이 레노 앞에서 다 털어놨다 (조회수 12회),https://www.youtube.com/watch?v=nRpWabt-ANo,2026-03-25 08:23
2026-03-25,유튜브(영상),[YouTube] lyun의 운전포인트,"[영상] lyun의 Car Driving Point 554. 진로 고려 대기, 회피성 방향등, 회전로 대기, 교각 아래 회전로, 치우침 인지&감안, 선 좌회전 금지, 노면  표시후 포켓차로 (조회수 13회)",https://www.youtube.com/watch?v=4sXBQGyM1i8,2026-03-25 08:23
2026-03-25,유튜브(영상),[YouTube] 티쓰리,"[영상] : 테슬라 슈퍼차저, 드디어 이 나라 전기차 오너들도 쓸 수 있게 됐다 (조회수 185회)",https://www.youtube.com/watch?v=-O0x-d2A1yk,2026-03-25 08:23
2026-03-25,유튜브(영상),[YouTube] 티쓰리,[영상] 🔥 테슬라 모델 쓰리 지금 사면 진짜 이득인 이유 | 0.99프로 금리의 비밀 (조회수 307회),https://www.youtube.com/watch?v=i3Jkh-aB9lI,2026-03-25 08:23
2026-03-25,유튜브(영상),[YouTube] 티쓰리,[영상] 🔥 테슬라 모델 쓰리 지금 사면 진짜 이득인 이유 | 0.99프로 금리의 비밀 (조회수 471회),https://www.youtube.com/watch?v=VmjlmgxHA5M,2026-03-25 08:23
2026-03-25,유튜브(영상),[YouTube] 티쓰리,"[영상] : 테슬라 슈퍼차저, 드디어 이 나라 전기차 오너들도 쓸 수 있게 됐다 (조회수 474회)",https://www.youtube.com/watch?v=da0Lr0No6xE,2026-03-25 08:23
2026-03-25,유튜브(영상),[YouTube] 티쓰리,"[영상] 테슬라가 한국엔 팔고 미국엔 안 파는 모델Y, 그 진짜 이유 (조회수 547회)",https://www.youtube.com/watch?v=43t174NxtIc,2026-03-25 08:23
2026-03-25,유튜브(영상),[YouTube] 티쓰리,"[영상] 테슬라가 한국엔 팔고 미국엔 안 파는 모델Y, 그 진짜 이유 (조회수 600회)",https://www.youtube.com/watch?v=iWWJSmaEi9E,2026-03-25 08:23
2026-03-25,유튜브(영상),[YouTube] 티쓰리,[영상] 🔥 테슬라 모델 쓰리 지금 사면 진짜 이득인 이유 | 0.99프로 금리의 비밀 (조회수 663회),https://www.youtube.com/watch?v=8dLM5tflsX0,2026-03-25 08:23
2026-03-25,유튜브(영상),[YouTube] 티쓰리,[영상] 🔥 테슬라 모델 쓰리 지금 사면 진짜 이득인 이유 | 0.99프로 금리의 비밀 (조회수 1100회),https://www.youtube.com/watch?v=Z0gyC4bURW4,2026-03-25 08:23
2026-03-25,유튜브(영상),[YouTube] 티쓰리,[영상] 테슬라 일론 머스크가 드디어 디즈니 텃밭에 터널 뚫는다? 유니버설 오를랜도 지하 교통망 프로젝트 최종 낙찰 (조회수 705회),https://www.youtube.com/watch?v=WsdqxOYdDzs,2026-03-25 08:23
2026-03-25,일렉링크,★ 아이오닉 공식 동호회 [아이오닉 멤버스] 아이오닉 5 6 7 9 N,와 아파트 충전기 넘쳐나네요.,https://cafe.naver.com/cafeclip/1300826,2026-03-25 08:21
2026-03-25,일렉링크,"전기차동호회-아이오닉5 6 9,EV3 EV4 EV5 EV6 EV9,테슬라모델Y 3",충전사업자 카드 추천,https://cafe.naver.com/allfm01/2007554,2026-03-25 08:21
2026-03-25,일렉링크,★ 기아 EV3 공식동호회 [ EV3 오너스클럽 ] 전기차 보조금 가격,전기차 받은지 3일째인데 하찮은 충전 질문좀요,https://cafe.naver.com/musicdomain/865139,2026-03-25 08:21
2026-03-25,이브이시스,"전기차동호회-아이오닉5 6 9,EV3 EV4 EV5 EV6 EV9,테슬라모델Y 3",충전사업자 카드 추천,https://cafe.naver.com/allfm01/2007554,2026-03-25 08:23
2026-03-26,유튜브(영상),[YouTube] 차박헌터 Car Camp Hunter,[영상] 전기차 오너에게 신축 아파트가 좋은 이유 #전기차충전 #급속충전 #evcar (조회수 11989회),https://www.youtube.com/watch?v=-blKxf-ARN0,2026-03-26 08:23
2026-03-26,이브이시스,★BYD 비야디 전기차 공식동호회[BYD 오너스]아토3 씰 씨라이언7,이브이시스 구독 기념으로 충전합니다,https://cafe.naver.com/rlfnrl2034/2073667,2026-03-26 08:23
2026-03-26,이브이시스,"전기차동호회-아이오닉5 6 9,EV3 EV4 EV5 EV6 EV9,테슬라모델Y 3",충전하면서 기다릴땐,https://cafe.naver.com/allfm01/2008796,2026-03-26 08:23
2026-03-26,이브이시스,"전기차동호회-아이오닉5 6 9,EV3 EV4 EV5 EV6 EV9,테슬라모델Y 3",충전 좀 저렴하게 하려고 보니,https://cafe.naver.com/allfm01/2008339,2026-03-26 08:23
2026-03-26,유튜브(영상),[YouTube] 티쓰리,[영상] 🔥 테슬라 모델 쓰리 지금 사면 진짜 이득인 이유 | 0.99프로 금리의 비밀 (조회수 1698회),https://www.youtube.com/watch?v=PcK1l_lWIs8,2026-03-26 08:23
2026-03-26,유튜브(영상),[YouTube] 티쓰리,[영상] 🔥 테슬라 모델 쓰리 지금 사면 진짜 이득인 이유 | 0.99프로 금리의 비밀 (조회수 78회),https://www.youtube.com/watch?v=_NsYcyQWu9s,2026-03-26 08:23
2026-03-26,유튜브(영상),[YouTube] 티쓰리,"[영상] : 테슬라 슈퍼차저, 드디어 이 나라 전기차 오너들도 쓸 수 있게 됐다 (조회수 288회)",https://www.youtube.com/watch?v=Y981AL2do-Q,2026-03-26 08:23
2026-03-26,유튜브(영상),[YouTube] 살림기술,[영상] 요즘 이거 안 타면 손해 이 가격에 차 산다고요? #미니전기차 #전기차충전요금 #전기차 #전기차보조금 #초소형전기차 (조회수 216회),https://www.youtube.com/watch?v=3vTxrsFrI0A,2026-03-26 08:23
2026-03-26,유튜브(영상),[YouTube] 티쓰리,[영상] 🔥 테슬라 모델 쓰리 지금 사면 진짜 이득인 이유 | 0.99프로 금리의 비밀 (조회수 191회),https://www.youtube.com/watch?v=cyzN_S-dByA,2026-03-26 08:23
2026-03-26,유튜브(영상),[YouTube] 티쓰리,[영상] 테슬라 테슬라 모바일 앱에서 현재 운전자 프로필을 실시간으로 확인할 수 있는 기능 (조회수 21회),https://www.youtube.com/watch?v=ekPP4ouGSwU,2026-03-26 08:23
2026-03-26,유튜브(영상),[YouTube] 티쓰리,[영상] 테슬라 테슬라 기가 텍사스에 수상한 차량 포착… 모델 Y L 미국 상륙 임박? (조회수 17회),https://www.youtube.com/watch?v=EKcH09WEFIY,2026-03-26 08:23
2026-03-26,유튜브(영상),[YouTube] 티쓰리,[영상] 테슬라 이것이 트럭이다 사이버트럭이 미국 픽업트럭 시장 전체를 통틀어서 **유일하게** 두 개의 최고 안전 등급을 동시에 받은 차량이 됐거든요 (조회수 14회),https://www.youtube.com/watch?v=m3Fl4xYmKVM,2026-03-26 08:23
2026-03-26,유튜브(영상),[YouTube] 박시사,[영상] 퇴근하고 스마트폰·전기차 충전했다가 통장 박살 났습니다 (4월 에너지 쇼크 실전 대비법)/#에너지쇼크 #고지서폭탄 #카푸어나락썰 #전기요금 #피크요금제 #전기차충전 #에너지절약 (조회수 1047회),https://www.youtube.com/watch?v=BFP3X7HcLBY,2026-03-26 08:23
2026-03-26,채비,"#전기차맛집▶아이오닉5 6 9,테슬라모델3 Y,EV 3 6 9 장기렌트","채비, EEE와 손잡고 두바이 충전 인프라 공략 박차",https://cafe.naver.com/evkoreaplus/65274,2026-03-26 08:23
2026-03-26,일렉링크,"전기차동호회-아이오닉5 6 9,EV3 EV4 EV5 EV6 EV9,테슬라모델Y 3",충전카드 질문,https://cafe.naver.com/allfm01/2009130,2026-03-26 08:22
2026-03-26,일렉링크,★테슬라 [TKC] 모델S 모델3 모델X 모델Y 사이버트럭 FSD 전기차,일렉링크 45100,https://cafe.naver.com/noljatravel/1577062,2026-03-26 08:22
2026-03-26,일렉링크,★ 캐스퍼ev 전기차 공식 동호회 [캐스퍼 일렉트릭 클럽] 보조금,급속충전기 오류 ㅠㅠ 도와주세요,https://cafe.naver.com/lastchaos2/400604,2026-03-26 08:22
2026-03-26,일렉링크,"전기차동호회-아이오닉5 6 9,EV3 EV4 EV5 EV6 EV9,테슬라모델Y 3",코나 전기차 충전 오류,https://cafe.naver.com/allfm01/2008431,2026-03-26 08:22
2026-03-26,일렉링크,★테슬라 [TKC] 모델S 모델3 모델X 모델Y 사이버트럭 FSD 전기차,sk일렉링크 41100점 31000원에 판애,https://cafe.naver.com/noljatravel/1576162,2026-03-26 08:22
2026-03-26,일렉링크,★테슬라 [TKC] 모델S 모델3 모델X 모델Y 사이버트럭 FSD 전기차,충전카드,https://cafe.naver.com/noljatravel/1575530,2026-03-26 08:22
2026-03-27,유튜브(영상),[YouTube] B tv 뉴스,"[영상] 전주시, 지하 전기차 충전시설 지상 이전 지원 [전북] (조회수 22회)",https://www.youtube.com/watch?v=9fdXmDFudxA,2026-03-27 08:23
2026-03-27,유튜브(영상),[YouTube] 인생 8회차,"[영상] ""낮에 충전하고 샤워는 짧게?"" 정부의 에너지 절약령, 현실은? (조회수 704회)",https://www.youtube.com/watch?v=nhU7HOYt1wk,2026-03-27 08:23
2026-03-27,유튜브(영상),[YouTube] 김한용의 MOCAR,"[영상] 스마트충전기, 문제 없습니까?!...전기차 충전의 미래, 6명의 전문가와 토론해보자! (조회수 32533회)",https://www.youtube.com/watch?v=vOuKkSVwzIc,2026-03-27 08:23
2026-03-27,워터,★테슬라 [TKC] 모델S 모델3 모델X 모델Y 사이버트럭 FSD 전기차,워터350W 충전했는데?,https://cafe.naver.com/noljatravel/1578732,2026-03-27 08:22
2026-03-27,일렉링크,★현대 아이오닉9 공식 동호회-아이오닉9 클럽 [나인클] 보조금,아이오닉9 출고 후 sk일렉링크 포인트 신청방법공유,https://cafe.naver.com/optimusex119/207873,2026-03-27 08:21
2026-03-27,채비,포항전기차협의회,"채비, 이용자 경험 기반 고객 만족도 개선을 위한 공청회",https://cafe.naver.com/pohangevclub/44837,2026-03-27 08:22
2026-03-28,유튜브(영상),[YouTube] 채비,[영상] 200kW 충전기인데 왜 50kW죠? 전기차 충전기 억울합니다 |  올댓EV EP.2 (조회수 192회),https://www.youtube.com/watch?v=zEBotp8w7IE,2026-03-28 08:23
2026-03-28,유튜브(영상),[YouTube] 알고타,[영상] 전기차 충전요금 최대 6배 차이 (조회수 1620회),https://www.youtube.com/watch?v=8hqHqSrWFrI,2026-03-28 08:23
2026-03-28,일렉링크,★테슬라 [TKC] 모델S 모델3 모델X 모델Y 사이버트럭 FSD 전기차,일렉링크 포인트 왜 싸게파나요?,https://cafe.naver.com/noljatravel/1579913,2026-03-28 08:21
2026-03-28,일렉링크,"전기차동호회-아이오닉5 6 9,EV3 EV4 EV5 EV6 EV9,테슬라모델Y 3",SK일렉링크 선불충전카드,https://cafe.naver.com/allfm01/2010456,2026-03-28 08:21
2026-03-28,일렉링크,"전기차동호회-아이오닉5 6 9,EV3 EV4 EV5 EV6 EV9,테슬라모델Y 3",23년식 ev6 콤보차저 교체 후 초급속 충전기 결합이슈,https://cafe.naver.com/allfm01/2010460,2026-03-28 08:21
2026-03-28,일렉링크,"전기차동호회-아이오닉5 6 9,EV3 EV4 EV5 EV6 EV9,테슬라모델Y 3",다들 전기차충전시 환경부카드? 사용하시나요?,https://cafe.naver.com/allfm01/2010584,2026-03-28 08:21
2026-03-29,채비,★테슬라 [TKC] 모델S 모델3 모델X 모델Y 사이버트럭 FSD 전기차,아파트에서 직접설치한 채비 충전기 요금이 250원인데 비싼편인가요?,https://cafe.naver.com/noljatravel/1581674,2026-03-29 08:22
2026-03-29,채비,포르쉐 타이칸 동호회 ■ 더타이칸 클럽 ■ 투리스모 전기차,채비카드 사기는 대부분 중국인들,https://cafe.naver.com/inhelia/32125,2026-03-29 08:22
2026-03-29,채비,★테슬라 [TKC] 모델S 모델3 모델X 모델Y 사이버트럭 FSD 전기차,한달에 한번 갈까 말까 하지만.. 봄이 오니 ㅎ ~ 오늘 sk 일렉 & 채비 구독 가입.. 했어요. ㄷㄷ,https://cafe.naver.com/noljatravel/1581084,2026-03-29 08:22
2026-03-29,이브이시스,★ EV9 공식동호회 [EV9 오너스클럽] EV9 대표카페 전기차보조금,전기차 충전 카드 질문,https://cafe.naver.com/terror4u/1401942,2026-03-29 08:23
2026-03-29,유튜브(영상),[YouTube] 티쓰리,[영상] 🔥 테슬라 모델 쓰리 지금 사면 진짜 이득인 이유 | 0.99프로 금리의 비밀 (조회수 558회),https://www.youtube.com/watch?v=-jNC1nOUetE,2026-03-29 08:23
2026-03-29,유튜브(영상),[YouTube] 티쓰리,"[영상] : 테슬라 슈퍼차저, 드디어 이 나라 전기차 오너들도 쓸 수 있게 됐다 (조회수 938회)",https://www.youtube.com/watch?v=TelaJe7JKL0,2026-03-29 08:23
2026-03-29,유튜브(영상),[YouTube] 티쓰리,[영상] 🔥 테슬라 모델 쓰리 지금 사면 진짜 이득인 이유 | 0.99프로 금리의 비밀 (조회수 197회),https://www.youtube.com/watch?v=Ur0DhCFl8w8,2026-03-29 08:23
2026-03-29,유튜브(영상),[YouTube] 티쓰리,"[영상] : 테슬라 슈퍼차저, 드디어 이 나라 전기차 오너들도 쓸 수 있게 됐다 (조회수 137회)",https://www.youtube.com/watch?v=ln77q-jb19I,2026-03-29 08:23
2026-03-29,유튜브(영상),[YouTube] MVB garage ,[영상] 2026 지커 7X 공개! 테슬라도 긴장한 역대급 전기 SUV의 충격적인 실체 (조회수 112회),https://www.youtube.com/watch?v=xluFm4C9qFU,2026-03-29 08:23
2026-03-29,유튜브(영상),[YouTube] 지혜의삶,[영상] 수리비 폭탄 맞는 전기차 치명적 실수 5탄 (조회수 15111회),https://www.youtube.com/watch?v=K9BKnrEXj30,2026-03-29 08:23
2026-03-29,일렉링크,★테슬라 [TKC] 모델S 모델3 모델X 모델Y 사이버트럭 FSD 전기차,한달에 한번 갈까 말까 하지만.. 봄이 오니 ㅎ ~ 오늘 sk 일렉 & 채비 구독 가입.. 했어요. ㄷㄷ,https://cafe.naver.com/noljatravel/1581084,2026-03-29 08:21
2026-03-29,워터,★테슬라 [TKC] 모델S 모델3 모델X 모델Y 사이버트럭 FSD 전기차,워터 350kw 충전 괜찮을까요?,https://cafe.naver.com/noljatravel/1581784,2026-03-29 08:22
2026-03-29,일렉링크,"전기차동호회-아이오닉5 6 9,EV3 EV4 EV5 EV6 EV9,테슬라모델Y 3",일렉링크350kw에 환경부카드 썼는데요,https://cafe.naver.com/allfm01/2011503,2026-03-29 08:21
2026-03-29,일렉링크,★테슬라 [TKC] 모델S 모델3 모델X 모델Y 사이버트럭 FSD 전기차,한전 충전요금 kw당 444원 ?,https://cafe.naver.com/noljatravel/1582027,2026-03-29 08:21
2026-03-29,일렉링크,★테슬라 [TKC] 모델S 모델3 모델X 모델Y 사이버트럭 FSD 전기차,일렉링크 42000,https://cafe.naver.com/noljatravel/1581670,2026-03-29 08:21
2026-03-29,일렉링크,"전기차동호회-아이오닉5 6 9,EV3 EV4 EV5 EV6 EV9,테슬라모델Y 3",sk 일렉링크 충전되는 젠더 아시는분,https://cafe.naver.com/allfm01/2011366,2026-03-29 08:21
2026-03-30,유튜브(영상),[YouTube] 새움에너지솔루션.에너지절약.탄소중립,[영상] #전기자동차 전력품질개선 시 연비변화 #레이전기차 #경차 #에너지발전장치 설치 충전시간단축 #전기요금절약 #전력품질개선으로 에너지절약 #전기자동차 CO2배출량저감 #탄소중립실천 (조회수 1452회),https://www.youtube.com/watch?v=0c9isMipMJs,2026-03-30 08:23
2026-03-30,유튜브(영상),[YouTube] 요약정리소,[영상] 전기차 충전요금 급등 이유 나왔다 아파트 주민 부담 왜 커졌나 (조회수 12107회),https://www.youtube.com/watch?v=veRJ9AGraNg,2026-03-30 08:23
2026-03-30,유튜브(영상),[YouTube] 졸라맨 라이프,[영상] 전기차 충전은 하늘 번개로 #광고 #병맛 # 전기차 #충전 #급속충전 #고속도로 (조회수 1888회),https://www.youtube.com/watch?v=AS8cSNqQ1XE,2026-03-30 08:23
2026-03-30,유튜브(영상),[YouTube] 티쓰리,"[영상] : 테슬라 슈퍼차저, 드디어 이 나라 전기차 오너들도 쓸 수 있게 됐다 (조회수 845회)",https://www.youtube.com/watch?v=nJJogaceCSk,2026-03-30 08:23
2026-03-30,유튜브(영상),[YouTube] 티쓰리,[영상] 🔥 테슬라 모델 쓰리 지금 사면 진짜 이득인 이유 | 0.99프로 금리의 비밀 (조회수 169회),https://www.youtube.com/watch?v=6ga8c6G29l0,2026-03-30 08:23
2026-03-30,유튜브(영상),[YouTube] 티쓰리,[영상] 🔥 테슬라 모델 쓰리 지금 사면 진짜 이득인 이유 | 0.99프로 금리의 비밀 (조회수 560회),https://www.youtube.com/watch?v=E8MCUUtJVPQ,2026-03-30 08:23
2026-03-30,유튜브(영상),[YouTube] 진상탐구시간,[영상] 2차전지: 배터리 경쟁의 기준이 바뀌고 있다 (조회수 482회),https://www.youtube.com/watch?v=A6m_xqPGkTc,2026-03-30 08:23
2026-03-30,유튜브(영상),[YouTube] 새움에너지솔루션.에너지절약.탄소중립,[영상] #전기자동차 충전후 주행거리 비교 #레이전기차 공인연비 대비 연비향상율 비교 #에너지발전장치 설치 전력품질개선으로 에너지절약 #전기요금절약 #연료절약 #CO2저감 #출력.토크향상 (조회수 335회),https://www.youtube.com/watch?v=0Oqzs8Xqdbo,2026-03-30 08:23
2026-03-30,유튜브(영상),[YouTube] 티쓰리,"[영상] : 테슬라 슈퍼차저, 드디어 이 나라 전기차 오너들도 쓸 수 있게 됐다 (조회수 204회)",https://www.youtube.com/watch?v=EhiYZgl-ljM,2026-03-30 08:23
2026-03-30,이브이시스,★BYD 비야디 전기차 공식동호회[BYD 오너스]아토3 씰 씨라이언7,비공용 완속충전기 어떤제품 추천 하시나요? 有,https://cafe.naver.com/rlfnrl2034/2075164,2026-03-30 08:23
2026-03-30,유튜브(영상),[YouTube] 거북이방패,[영상] 오르는 기름값에 전기차를 고민하신다면 이 영상을 보세요 전기차 7년차가 알려드립니다 (조회수 82회),https://www.youtube.com/watch?v=GhKPS6a48hk,2026-03-30 08:23
2026-03-30,유튜브(영상),[YouTube] 티쓰리,[영상] 🔥 테슬라 모델 쓰리 지금 사면 진짜 이득인 이유 | 0.99프로 금리의 비밀 (조회수 760회),https://www.youtube.com/watch?v=WPB94MAvUfk,2026-03-30 08:23
2026-03-30,채비,★테슬라 [TKC] 모델S 모델3 모델X 모델Y 사이버트럭 FSD 전기차,충전질문.. 채비 370kw???,https://cafe.naver.com/noljatravel/1582672,2026-03-30 08:22
2026-03-30,일렉링크,★ 아이오닉 공식 동호회 [아이오닉 멤버스] 아이오닉 5 6 7 9 N,플러그링크충전기에서 제휴포인트카드사용.?,https://cafe.naver.com/cafeclip/1301470,2026-03-30 08:21
2026-03-30,일렉링크,현대 아이오닉9 오너스 - 나이너스,저의 충전 요금은...,https://cafe.naver.com/ioniq9owners/20956,2026-03-30 08:21
2026-03-30,일렉링크,★테슬라 [TKC] 모델S 모델3 모델X 모델Y 사이버트럭 FSD 전기차,Sk일렉링크42780---->32000,https://cafe.naver.com/noljatravel/1582831,2026-03-30 08:21
2026-03-30,일렉링크,★테슬라 [TKC] 모델S 모델3 모델X 모델Y 사이버트럭 FSD 전기차,"SK일렉링크 32,000원 >> 23,000원",https://cafe.naver.com/noljatravel/1583014,2026-03-30 08:21
2026-03-30,일렉링크,★테슬라 [TKC] 모델S 모델3 모델X 모델Y 사이버트럭 FSD 전기차,충전할인카드 .... 형님들 질문 좀 드리겠습니다,https://cafe.naver.com/noljatravel/1582141,2026-03-30 08:21
2026-03-30,워터,"전기차동호회-아이오닉5 6 9,EV3 EV4 EV5 EV6 EV9,테슬라모델Y 3",고삼호수휴게소 전기차 충전소 사업자는 워터네요,https://cafe.naver.com/allfm01/2011893,2026-03-30 08:22
2026-03-31,이브이시스,"전기차동호회-아이오닉5 6 9,EV3 EV4 EV5 EV6 EV9,테슬라모델Y 3",충전기 케이스 너무 큰가요??,https://cafe.naver.com/allfm01/2012879,2026-03-31 08:24
2026-03-31,유튜브(영상),[YouTube] 티쓰리,"[영상] 테슬라  테슬라 모델 Y에 타고 있었는데차가 혼자 달리고 있었던 거잖아요, 그게 왜 음주 운전이에요?"" 차는 혼자가느거지 (조회수 10회)",https://www.youtube.com/watch?v=-H6RGcU8dmk,2026-03-31 08:25
2026-03-31,유튜브(영상),[YouTube] 티쓰리,"[영상] 테슬라  테슬라 로보택시, 로고 하나 바꿨는데... 왜 다들 난리일까? (조회수 21회)",https://www.youtube.com/watch?v=d7GCSmRZZic,2026-03-31 08:25
2026-03-31,유튜브(영상),[YouTube] 김한용의 MOCAR,"[영상] 전기차 충전기, 충전요금 열받았다! 해결책은?...모트라인 CEO x 모카 1시간 폭풍 토론 풀버전! (조회수 3146회)",https://www.youtube.com/watch?v=mS-PbfSQjJE,2026-03-31 08:25
2026-03-31,유튜브(영상),[YouTube] M과함께,[영상] 전기차 충전요금이 급격하게 올랐던 비밀 (조회수 56669회),https://www.youtube.com/watch?v=vpsoJzeQEFA,2026-03-31 08:25
2026-03-31,채비,포르쉐 타이칸 동호회 ■ 더타이칸 클럽 ■ 투리스모 전기차,채비카드샀는데,https://cafe.naver.com/inhelia/32202,2026-03-31 08:24
2026-03-31,유튜브(영상),[YouTube] 티쓰리,"[영상] 테슬라  테슬라, 모델 S·모델 X 단종 공식 선언 — 전기차 시대를 연 두 아이콘의 마지막 (조회수 23회)",https://www.youtube.com/watch?v=58aKhuvxVLE,2026-03-31 08:25
2026-03-31,일렉링크,"전기차동호회-아이오닉5 6 9,EV3 EV4 EV5 EV6 EV9,테슬라모델Y 3",Sk일렉링크 선불 충전 카드 (안전결제가능),https://cafe.naver.com/allfm01/2012428,2026-03-31 08:23
2026-03-31,일렉링크,★테슬라 [TKC] 모델S 모델3 모델X 모델Y 사이버트럭 FSD 전기차,SK일렉링크,https://cafe.naver.com/noljatravel/1584250,2026-03-31 08:23
2026-04-01,채비,포르쉐 타이칸 동호회 ■ 더타이칸 클럽 ■ 투리스모 전기차,채비카드 미사용 - 50만,https://cafe.naver.com/inhelia/32254,2026-04-01 08:23
2026-04-01,채비,"#전기차맛집▶아이오닉5 6 9,테슬라모델3 Y,EV 3 6 9 장기렌트","채비, 캐나다 '포시즌'에 초급속 충전기 연간 100기 공급",https://cafe.naver.com/evkoreaplus/65600,2026-04-01 08:23
2026-04-01,채비,클럽 테슬라 [Club Tesla] 모델S 모델3 모델X 모델Y RWD,[채비이벤트] 테슬라 대구·경북 충전 할인전 (4/1~6/30),https://cafe.naver.com/foryoucom/377730,2026-04-01 08:23
2026-04-01,채비,포르쉐 타이칸 동호회 ■ 더타이칸 클럽 ■ 투리스모 전기차,40에 산 채비카드 어제 등록해버린… ㅜㅜ,https://cafe.naver.com/inhelia/32248,2026-04-01 08:23
2026-04-01,유튜브(영상),[YouTube] BMW 김진환,[영상] BMW 5시리즈 하이파이브 전기차 완전 분석! 30분 급속충전과 600km 주행 가능 (조회수 1266회),https://www.youtube.com/watch?v=20TZEcnrPVs,2026-04-01 08:23
2026-04-01,유튜브(영상),[YouTube] 모트라인 MOTline,"[영상] 아파트 전기차 충전기, 신경쓰지 않으면 이렇게 됩니다.. (조회수 108696회)",https://www.youtube.com/watch?v=dbdOe98zPWw,2026-04-01 08:23
2026-04-01,채비,★BYD 비야디 전기차 공식동호회[BYD 오너스]아토3 씰 씨라이언7,전에 채비 충전기에서 고속충전 안되는거 되는것 같아요,https://cafe.naver.com/rlfnrl2034/2076200,2026-04-01 08:23
2026-04-01,유튜브(영상),[YouTube] 티쓰리,[영상] 테슬라  테슬라 링크드인 '서포트' 버튼 하나가 이렇게 거대한 파장 (조회수 28회),https://www.youtube.com/watch?v=0BZODHIir7E,2026-04-01 08:23
2026-04-01,유튜브(영상),[YouTube] 리뷰띵,[영상] 테슬라 충전비가 일주일 버스비보다 저렴할까? (조회수 3163회),https://www.youtube.com/watch?v=2AnJeGNcNMs,2026-04-01 08:23
2026-04-01,워터,★테슬라 [TKC] 모델S 모델3 모델X 모델Y 사이버트럭 FSD 전기차,워터 충전소,https://cafe.naver.com/noljatravel/1586265,2026-04-01 08:22
2026-04-01,채비,포르쉐 타이칸 동호회 ■ 더타이칸 클럽 ■ 투리스모 전기차,채비카드 미사용 아님,https://cafe.naver.com/inhelia/32270,2026-04-01 08:23
2026-04-01,일렉링크,★테슬라 [TKC] 모델S 모델3 모델X 모델Y 사이버트럭 FSD 전기차,일렉링크 예약건,https://cafe.naver.com/noljatravel/1586456,2026-04-01 08:22
2026-04-01,일렉링크,"전기차동호회-아이오닉5 6 9,EV3 EV4 EV5 EV6 EV9,테슬라모델Y 3",sk일렉링크,https://cafe.naver.com/allfm01/2013503,2026-04-01 08:22
2026-04-02,유튜브(영상),[YouTube] 티쓰리,"[영상] 테슬라 스페이스X IPO, 개미들 다 참여 가능할까? 머스크가 직접 입 열었다 (조회수 11회)",https://www.youtube.com/watch?v=iFIQv-AzXuw,2026-04-02 08:25
2026-04-02,유튜브(영상),[YouTube] 루우빠 뚝딱,[영상] 마사다밴 NCM 배터리 완속충전 3시간 20분 결과｜24% → 77% 실제 후기 (조회수 12회),https://www.youtube.com/watch?v=bl0LwH2R8MM,2026-04-02 08:25
2026-04-02,유튜브(영상),[YouTube] BMW 김진환,[영상] BMW 5시리즈 하이파이브 전기차 완전 분석! 30분 급속충전과 600km 주행 가능 (조회수 1368회),https://www.youtube.com/watch?v=PckQY2aJzqc,2026-04-02 08:25
2026-04-02,워터,★테슬라 [TKC] 모델S 모델3 모델X 모델Y 사이버트럭 FSD 전기차,플러그링크 완속 요금이면 슈차나 워터??,https://cafe.naver.com/noljatravel/1588658,2026-04-02 08:24
2026-04-02,일렉링크,"전기차동호회-아이오닉5 6 9,EV3 EV4 EV5 EV6 EV9,테슬라모델Y 3",SK.일렉.링크 충전카드,https://cafe.naver.com/allfm01/2014079,2026-04-02 08:24
2026-04-02,일렉링크,"전기차동호회-아이오닉5 6 9,EV3 EV4 EV5 EV6 EV9,테슬라모델Y 3","SK일렉링크 45000포인트(34,000원)",https://cafe.naver.com/allfm01/2014156,2026-04-02 08:24
2026-04-02,일렉링크,"전기차동호회-아이오닉5 6 9,EV3 EV4 EV5 EV6 EV9,테슬라모델Y 3",sk 일렉링크 카드 문의좀 드릴께요.,https://cafe.naver.com/allfm01/2014678,2026-04-02 08:24
2026-04-03,유튜브(영상),[YouTube] 경욱이형 전기차 상담소,[영상] 전기차 싸다? 급속충전이면 다릅니다 (조회수 2629회),https://www.youtube.com/watch?v=3-AXIA_Dz8E,2026-04-03 08:23
2026-04-03,유튜브(영상),[YouTube] BMW꾹과장,[영상] BMW 차세대 전기차 iX2 출고기 (조회수 571회),https://www.youtube.com/watch?v=oQRZ98g-F_4,2026-04-03 08:23
2026-04-03,유튜브(영상),[YouTube] 카드고릴라,[영상] 충전비 반값으로 줄여주는 전기차 신용카드 BEST 3💳|복잡한 전기차 충전 완벽 정리 (조회수 258회),https://www.youtube.com/watch?v=GZg8qxX78iM,2026-04-03 08:23
2026-04-03,유튜브(영상),[YouTube] Ab AutoReviews,[영상] 드디어 공개! 2027 현대 아이오닉 6 완전 공개 ⚡ 미래형 전기 세단의 끝판왕 (조회수 18회),https://www.youtube.com/watch?v=Y2N5UJ7XPLE,2026-04-03 08:23
2026-04-03,유튜브(영상),[YouTube] Seeweb TV,[영상] Tesla 테슬라 전용 가성비 충전기! 220V 직결 Feyree NACS 휴대용 충전기 리뷰! 집밥 고민 끝! (조회수 119회),https://www.youtube.com/watch?v=Hy9QOt_vdPg,2026-04-03 08:23
2026-04-03,유튜브(영상),[YouTube] Fun경제학,[영상] 전기차 충전요금이 폭등한 이유! 알고보니 세금이 줄줄 새고 있었습니다. (조회수 24회),https://www.youtube.com/watch?v=9BVc6FCr1MQ,2026-04-03 08:23
2026-04-03,이브이시스,"★폴스타 공식 동호회 ★ 볼보 폴스타2, 폴스타3, 4, 5 전기차",이브이시스 충전권 금액 500원 맞나요?,https://cafe.naver.com/hamseang/113937,2026-04-03 08:23
2026-04-03,유튜브(영상),[YouTube] 박대리기사,[영상] [운행일지] 대리운전 793일차 : 팔콘이 급속 충전 & 10분 대기 룰의 명과 암 ⏱️⚡️ (조회수 130회),https://www.youtube.com/watch?v=LCfZ09rqTts,2026-04-03 08:23
2026-04-03,채비,"#전기차맛집▶아이오닉5 6 9,테슬라모델3 Y,EV 3 6 9 장기렌트","채비, 테슬라 회원 급속충전 요금 인하",https://cafe.naver.com/evkoreaplus/65720,2026-04-03 08:23
2026-04-03,일렉링크,★테슬라 [TKC] 모델S 모델3 모델X 모델Y 사이버트럭 FSD 전기차,한번씩 충전이 중단되요,https://cafe.naver.com/noljatravel/1591454,2026-04-03 08:22
2026-04-03,일렉링크,★테슬라 [TKC] 모델S 모델3 모델X 모델Y 사이버트럭 FSD 전기차,일렉링크 또는 에버온 5만원->4만원,https://cafe.naver.com/noljatravel/1591308,2026-04-03 08:22
2026-04-03,일렉링크,★테슬라 [TKC] 모델S 모델3 모델X 모델Y 사이버트럭 FSD 전기차,슈퍼차저만 충전해도 괜찮을까요??,https://cafe.naver.com/noljatravel/1590836,2026-04-03 08:22
2026-04-03,일렉링크,★테슬라 [TKC] 모델S 모델3 모델X 모델Y 사이버트럭 FSD 전기차,일렉링크,https://cafe.naver.com/noljatravel/1590051,2026-04-03 08:22
2026-04-03,채비,포르쉐 타이칸 동호회 ■ 더타이칸 클럽 ■ 투리스모 전기차,채비카드 미사용 - 50만,https://cafe.naver.com/inhelia/32329,2026-04-03 08:23
2026-04-04,유튜브(영상),[YouTube] 량덕벤츠,[영상] EQS SUV 680 마이바흐 실물 리뷰 및 혜택 총정리 벤츠 최초의 전기차 마이바흐 역시 마이바흐! #벤츠 #벤츠suv #마이바흐 #maybach (조회수 20회),https://www.youtube.com/watch?v=K5oQknrb8qM,2026-04-04 08:23
2026-04-04,유튜브(영상),[YouTube] 백미,[영상] #LG유플러스 볼트업: 미래를 충전하다 쇼츠ver (조회수 1300회),https://www.youtube.com/watch?v=CXAlB2K6zzg,2026-04-04 08:23
2026-04-04,유튜브(영상),[YouTube] EV․com,[영상] BYD is taking this fast charging TOO FAR...🔌⚡⚡ #byd #charging #flashcharging #charge #ev #bev #tech (조회수 1110회),https://www.youtube.com/watch?v=_edjRcQEDAY,2026-04-04 08:23
2026-04-04,유튜브(영상),[YouTube] 백미,[영상] #전기차 충전의 숨겨진 비용 쇼츠ver (조회수 1082회),https://www.youtube.com/watch?v=D3AI9zcGzvc,2026-04-04 08:23
2026-04-04,유튜브(영상),[YouTube] 티쓰리,[영상] 테슬라  FSD 탈옥 10일 만에 국토부·테슬라가 동시에 움직였다 — 오늘부터 달라지는 것들 (조회수 969회),https://www.youtube.com/watch?v=EtI_fozge40,2026-04-04 08:23
2026-04-04,유튜브(영상),[YouTube] 재허니 주인은 여행중 ,[영상] ​당진 솔뫼성지              #김대건신부생가 #전기차충전소 #50kW급속충전 #당진여행 #아이와함께가볼만한곳 #역사교육 #무료나들이 #주말여행 #충남여행 # (조회수 828회),https://www.youtube.com/watch?v=Acj_N6yfKtM,2026-04-04 08:23
2026-04-04,유튜브(영상),[YouTube] 백미,[영상] #한국 전기차 충전 스마트 가이드 쇼츠ver (조회수 713회),https://www.youtube.com/watch?v=GS_PVsgt550,2026-04-04 08:23
2026-04-04,유튜브(영상),[YouTube] 큐더스 스튜디오 (IR KUDOS 공식 채널),[영상] [*채비*] 급속충전 압도적 1위 *채비* “이건 승자독식 시장입니다” (조회수 415회),https://www.youtube.com/watch?v=NL7SvycwNKo,2026-04-04 08:23
2026-04-04,유튜브(영상),[YouTube] 티쓰리,[영상] 테슬라  FSD 탈옥 10일 만에 국토부·테슬라가 동시에 움직였다 — 오늘부터 달라지는 것들 (조회수 451회),https://www.youtube.com/watch?v=iQtWb-avIh8,2026-04-04 08:23
2026-04-04,유튜브(영상),[YouTube] 눈앞에 경제학,[영상] 스타리아 EV 카고 5밴 — 자영업자·배달업자 실사용 분석 (조회수 214회),https://www.youtube.com/watch?v=E6Csn5yZKQ0,2026-04-04 08:23
2026-04-04,유튜브(영상),[YouTube] 티쓰리,[영상] 테슬라  FSD 탈옥 10일 만에 국토부·테슬라가 동시에 움직였다 — 오늘부터 달라지는 것들 (조회수 214회),https://www.youtube.com/watch?v=QjYNBwf7Acs,2026-04-04 08:23
2026-04-04,유튜브(영상),[YouTube] 백미,[영상] #GS 차지비: 1위 충전망의 두 얼굴 쇼츠ver (조회수 2740회),https://www.youtube.com/watch?v=CFHAzL3Nn9E,2026-04-04 08:23
2026-04-04,유튜브(영상),[YouTube] 티쓰리,[영상] 테슬라  FSD 탈옥 10일 만에 국토부·테슬라가 동시에 움직였다 — 오늘부터 달라지는 것들 (조회수 42회),https://www.youtube.com/watch?v=bR8FHlM_qYU,2026-04-04 08:23
2026-04-04,유튜브(영상),[YouTube] 티쓰리,[영상] 테슬라  테슬라 모델 YL 국내 정식 출시! 6499만원짜리 게임 체인저의 모든 것 (조회수 25회),https://www.youtube.com/watch?v=9oHSA_zNwec,2026-04-04 08:23
2026-04-04,유튜브(영상),[YouTube] 티쓰리,[영상] 테슬라  FSD 탈옥 10일 만에 국토부·테슬라가 동시에 움직였다 — 오늘부터 달라지는 것들 (조회수 562회),https://www.youtube.com/watch?v=RJg4R5BN4Sw,2026-04-04 08:23
2026-04-04,유튜브(영상),[YouTube] 오리진마인드 (ORGN_MIND),[영상] 충전소vs 집밥 vs 사업장 연 2만km 타면 뭐가 제일 이득일까? (설치비부터 유지비까지 완벽 비교!) (조회수 81회),https://www.youtube.com/watch?v=ZwNyAIVXh1M,2026-04-04 08:23
2026-04-04,이브이시스,N Club Korea _ 벨로스터N_코나N_아반떼N_아이오닉5N_아이오닉6N,인제 5N 6N 무료충전 정책 변경,https://cafe.naver.com/nclubkorea/222129,2026-04-04 08:23
2026-04-04,일렉링크,★BYD 비야디 전기차 공식동호회[BYD 오너스]아토3 씰 씨라이언7,sk일렉링크 환경부 로밍결제,https://cafe.naver.com/rlfnrl2034/2077505,2026-04-04 08:22
2026-04-04,이브이시스,"전기차동호회-아이오닉5 6 9,EV3 EV4 EV5 EV6 EV9,테슬라모델Y 3",중급속충전요금이 완속충전요금 보다 저렴한 이유가 뭘까요?,https://cafe.naver.com/allfm01/2015802,2026-04-04 08:23
2026-04-04,일렉링크,★지커 코리아 공식 동호회 7X 007GT 9X 009 X 믹스 8X 전기차,800V 지원 국내 충전 인프라,https://cafe.naver.com/zeekrclub/19724,2026-04-04 08:22
2026-04-04,채비,"#전기차맛집▶아이오닉5 6 9,테슬라모델3 Y,EV 3 6 9 장기렌트","채비, 53조 북미 충전 인프라 시장 정조준…캘리포니아 생산 거점 구축",https://cafe.naver.com/evkoreaplus/65823,2026-04-04 08:23
2026-04-04,채비,BMW i CLUB [BMW i 전기차 동호회] iX1 iX3 iX i3 i4 i5 i7 i8,채비 로밍되는데 왜 안될까요,https://cafe.naver.com/old13/80393,2026-04-04 08:23
2026-04-04,채비,클럽 테슬라 [Club Tesla] 모델S 모델3 모델X 모델Y RWD,채비멤버쉽! 100원! 4월 한달!,https://cafe.naver.com/foryoucom/377835,2026-04-04 08:23
2026-04-05,이브이시스,★테슬라 [TKC] 모델S 모델3 모델X 모델Y 사이버트럭 FSD 전기차,집밥 충전 오류 문의,https://cafe.naver.com/noljatravel/1596465,2026-04-05 08:22
2026-04-05,유튜브(영상),[YouTube] 티쓰리,"[영상] 테슬라  테슬라 모델 Y에 타고 있었는데차가 혼자 달리고 있었던 거잖아요, 그게 왜 음주 운전이에요?"" 차는 혼자가느거지 (조회수 708회)",https://www.youtube.com/watch?v=Uh4YONhPnFs,2026-04-05 08:22
2026-04-05,유튜브(영상),[YouTube] 티쓰리,[영상] 테슬라  FSD 탈옥 10일 만에 국토부·테슬라가 동시에 움직였다 — 오늘부터 달라지는 것들 (조회수 716회),https://www.youtube.com/watch?v=Rn95r0cF_kI,2026-04-05 08:22
2026-04-05,유튜브(영상),[YouTube] 티쓰리,[영상] 테슬라  FSD 탈옥 10일 만에 국토부·테슬라가 동시에 움직였다 — 오늘부터 달라지는 것들 (조회수 906회),https://www.youtube.com/watch?v=Upc4ByE8wV8,2026-04-05 08:22
2026-04-05,유튜브(영상),[YouTube] 티쓰리,"[영상] 테슬라  테슬라 모델 Y에 타고 있었는데차가 혼자 달리고 있었던 거잖아요, 그게 왜 음주 운전이에요?"" 차는 혼자가느거지 (조회수 961회)",https://www.youtube.com/watch?v=RzW1CbuzvdU,2026-04-05 08:22
2026-04-05,유튜브(영상),[YouTube] 알고타,[영상] 전기차 전기 요금 가장 저렴한 충전 방식 이동형충전기 (조회수 1853회),https://www.youtube.com/watch?v=O5fvb8jj258,2026-04-05 08:22
2026-04-05,유튜브(영상),[YouTube] 티쓰리,[영상] 테슬라  FSD 탈옥 10일 만에 국토부·테슬라가 동시에 움직였다 — 오늘부터 달라지는 것들 (조회수 671회),https://www.youtube.com/watch?v=AuKtLPsJDTA,2026-04-05 08:22
2026-04-05,유튜브(영상),[YouTube] 서울경제TV,"[영상] ""전기차 충전도 주유소처럼""…가격표시 '깜깜이 요금' 퇴출 (조회수 10374회)",https://www.youtube.com/watch?v=fgiyHTnPai0,2026-04-05 08:22
2026-04-05,일렉링크,★테슬라 [TKC] 모델S 모델3 모델X 모델Y 사이버트럭 FSD 전기차,(완료)SK일렉링크 포인트 4.5만원 > 3.6만원,https://cafe.naver.com/noljatravel/1595866,2026-04-05 08:21
2026-04-05,일렉링크,★테슬라 [TKC] 모델S 모델3 모델X 모델Y 사이버트럭 FSD 전기차,급속충전 관련해서 질문이 있습니다.,https://cafe.naver.com/noljatravel/1596033,2026-04-05 08:21
2026-04-06,유튜브(영상),[YouTube] 자동차정비브리핑 maintenance,"[영상] 포터 EV P0AA600  고전압 입력부 절연파괴,전기차 절연저항  (조회수 128회)",https://www.youtube.com/watch?v=FRXSlK5p0i4,2026-04-06 08:23
2026-04-06,유튜브(영상),[YouTube] 청풍호수펜션 애견동반가능독채펜션,[영상] #청풍호수펜션 #애견동반독채펜션 * 바베큐장 * 수영장* 불멍* 빔프로젝트 * 전기차충전* 식기세척기* 정수기* 안마의자 #제천여행  https://naver.me/xcnHq9st (조회수 319회),https://www.youtube.com/watch?v=3wBEphbxP_0,2026-04-06 08:23
2026-04-06,유튜브(영상),[YouTube] 청풍호수펜션 애견동반가능독채펜션,[영상] #애견동반독채펜션 #바베큐장 * 수영장 #불멍 빔프로젝트 * 전기차충전 식기세척기 정수기 안마의자 #제천여행 #국내여행추천 예약사이트 https://naver.me/xcnHq9st (조회수 322회),https://www.youtube.com/watch?v=ltcgeS3_-_0,2026-04-06 08:23
2026-04-06,유튜브(영상),[YouTube] 큐더스 스튜디오 (IR KUDOS 공식 채널),[영상] 급속충전 압도적 1위 *채비* “이건 승자독식 시장입니다” #shorts #급속충전 #전기차 (조회수 1653회),https://www.youtube.com/watch?v=biwFIvfdC0A,2026-04-06 08:23
2026-04-06,유튜브(영상),[YouTube] 명심Story,[영상] 9분 vs 40분! 삼성이 전기차 충전의 게임 체인저를 만들었다 (조회수 55263회),https://www.youtube.com/watch?v=2KfvKzvMszU,2026-04-06 08:23
2026-04-06,이브이시스,★테슬라 [TKC] 모델S 모델3 모델X 모델Y 사이버트럭 FSD 전기차,이천 롯데아울렛 충전 가능한가요?,https://cafe.naver.com/noljatravel/1597601,2026-04-06 08:23
2026-04-06,이브이시스,"전기차동호회-아이오닉5 6 9,EV3 EV4 EV5 EV6 EV9,테슬라모델Y 3",이브이시스 충전요금 질문..,https://cafe.naver.com/allfm01/2017743,2026-04-06 08:23
2026-04-06,일렉링크,"전기차동호회-아이오닉5 6 9,EV3 EV4 EV5 EV6 EV9,테슬라모델Y 3",주장IEV6I태안 << sk일렉링크 사기글입니다,https://cafe.naver.com/allfm01/2017701,2026-04-06 08:21
2026-04-06,이브이시스,★ EV9 공식동호회 [EV9 오너스클럽] EV9 대표카페 전기차보조금,특정 충전기만 충전구에 안맞는 현상??(나이스차저ㅜㅜ),https://cafe.naver.com/terror4u/1402997,2026-04-06 08:23
2026-04-07,이브이시스,★BYD 비야디 전기차 공식동호회[BYD 오너스]아토3 씰 씨라이언7,100kw 급속충전 하는데.......,https://cafe.naver.com/rlfnrl2034/2078729,2026-04-07 08:25
2026-04-07,유튜브(영상),[YouTube] 티쓰리,"[영상] 테슬라  테슬라 모델 Y에 타고 있었는데차가 혼자 달리고 있었던 거잖아요, 그게 왜 음주 운전이에요?"" 차는 혼자가느거지 (조회수 2806회)",https://www.youtube.com/watch?v=77gggva6xLc,2026-04-07 08:25
2026-04-07,유튜브(영상),[YouTube] 에너지하우징,[영상] 완속충전이 내 차를 죽이고 있었습니다 (조회수 1372회),https://www.youtube.com/watch?v=Fa5H43gWvys,2026-04-07 08:25
2026-04-07,유튜브(영상),[YouTube] 티쓰리,[영상] 테슬라  FSD 탈옥 10일 만에 국토부·테슬라가 동시에 움직였다 — 오늘부터 달라지는 것들 (조회수 734회),https://www.youtube.com/watch?v=1_x3FS8hBbE,2026-04-07 08:25
2026-04-07,유튜브(영상),[YouTube] 티쓰리,[영상] 테슬라  FSD 탈옥 10일 만에 국토부·테슬라가 동시에 움직였다 — 오늘부터 달라지는 것들 (조회수 653회),https://www.youtube.com/watch?v=54xkvZioHms,2026-04-07 08:25
2026-04-07,유튜브(영상),[YouTube] 티쓰리,[영상] 테슬라  FSD 탈옥 10일 만에 국토부·테슬라가 동시에 움직였다 — 오늘부터 달라지는 것들 (조회수 733회),https://www.youtube.com/watch?v=HTbfldPGMLE,2026-04-07 08:25
2026-04-07,유튜브(영상),[YouTube] 티쓰리,[영상] 테슬라  FSD 탈옥 10일 만에 국토부·테슬라가 동시에 움직였다 — 오늘부터 달라지는 것들 (조회수 695회),https://www.youtube.com/watch?v=ntNAhm7O-Jk,2026-04-07 08:25
2026-04-07,유튜브(영상),[YouTube] 티쓰리,[영상] 테슬라  FSD 탈옥 10일 만에 국토부·테슬라가 동시에 움직였다 — 오늘부터 달라지는 것들 (조회수 637회),https://www.youtube.com/watch?v=eg54FCKl_TU,2026-04-07 08:25
2026-04-07,유튜브(영상),[YouTube] 티쓰리,[영상] 테슬라  FSD 탈옥 10일 만에 국토부·테슬라가 동시에 움직였다 — 오늘부터 달라지는 것들 (조회수 583회),https://www.youtube.com/watch?v=JpG74uUEeAg,2026-04-07 08:25
2026-04-07,유튜브(영상),[YouTube] 티쓰리,[영상] 테슬라 테슬라가 1분기 기준으로 한국 수입차 시장 1위 (조회수 12회),https://www.youtube.com/watch?v=snU5ka7r0Xc,2026-04-07 08:25
2026-04-07,채비,"#전기차맛집▶아이오닉5 6 9,테슬라모델3 Y,EV 3 6 9 장기렌트","채비, 테슬라 슈퍼차저 동일 요금에 300kW 초급속 공략",https://cafe.naver.com/evkoreaplus/65878,2026-04-07 08:24
2026-04-07,일렉링크,★BYD 비야디 전기차 공식동호회[BYD 오너스]아토3 씰 씨라이언7,100kw 급속충전 하는데.......,https://cafe.naver.com/rlfnrl2034/2078729,2026-04-07 08:23
2026-04-07,일렉링크,★ 아이오닉 공식 동호회 [아이오닉 멤버스] 아이오닉 5 6 7 9 N,충전문제 질문 드립니다.,https://cafe.naver.com/cafeclip/1302434,2026-04-07 08:23
2026-04-07,일렉링크,★테슬라 [TKC] 모델S 모델3 모델X 모델Y 사이버트럭 FSD 전기차,sk일렉링크 45100-37000,https://cafe.naver.com/noljatravel/1600085,2026-04-07 08:23
2026-04-07,일렉링크,★테슬라 [TKC] 모델S 모델3 모델X 모델Y 사이버트럭 FSD 전기차,일렉링크(430원)에 환경부 태그 시 단가?,https://cafe.naver.com/noljatravel/1601041,2026-04-07 08:23
2026-04-07,일렉링크,★테슬라 [TKC] 모델S 모델3 모델X 모델Y 사이버트럭 FSD 전기차,SK일렉링크 45100P,https://cafe.naver.com/noljatravel/1601437,2026-04-07 08:23
2026-04-07,채비,★테슬라 [TKC] 모델S 모델3 모델X 모델Y 사이버트럭 FSD 전기차,채비 10만원 ---> 8.5만원,https://cafe.naver.com/noljatravel/1599382,2026-04-07 08:24
2026-04-08,이브이시스,"전기차동호회-아이오닉5 6 9,EV3 EV4 EV5 EV6 EV9,테슬라모델Y 3",시골집 충전기 설치완료했습니다.,https://cafe.naver.com/allfm01/2019737,2026-04-08 08:26
2026-04-08,이브이시스,"전기차동호회-아이오닉5 6 9,EV3 EV4 EV5 EV6 EV9,테슬라모델Y 3",충전 카드 관련해서...,https://cafe.naver.com/allfm01/2019365,2026-04-08 08:26
2026-04-08,이브이시스,"전기차동호회-아이오닉5 6 9,EV3 EV4 EV5 EV6 EV9,테슬라모델Y 3",전기차 공공급속급속충전시설 운영현황 8402기중 사용가능 8267기 고장 19기,https://cafe.naver.com/allfm01/2019004,2026-04-08 08:26
2026-04-08,유튜브(영상),[YouTube] 태양광 연구하는 남자,"[영상] 전기차 충전, 이거 모르고 하면 무조건 손해입니다 (조회수 111회)",https://www.youtube.com/watch?v=FVjmPcDozPs,2026-04-08 08:26
2026-04-08,유튜브(영상),[YouTube] 채비,[영상] 대구 경북에선 *채비* 급속충전이 339원? 슈퍼차저랑 똑같고마!!😲#*채비* #전기차 #전기차충전 #테슬라 #슈퍼차저 #대구사투리 (조회수 1757회),https://www.youtube.com/watch?v=o43Hh2kpQuo,2026-04-08 08:26
2026-04-08,유튜브(영상),[YouTube] 숏브리프,"[영상] 민주당, 신혼부부 ‘2주택’ 중과 제외·충전요금 개선 공약 | 돈/소비 (조회수 759회)",https://www.youtube.com/watch?v=nwFK1-2AdyY,2026-04-08 08:26
2026-04-08,유튜브(영상),[YouTube] 까다로운_입법,"[영상] ""전기차 충전도 '단통법' 시작? 정부가 가격표 뺏고 목줄 죄는 진짜 이유!"" #shorts (조회수 509회)",https://www.youtube.com/watch?v=A7VMmjDr5fQ,2026-04-08 08:26
2026-04-08,유튜브(영상),[YouTube] Soka Technology,[영상] 단 5분 충전? 비야디의 역대급 배터리! (조회수 327회),https://www.youtube.com/watch?v=2fUn6fr8YoY,2026-04-08 08:26
2026-04-08,채비,포르쉐 타이칸 동호회 ■ 더타이칸 클럽 ■ 투리스모 전기차,미사용 채비카드,https://cafe.naver.com/inhelia/32500,2026-04-08 08:26
2026-04-08,일렉링크,"★폴스타 공식 동호회 ★ 볼보 폴스타2, 폴스타3, 4, 5 전기차",급속 충전 첨 해봅니다.,https://cafe.naver.com/hamseang/114470,2026-04-08 08:25
2026-04-08,일렉링크,"★폴스타 공식 동호회 ★ 볼보 폴스타2, 폴스타3, 4, 5 전기차",폴4 급속충전 속도에 대한 개인적인 생각.,https://cafe.naver.com/hamseang/114472,2026-04-08 08:25
2026-04-08,일렉링크,★테슬라 [TKC] 모델S 모델3 모델X 모델Y 사이버트럭 FSD 전기차,일렉링크 포인트 환경부충전기 충전가능,https://cafe.naver.com/noljatravel/1602006,2026-04-08 08:25
2026-04-08,일렉링크,"★폴스타 공식 동호회 ★ 볼보 폴스타2, 폴스타3, 4, 5 전기차",신한 더모아 카드 충전 팁 공유해주세요.,https://cafe.naver.com/hamseang/114483,2026-04-08 08:25
2026-04-08,일렉링크,"전기차동호회-아이오닉5 6 9,EV3 EV4 EV5 EV6 EV9,테슬라모델Y 3",고속충전350kw..일렉링크 속도 늦네요 ㅠ.ㅠ,https://cafe.naver.com/allfm01/2019284,2026-04-08 08:25
2026-04-08,일렉링크,"전기차동호회-아이오닉5 6 9,EV3 EV4 EV5 EV6 EV9,테슬라모델Y 3",일렉링크 카드로 로밍되는 다른 급속충전소 꺼 충전했는데요,https://cafe.naver.com/allfm01/2019916,2026-04-08 08:25
2026-04-08,일렉링크,★BYD 비야디 전기차 공식동호회[BYD 오너스]아토3 씰 씨라이언7,sk일렉링크 800만 포인트,https://cafe.naver.com/rlfnrl2034/2079580,2026-04-08 08:25
2026-04-09,유튜브(영상),[YouTube] 티쓰리,[영상] 테슬라  FSD 탈옥 10일 만에 국토부·테슬라가 동시에 움직였다 — 오늘부터 달라지는 것들 (조회수 1240회),https://www.youtube.com/watch?v=0pp_lMIpLO8,2026-04-09 08:27
2026-04-09,유튜브(영상),[YouTube] 티쓰리,[영상] 테슬라  FSD 탈옥 10일 만에 국토부·테슬라가 동시에 움직였다 — 오늘부터 달라지는 것들 (조회수 944회),https://www.youtube.com/watch?v=O8PPEzUumcw,2026-04-09 08:27
2026-04-09,유튜브(영상),[YouTube] KCTV제주방송,"[영상] ""보조금 3천950만 원...충전요금도 인하"" (조회수 901회)",https://www.youtube.com/watch?v=BByirBe6E9I,2026-04-09 08:27
2026-04-09,유튜브(영상),[YouTube] 티쓰리,"[영상] 테슬라  테슬라 모델 Y에 타고 있었는데차가 혼자 달리고 있었던 거잖아요, 그게 왜 음주 운전이에요?"" 차는 혼자가느거지 (조회수 887회)",https://www.youtube.com/watch?v=2jueXVHDDiA,2026-04-09 08:27
2026-04-09,유튜브(영상),[YouTube] 티쓰리,"[영상] 테슬라  인텔이 일론 머스크 손 잡았다 — 테라팹, 판 완전히 바뀐다 (조회수 10회)",https://www.youtube.com/watch?v=AXyCLIUYYgQ,2026-04-09 08:27
2026-04-09,유튜브(영상),[YouTube] 티쓰리,[영상] 테슬라 테슬라 FSD v14.3 드디어 나왔다 — 이번엔 진짜 다르다 (조회수 37회),https://www.youtube.com/watch?v=iFiQHwIWF9o,2026-04-09 08:27
2026-04-09,유튜브(영상),[YouTube] 티쓰리,"[영상] 테슬라 테슬라 모델 Y 실제로 6개월 타봤더니 어떻냐고요? 광고도 아니고, 홍보도 아니고, 진짜 오너가 직접 쓴 리뷰 (조회수 23회)",https://www.youtube.com/watch?v=II35bdqXkGg,2026-04-09 08:27
2026-04-09,유튜브(영상),[YouTube] 채비,[영상] “전기차 100만 대 돌파” 이제 전기차만 팔립니다⚡#*채비* #전기차 #전기차충전 #*채비*충전 #*채비*충전소 (조회수 6038회),https://www.youtube.com/watch?v=4W2SUQGq32k,2026-04-09 08:27
2026-04-09,유튜브(영상),[YouTube] 티쓰리,[영상] 테슬라  FSD 탈옥 10일 만에 국토부·테슬라가 동시에 움직였다 — 오늘부터 달라지는 것들 (조회수 712회),https://www.youtube.com/watch?v=4gtUjB9HB30,2026-04-09 08:27
2026-04-09,유튜브(영상),[YouTube] 티쓰리,[영상] 테슬라  FSD 탈옥 10일 만에 국토부·테슬라가 동시에 움직였다 — 오늘부터 달라지는 것들 (조회수 12회),https://www.youtube.com/watch?v=W10OoZEvRTY,2026-04-09 08:27
2026-04-09,이브이시스,★테슬라 [TKC] 모델S 모델3 모델X 모델Y 사이버트럭 FSD 전기차,EVSIS 충전 이벤트 하네요,https://cafe.naver.com/noljatravel/1605947,2026-04-09 08:27
2026-04-09,일렉링크,"전기차동호회-아이오닉5 6 9,EV3 EV4 EV5 EV6 EV9,테슬라모델Y 3",충격! 충전 중 누군가가 제 충전선을 뽑았습니다,https://cafe.naver.com/allfm01/2020220,2026-04-09 08:25
2026-04-09,채비,"#전기차맛집▶아이오닉5 6 9,테슬라모델3 Y,EV 3 6 9 장기렌트","국내 전기차 100만대 시대 개막... 채비, ‘100원 구독’ 프로모션",https://cafe.naver.com/evkoreaplus/66059,2026-04-09 08:26
2026-04-09,채비,★테슬라 [TKC] 모델S 모델3 모델X 모델Y 사이버트럭 FSD 전기차,렉서스 채비카드,https://cafe.naver.com/noljatravel/1605132,2026-04-09 08:26
2026-04-09,채비,"#전기차맛집▶아이오닉5 6 9,테슬라모델3 Y,EV 3 6 9 장기렌트","채비, 전기차 100만 시대 기념 프로모션",https://cafe.naver.com/evkoreaplus/66010,2026-04-09 08:26
2026-04-09,채비,"#전기차맛집▶아이오닉5 6 9,테슬라모델3 Y,EV 3 6 9 장기렌트","채비, 전기차 100만 시대 기념 프로모션",https://cafe.naver.com/evkoreaplus/66066,2026-04-09 08:26
2026-04-10,유튜브(영상),[YouTube] 티쓰리,"[영상] 테슬라 테슬라 테슬라, 독일에서 4배 폭등 — 유럽 재기의 신호탄인가 (조회수 23회)",https://www.youtube.com/watch?v=Sxa1SRmyeoc,2026-04-10 08:27
2026-04-10,유튜브(영상),[YouTube] 채비,"[영상] ""멀리 가지 마이소~"" 전기차 충전도 배달 OK! *채비*가 달려갑니다 (조회수 370회)",https://www.youtube.com/watch?v=QVoHvz1_Y0I,2026-04-10 08:27
2026-04-10,유튜브(영상),[YouTube] 카성비 관리자,[영상] 전기차 단점이라더니… 실제는 이거였음 (조회수 2085회),https://www.youtube.com/watch?v=mZ-aFhoHcUg,2026-04-10 08:27
2026-04-10,유튜브(영상),[YouTube] FixEV(픽스이브이),[영상] 전기차 완속 충전 가장 싼 곳 TOP10 (모르면 완전 손해 - 26년 4월 최신정보) (조회수 2995회),https://www.youtube.com/watch?v=HACVDHqg6Uk,2026-04-10 08:27
2026-04-10,유튜브(영상),[YouTube] 채비,[영상] “전기차 100만 대 시대” 하이브리드는 끝났다🚗 #*채비* #전기차 #전기차충전 #*채비*충전 #*채비*충전소 (조회수 5344회),https://www.youtube.com/watch?v=Ay_lHC5jDgM,2026-04-10 08:27
2026-04-10,이브이시스,★ 기아 EV3 공식동호회 [ EV3 오너스클럽 ] 전기차 보조금 가격,엘지엔솔 B라이프케어 1개월 완속 급속 손실률 차이,https://cafe.naver.com/musicdomain/868679,2026-04-10 08:27
2026-04-10,이브이시스,"전기차동호회-아이오닉5 6 9,EV3 EV4 EV5 EV6 EV9,테슬라모델Y 3",이브이시스 이벤트하네요.,https://cafe.naver.com/allfm01/2021404,2026-04-10 08:27
2026-04-10,유튜브(영상),[YouTube] 티쓰리,[영상] 테슬라 테슬라 자율주행이 사람을 살려도 욕먹는 이유 — 일론 머스크가 직접 털어놓은 불편한 진실 (조회수 20회),https://www.youtube.com/watch?v=ndF187JF4tc,2026-04-10 08:27
2026-04-10,채비,포르쉐 타이칸 동호회 ■ 더타이칸 클럽 ■ 투리스모 전기차,채비카드,https://cafe.naver.com/inhelia/32543,2026-04-10 08:27
2026-04-10,채비,★테슬라 [TKC] 모델S 모델3 모델X 모델Y 사이버트럭 FSD 전기차,채비 초급속 충전기 어댑터 사용 허용.,https://cafe.naver.com/noljatravel/1607461,2026-04-10 08:27
2026-04-10,일렉링크,★테슬라 슈퍼 클럽 - 모델Y 주니퍼 모델3 하이랜드 사이버트럭,전기충전시 결제 방식에 대해서,https://cafe.naver.com/shootgoal/1402755,2026-04-10 08:26
2026-04-10,일렉링크,"전기차동호회-아이오닉5 6 9,EV3 EV4 EV5 EV6 EV9,테슬라모델Y 3",기아 ×sk일렉링크로 그린패스 구독하면 충전비 싼가요,https://cafe.naver.com/allfm01/2021324,2026-04-10 08:26
2026-04-10,채비,★테슬라 [TKC] 모델S 모델3 모델X 모델Y 사이버트럭 FSD 전기차,채비 어플은 충전현황이 왜 제대로 안 나오는건지 ㄷㄷ,https://cafe.naver.com/noljatravel/1606704,2026-04-10 08:27
2026-04-11,유튜브(영상),[YouTube] 드리프트의 자동차 이야기,[영상] 1번 충전에 600km 넘게 달리는 토요타 전기 SUV C-HR 플러스 등장 (조회수 1194회),https://www.youtube.com/watch?v=YvlDDpNZa4U,2026-04-11 08:24
2026-04-11,유튜브(영상),[YouTube] 딱정리,[영상] 전기차 충전요금 13% 확 내린다! 정부가 직접 칼 빼든 이유 (조회수 547회),https://www.youtube.com/watch?v=5VxGSyufSCM,2026-04-11 08:24
2026-04-11,유튜브(영상),[YouTube] FixEV(픽스이브이),[영상] 전기차 급속 50kW 충전 완전 싼 곳 Top10 (모르면 손해 - 26년 4월 최신정보) (조회수 422회),https://www.youtube.com/watch?v=JiGTMvsaq0s,2026-04-11 08:24
2026-04-11,유튜브(영상),[YouTube] KoreaSubreddit,"[영상] 전기차 충전비, 왜 이 모양일까 (조회수 1492회)",https://www.youtube.com/watch?v=jZzxiXxpvVM,2026-04-11 08:24
2026-04-11,유튜브(영상),[YouTube] 티쓰리,[영상] 테슬라 테슬라가 FSD 해커들한테 핵폭탄 던졌습니다 (조회수 42회),https://www.youtube.com/watch?v=qBrqCZYU434,2026-04-11 08:24
2026-04-11,유튜브(영상),[YouTube] 티쓰리,"[영상] 테슬라 테슬라 FSD v15, 진짜 이번엔 다를까? 머스크가 또 꺼낸 그 말 (조회수 12회)",https://www.youtube.com/watch?v=VJKyzoarUTE,2026-04-11 08:24
2026-04-11,유튜브(영상),[YouTube] 티쓰리,[영상] 테슬라  테슬라가 공개한 숫자... 위치 하나 잘못 고르면 몇 년이 날아간다 (조회수 10회),https://www.youtube.com/watch?v=9KZ_3OJF_aw,2026-04-11 08:24
2026-04-11,유튜브(영상),[YouTube] 개봉박두GaeBongBakDu,"[영상] 현시각, 경남 창원시 마산회원구 삼호로(양덕동), 창원NC파크 북문입구 옆, 마산종합운동장, 환경부충전기, 전기차 급속충전중. #shorts (조회수 163회)",https://www.youtube.com/watch?v=uQDLphVbaq8,2026-04-11 08:24
2026-04-11,유튜브(영상),[YouTube] 백살공주,[영상] 첫 수퍼차저 충전! 선이 이정도 인가..? #전기차 #전기차라이프 #테슬라 #주니퍼 #모델y주니퍼 #모델y #수퍼차저 #고양수퍼차저 #이케아고양 (조회수 1652회),https://www.youtube.com/watch?v=vWWmS0UF2pI,2026-04-11 08:24
2026-04-11,일렉링크,★테슬라 [TKC] 모델S 모델3 모델X 모델Y 사이버트럭 FSD 전기차,디콤 충전불가,https://cafe.naver.com/noljatravel/1609057,2026-04-11 08:22
2026-04-11,채비,★테슬라 [TKC] 모델S 모델3 모델X 모델Y 사이버트럭 FSD 전기차,"채비맴버십이란 차지비완속, 환경부급속 비교",https://cafe.naver.com/noljatravel/1609450,2026-04-11 08:23
2026-04-11,일렉링크,"전기차동호회-아이오닉5 6 9,EV3 EV4 EV5 EV6 EV9,테슬라모델Y 3",sk일렉링크(와우 대박),https://cafe.naver.com/allfm01/2021945,2026-04-11 08:22
2026-04-11,유튜브(영상),[YouTube] 채비,[영상] 이래도 안 산다고?🤔 전기차 구매 고민 싹 해결해드립니다#*채비* #전기차 #전기차충전 #*채비*충전 #*채비*충전소 (조회수 4369회),https://www.youtube.com/watch?v=GVWz6wOe7u8,2026-04-11 08:24
2026-04-12,유튜브(영상),[YouTube] FixEV(픽스이브이),[영상] 전기차 급속 100kW 충전 가장 싼 곳 Top10 (모르면 손해 - 26년 4월 최신정보) (조회수 655회),https://www.youtube.com/watch?v=MDxZXaGoVYs,2026-04-12 08:23
2026-04-12,이브이시스,"전기차동호회-아이오닉5 6 9,EV3 EV4 EV5 EV6 EV9,테슬라모델Y 3",현대카드 EV 어떻게 하면 충전할 때 할인 받을까요?,https://cafe.naver.com/allfm01/2023109,2026-04-12 08:23
2026-04-12,채비,★BYD 비야디 전기차 공식동호회[BYD 오너스]아토3 씰 씨라이언7,채비 급속충전...애맥이네요..ㅋ,https://cafe.naver.com/rlfnrl2034/2081310,2026-04-12 08:22
2026-04-12,일렉링크,"전기차동호회-아이오닉5 6 9,EV3 EV4 EV5 EV6 EV9,테슬라모델Y 3",일렉링크 충전기 왜이렇게 안절부절할까요,https://cafe.naver.com/allfm01/2023021,2026-04-12 08:21
2026-04-12,일렉링크,"전기차동호회-아이오닉5 6 9,EV3 EV4 EV5 EV6 EV9,테슬라모델Y 3",sk일렉링크 사용법궁금해요,https://cafe.naver.com/allfm01/2023294,2026-04-12 08:21
2026-04-12,일렉링크,★ 아이오닉 공식 동호회 [아이오닉 멤버스] 아이오닉 5 6 7 9 N,하루의 마지막은 충전~,https://cafe.naver.com/cafeclip/1303083,2026-04-12 08:21
2026-04-12,일렉링크,"전기차동호회-아이오닉5 6 9,EV3 EV4 EV5 EV6 EV9,테슬라모델Y 3",현대차구입시 주는 sk일렉링크포인트,https://cafe.naver.com/allfm01/2023464,2026-04-12 08:21
2026-04-13,유튜브(영상),[YouTube] 티쓰리,"[영상] 테슬라 테슬라 FSD v15, 진짜 이번엔 다를까? 머스크가 또 꺼낸 그 말 (조회수 98회)",https://www.youtube.com/watch?v=FDGw3UcxLqg,2026-04-13 08:23
2026-04-13,유튜브(영상),[YouTube] 쉽수다,[영상] 내연차 바꾸면 680만원 준다고?! 전기차 보조금 총정리 🔋 쉽수다 EP24 (조회수 260회),https://www.youtube.com/watch?v=UU4S8vmooS0,2026-04-13 08:23
2026-04-13,유튜브(영상),[YouTube] 이볼루션_ EVolution,[영상] 전기차 출고 전 반드시 챙겨야 할 것들!! 출고 2주 전에는 이걸 보셔야 됩니다❗ (조회수 4339회),https://www.youtube.com/watch?v=e9bfIDwF3N8,2026-04-13 08:23
2026-04-13,유튜브(영상),[YouTube] 공모주린이의 투자백서,"[영상] 전기차 증가의 수혜자, 급속충전 사업자 1위의 *채비* 소개! (조회수 10667회)",https://www.youtube.com/watch?v=0rPYzf7nBsA,2026-04-13 08:23
2026-04-13,이브이시스,★테슬라 [TKC] 모델S 모델3 모델X 모델Y 사이버트럭 FSD 전기차,ccs 콤보 사용방법?,https://cafe.naver.com/noljatravel/1614614,2026-04-13 08:23
2026-04-13,일렉링크,"전기차동호회-아이오닉5 6 9,EV3 EV4 EV5 EV6 EV9,테슬라모델Y 3",[제목수정] 조금 더 빠른 충전하겠다고 타인에게 방해주면서까지 자리 옮기지는 맙시다. 4월 11일 BMW ix3 차주 보던가 말던가,https://cafe.naver.com/allfm01/2023744,2026-04-13 08:22
2026-04-13,채비,★테슬라 [TKC] 모델S 모델3 모델X 모델Y 사이버트럭 FSD 전기차,"테파충의 추억, 달라진 채비",https://cafe.naver.com/noljatravel/1614816,2026-04-13 08:23
2026-04-13,일렉링크,★ 기아 EV5 공식 동호회 [EV5 클럽] EV5 GT 롱레인지 보조금,충전속도 괜찮네요..,https://cafe.naver.com/300200/662662,2026-04-13 08:22
2026-04-13,일렉링크,현대 아이오닉9 오너스 - 나이너스,드뎌 환경부 충전기 ㅋㅋ,https://cafe.naver.com/ioniq9owners/22827,2026-04-13 08:22
2026-04-14,유튜브(영상),[YouTube] 티쓰리,"[영상] 테슬라 테슬라 FSD v15, 진짜 이번엔 다를까? 머스크가 또 꺼낸 그 말 (조회수 627회)",https://www.youtube.com/watch?v=CE5pspSMsD8,2026-04-14 08:29
2026-04-14,유튜브(영상),[YouTube] 테슬라 타는 직장인,[영상] 테슬라 롱레인지 충전비는 얼마가 나올까? (조회수 543회),https://www.youtube.com/watch?v=1QMpaYQq_YY,2026-04-14 08:29
2026-04-14,유튜브(영상),[YouTube] 티쓰리,"[영상] 테슬라 테슬라 FSD v15, 진짜 이번엔 다를까? 머스크가 또 꺼낸 그 말 (조회수 507회)",https://www.youtube.com/watch?v=UXruKgsc4vE,2026-04-14 08:29
2026-04-14,유튜브(영상),[YouTube] 주식회사퓨처드라이브,[영상] [ T-CHARGE ]  Trailerbot 기반 원격 제어 모바일 EV 충전 서비스 (T-CHARGE: Tele-Operated Mobile EV Charging Service) (조회수 11회),https://www.youtube.com/watch?v=7vy4x0pJiNA,2026-04-14 08:29
2026-04-14,유튜브(영상),[YouTube] 시사저널e - 시사저널이코노미,[영상] 기름값도 미쳤는데… 전기차 충전요금이 더 미쳤다 (조회수 23회),https://www.youtube.com/watch?v=hJBYyRsTlrU,2026-04-14 08:29
2026-04-14,유튜브(영상),[YouTube] 티쓰리,[영상] 테슬라 바보 오토 와이퍼 비 오는 날 유리창 앞에 앉아서 와이퍼가 작동 안 할 때의 그 답답함 (조회수 11회),https://www.youtube.com/watch?v=4ewgJ9JZEQ8,2026-04-14 08:29
2026-04-14,유튜브(영상),[YouTube] 티쓰리,"[영상] 테슬라 테슬라 FSD v15, 진짜 이번엔 다를까? 머스크가 또 꺼낸 그 말 (조회수 946회)",https://www.youtube.com/watch?v=5Jt74DCDaqU,2026-04-14 08:29
2026-04-14,유튜브(영상),[YouTube] 채비,"[영상] 전기차 급속 충전 인프라 1위 ""지금은 *채비*의 시간"" │CHAEVI - Brand Film. 2026 (조회수 134회)",https://www.youtube.com/watch?v=3c9l4Ed-et4,2026-04-14 08:29
2026-04-14,유튜브(영상),[YouTube] 티쓰리,"[영상] 테슬라 테슬라 FSD v15, 진짜 이번엔 다를까? 머스크가 또 꺼낸 그 말 (조회수 980회)",https://www.youtube.com/watch?v=V3RhZ48zG3k,2026-04-14 08:29
2026-04-14,유튜브(영상),[YouTube] 탑시리즈 | TOP Series,"[영상] 급속충전, 배터리 망가질까? #shorts (조회수 2086회)",https://www.youtube.com/watch?v=_dpe99eT4ds,2026-04-14 08:29
2026-04-14,채비,"전기차동호회-아이오닉5 6 9,EV3 EV4 EV5 EV6 EV9,테슬라모델Y 3",전기차 충전기 채비회사,https://cafe.naver.com/allfm01/2024341,2026-04-14 08:29
2026-04-14,일렉링크,"전기차동호회-아이오닉5 6 9,EV3 EV4 EV5 EV6 EV9,테슬라모델Y 3",충전 정보 알고싶습니다,https://cafe.naver.com/allfm01/2024400,2026-04-14 08:28
2026-04-14,유튜브(영상),[YouTube] 블랙,[영상] 전기차 충전요금 비싼 이유? (조회수 1709회),https://www.youtube.com/watch?v=M26p4jC9Qzs,2026-04-14 08:29
2026-04-15,유튜브(영상),[YouTube] 캐피탈아이capitaleye,[영상] *채비* 공모주…이거 청약할까? #*채비* #공모주 #공모주청약 #4월공모주 #주식쇼츠 (조회수 777회),https://www.youtube.com/watch?v=gdYXeu529uc,2026-04-15 08:29
2026-04-15,유튜브(영상),[YouTube] 경제 공부 30초 요약,[영상] 속보! ⚡️ 주말 EV 충전 대박 할인! 4/18부터 시작🇰🇷 태양광 에너지 활용 #경제뉴스 #경제요약 #경제속보 #30초뉴스 #경제공부 #비트코인 (조회수 779회),https://www.youtube.com/watch?v=J0bypfmI2Xc,2026-04-15 08:29
2026-04-15,유튜브(영상),[YouTube] 알고타,[영상] 혹시 iccu 터지는 원인이 ‘이것’ 때문은 아닐까 (조회수 787회),https://www.youtube.com/watch?v=obK3Frnjf-8,2026-04-15 08:29
2026-04-15,유튜브(영상),[YouTube] 왜있슈TV,[영상] [전기차 팩트 시리즈 - 5] 10C 충전? 중공동무 후라이 까지 말라우! (조회수 1019회),https://www.youtube.com/watch?v=BzbixLXJfW8,2026-04-15 08:29
2026-04-15,유튜브(영상),[YouTube] 블레드 Blaed 정보채널,"[영상] 전기차 충전, 이제 낮에 하세요!주말 낮 요금 최대 15% 인하 혜택 영상 337 (조회수 910회)",https://www.youtube.com/watch?v=Wyo3iu01osI,2026-04-15 08:29
2026-04-15,유튜브(영상),[YouTube] 초보택시,[영상] 전기택시 완속 충전요금 인하 하지만 급속은 오히려 인상됩니다. 이제 집밥 없는 택시 기사님들은 전기택시가 어렵습니다. 자율주행차 시대 도로 꽉꽉 막힌다 중국 전기차 BYD (조회수 966회),https://www.youtube.com/watch?v=Xi1iHQdI0O0,2026-04-15 08:29
2026-04-15,유튜브(영상),[YouTube] FLASHUP,"[영상] 전기, 저녁에 쓰면 요금이 훨씬 비싸진다#전기#전력#전기요금#에너지#태양광#절약#기업#회사#전기차#전기차충전#충전#가정용#주택#집#세금#생활정보#꿀팁#경제#경제뉴스#뉴스#뉴스쇼츠 (조회수 649회)",https://www.youtube.com/watch?v=ioKF1F-vG7w,2026-04-15 08:29
2026-04-15,유튜브(영상),[YouTube] 초록지기 아재,[영상] [충전요금할인] 이번 주말부터 전기차 충전 낮 시간 15% 할인…주말 낮 12시에 꽂으세요 #전기차충전 #충전요금할인 #한국전력 #기후에너지환경부 #전기차 #EV충전 #전기요금개편 (조회수 836회),https://www.youtube.com/watch?v=wYi8hhvIgME,2026-04-15 08:29
2026-04-15,유튜브(영상),[YouTube] 현실컷,[영상] 이제 저녁에 쓰면 요금 폭탄 맞습니다 #shorts (조회수 604회),https://www.youtube.com/watch?v=ZxZ7WcvatMM,2026-04-15 08:29
2026-04-15,유튜브(영상),[YouTube] 연합뉴스TV,[영상] 낮엔 싸고 밤엔 비싸게…전기차 충전은 주말 할인 / 연합뉴스TV (YonhapnewsTV) (조회수 143회),https://www.youtube.com/watch?v=QH7hRnVBCz8,2026-04-15 08:29
2026-04-15,유튜브(영상),[YouTube] 뉴스트레인,[영상] [국내 뉴스 브리핑] “주말 전기 요금이 반값?!” #shorts (조회수 492회),https://www.youtube.com/watch?v=_l8KXv6IZ6g,2026-04-15 08:29
2026-04-15,유튜브(영상),[YouTube] MBCNEWS,[영상] [와글와글 플러스] 주말 낮 '전기차 충전 요금' 최대 15% 할인 (2026.04.15/뉴스투데이/MBC) (조회수 335회),https://www.youtube.com/watch?v=r9GeHc__aNk,2026-04-15 08:29
2026-04-15,유튜브(영상),[YouTube] 티쓰리,"[영상] 테슬라  🚗 테슬라 모델Y, 드디어 실내가 바뀐다! 젠 그레이 인테리어 완전 분석 (조회수 95회)",https://www.youtube.com/watch?v=SxQnleYFSx0,2026-04-15 08:29
2026-04-15,유튜브(영상),[YouTube] OBS뉴스,[영상] 에너지 비상에 전기 요금 개편된다... 16일부터 전기 '낮 시간' 할인 (조회수 94회),https://www.youtube.com/watch?v=ShtC1B3fPag,2026-04-15 08:29
2026-04-15,유튜브(영상),[YouTube] 티쓰리,"[영상] 테슬라 테슬라 FSD v15, 진짜 이번엔 다를까? 머스크가 또 꺼낸 그 말 (조회수 22회)",https://www.youtube.com/watch?v=Jj_n_5gjb2g,2026-04-15 08:29
2026-04-15,유튜브(영상),[YouTube] 티쓰리,[영상] 테슬라 테슬라가 FSD 해커들한테 핵폭탄 던졌습니다 (조회수 11회),https://www.youtube.com/watch?v=niM6e6VR8oo,2026-04-15 08:29
2026-04-15,유튜브(영상),[YouTube] 티쓰리,"[영상] 테슬라 테슬라 FSD v15, 진짜 이번엔 다를까? 머스크가 또 꺼낸 그 말 (조회수 10회)",https://www.youtube.com/watch?v=9wBntRMil6w,2026-04-15 08:29
2026-04-15,유튜브(영상),[YouTube] Today in One Line,"[영상] 정부, 전기차 완속 충전요금 13%인하 #국내뉴스 #shorts #기후에너지환경부 #전기차충전 (조회수 1293회)",https://www.youtube.com/watch?v=8wf00ULKUsA,2026-04-15 08:29
2026-04-15,유튜브(영상),[YouTube] 에이원오토 서백로,"[영상] ""하이브리드가 정답이다?"" 충전비는 300원 이상? 전기차 차주만 '분노' (조회수 505회)",https://www.youtube.com/watch?v=hWfVaq1lZYE,2026-04-15 08:29
2026-04-15,유튜브(영상),[YouTube] 멍구랩,"[영상] 전기요금 개편, 낮에는 싸지고 밤에는 비싸진다 (조회수 1320회)",https://www.youtube.com/watch?v=Euvc9CySnN8,2026-04-15 08:29
2026-04-15,일렉링크,"전기차동호회-아이오닉5 6 9,EV3 EV4 EV5 EV6 EV9,테슬라모델Y 3",볼트업 일렉링크등 좀 큰규모 회사들은 요금 언제 인하할까요??,https://cafe.naver.com/allfm01/2025638,2026-04-15 08:28
2026-04-15,유튜브(영상),[YouTube] 경욱이형 전기차 상담소,"[영상] 전기차 유지비, 충전 방식에 따라 4만원 vs 7만원 차이 (조회수 2187회)",https://www.youtube.com/watch?v=F1PcwLopTCw,2026-04-15 08:29
2026-04-15,유튜브(영상),[YouTube]  YTN,"[영상] '낮저밤고' 전기요금 개편, 태양광 효율도 높인다 / YTN (조회수 1693회)",https://www.youtube.com/watch?v=0G8Hm6t_ZpA,2026-04-15 08:29
2026-04-15,채비,"전기차동호회-아이오닉5 6 9,EV3 EV4 EV5 EV6 EV9,테슬라모델Y 3",채비 전기차 100만 등록 기념 이벤트,https://cafe.naver.com/allfm01/2026102,2026-04-15 08:29
2026-04-15,이브이시스,"#전기차맛집▶아이오닉5 6 9,테슬라모델3 Y,EV 3 6 9 장기렌트","""무거운 케이블도 가뿐""…이브이시스, 독자 기술로 전기차 충전 시장 '승부수'",https://cafe.naver.com/evkoreaplus/66341,2026-04-15 08:29
2026-04-15,이브이시스,★ 기아 EV3 공식동호회 [ EV3 오너스클럽 ] 전기차 보조금 가격,evsis 롯데백화점 창원점 충전후기,https://cafe.naver.com/musicdomain/869771,2026-04-15 08:29
2026-04-15,이브이시스,★ 기아 EV3 공식동호회 [ EV3 오너스클럽 ] 전기차 보조금 가격,evsis 충전소 구독중,https://cafe.naver.com/musicdomain/869684,2026-04-15 08:29
2026-04-15,유튜브(영상),[YouTube]  YTN,[영상] [에디터픽] '낮저밤고' 전기차 충전에도 적용 …오는 주말부터 최대 50% / YTN (조회수 22361회),https://www.youtube.com/watch?v=9Nuz0eJ_4Po,2026-04-15 08:29
2026-04-15,유튜브(영상),[YouTube] 노보스인더스트리 NOBOSSINDUSTRY,[영상] 전기차 충전요금 kW당 650원 이상으로 올려야 하는 이유 (조회수 8881회),https://www.youtube.com/watch?v=P7Q7JLvWzXE,2026-04-15 08:29
2026-04-15,유튜브(영상),[YouTube]  YTN,"[영상] '낮저밤고' 전기요금 개편, 태양광 효율도 높인다 / YTN (조회수 6060회)",https://www.youtube.com/watch?v=xBrE711gmqA,2026-04-15 08:29
2026-04-16,유튜브(영상),[YouTube] 돈이 보인다,"[영상] 전기요금 49년 만에 바뀝니다, 꼭 알아두세요 #Shorts (조회수 881회)",https://www.youtube.com/watch?v=CNa1jINGTYU,2026-04-16 08:29
2026-04-16,유튜브(영상),[YouTube] 시사저널e - 시사저널이코노미,[영상] 전기차 충전 요금 기름 값보다 노답이 되고 있는 이유 #전기차 #전기차충전기 #논란 (조회수 1087회),https://www.youtube.com/watch?v=lKJ4mAmks0E,2026-04-16 08:29
2026-04-16,유튜브(영상),[YouTube] 이게실화?,[영상] #전기요금 #4월16일시행 #전기차충전 #전기요금개편 (조회수 1878회),https://www.youtube.com/watch?v=cyvEJHeE77o,2026-04-16 08:29
2026-04-16,유튜브(영상),[YouTube] 감독형,[영상] 에버온 짱?!👍 #ev3 #ev3에어롱레인지 #에버온 #전기차충전비 (조회수 1588회),https://www.youtube.com/watch?v=nUpzhzUBP9E,2026-04-16 08:29
2026-04-16,유튜브(영상),[YouTube]  YTN,[영상] [자막뉴스] 6월부터 밤이 더 비싸다? 상식 파괴 '전기요금 역전' 확정 / YTN (조회수 1774회),https://www.youtube.com/watch?v=m3w8yfnIbFY,2026-04-16 08:29
2026-04-16,유튜브(영상),[YouTube] 사남매맘 생활정책요약,[영상] 전기차 충전비 반값? 이번 주말부터 바뀝니다.#전기차 #전기차충전 #전기요금#전기요금개편#충전비절약 #전기차혜택 #생활정보 #정책정보#돈아끼기 #꿀정보 #절약팁 #40대 #50대 (조회수 839회),https://www.youtube.com/watch?v=zTO_EpYGZJc,2026-04-16 08:29
2026-04-16,유튜브(영상),[YouTube] 전기차의 모든것,[영상] 전기차 충전요금 비교 (차지비 vs 플러그링크 실제 비용) (조회수 1094회),https://www.youtube.com/watch?v=Vj9HxqJ39Ek,2026-04-16 08:29
2026-04-16,유튜브(영상),[YouTube] 꿀통경제,[영상] 모르면 나만 손해! 물가 꼼수와 전기차 할인슈링크플레이션 #쇼츠 #경제뉴스 #돈공부 (조회수 835회),https://www.youtube.com/watch?v=mAxd79Fk_WY,2026-04-16 08:29
2026-04-16,유튜브(영상),[YouTube] 럭키의 잡동사니,[영상] 🔌오늘부터 낮엔 싸고🔽 밤엔 비싸진다🔼 (조회수 152회),https://www.youtube.com/watch?v=y0JJhMhihDo,2026-04-16 08:29
2026-04-16,유튜브(영상),[YouTube] 1분정보통,[영상] 전기차 급속충전 80% 컷? 당장 안 멈추면 수리비 2천 날립니다 (2026 최신)#전기차 #전기차충전 #배터리수명 #급속충전 #전기차꿀팁 #2026년형 #전기차오너 #차량관리 (조회수 604회),https://www.youtube.com/watch?v=OhTtQER5XuU,2026-04-16 08:29
2026-04-16,유튜브(영상),[YouTube] 태원건설TV,[영상] 전기요금 반값…주말 낮 50% 할인 시작 #뉴스 #이슈 (조회수 219회),https://www.youtube.com/watch?v=e_caQZfMioc,2026-04-16 08:29
2026-04-16,유튜브(영상),[YouTube] 더 스미스 아뜰리에,"[영상] 주말부터 전기차 충전 요금 할인, 이 '3가지'는 꼭 기억해야 한다고? (조회수 127회)",https://www.youtube.com/watch?v=RcJ71X5MZLs,2026-04-16 08:29
2026-04-16,유튜브(영상),[YouTube] MBN News,"[영상] [굿모닝경제] ""한국 1.9% 성장 전망"" / '낮 충전' 할인 / 위험천만 깡통열차 [굿모닝 MBN] (조회수 127회)",https://www.youtube.com/watch?v=JTYg7p3_0Gw,2026-04-16 08:29
2026-04-16,유튜브(영상),[YouTube] 서울경제TV,"[영상] 전기차, 충전비 ‘반값 시대’ 돌입… “주말 낮 요금 50% 깎았다” (조회수 114회)",https://www.youtube.com/watch?v=U_K0dPBwHec,2026-04-16 08:29
2026-04-16,유튜브(영상),[YouTube] CBS 경제연구실,"[영상] 오늘부터 전기차, 퇴근하고 충전하면 비싸집니다 [기후로운 경제생활] (조회수 31회)",https://www.youtube.com/watch?v=6e6a78Ob138,2026-04-16 08:29
2026-04-16,유튜브(영상),[YouTube] 쉬운뉴스,[영상] 태양광 늘자 전기요금도 바뀐다…전기차 충전 최대 50% 할인 (조회수 2182회),https://www.youtube.com/watch?v=aWC1Mg-SBhw,2026-04-16 08:29
2026-04-16,유튜브(영상),[YouTube] 뉴스클리핑,[영상] 4월 18일부터 전기차 충전비 반값? 낮 시간대 충전 요정 등장! (조회수 722회),https://www.youtube.com/watch?v=1iKmlDwDOq8,2026-04-16 08:29
2026-04-16,유튜브(영상),[YouTube] 투어땅 꿀팁 저장소,[영상] 2026년 전기요금 개편: 낮엔 싸고 저녁엔 비싸다 (조회수 4223회),https://www.youtube.com/watch?v=7Ix9-IBKau4,2026-04-16 08:29
2026-04-16,이브이시스,★테슬라 [TKC] 모델S 모델3 모델X 모델Y 사이버트럭 FSD 전기차,기후부 공홈 테슬라 충전 오류 업데이트 불가 리스트 공유 합니다,https://cafe.naver.com/noljatravel/1620437,2026-04-16 08:29
2026-04-16,일렉링크,포르쉐 타이칸 동호회 ■ 더타이칸 클럽 ■ 투리스모 전기차,고속도로 채비카드충전 질문드립니다,https://cafe.naver.com/inhelia/32754,2026-04-16 08:28
2026-04-16,일렉링크,"전기차동호회-아이오닉5 6 9,EV3 EV4 EV5 EV6 EV9,테슬라모델Y 3",100kw 급속충전 시 속도 문의,https://cafe.naver.com/allfm01/2026734,2026-04-16 08:28
2026-04-16,채비,포르쉐 타이칸 동호회 ■ 더타이칸 클럽 ■ 투리스모 전기차,고속도로 채비카드충전 질문드립니다,https://cafe.naver.com/inhelia/32754,2026-04-16 08:29
2026-04-16,채비,★테슬라 [TKC] 모델S 모델3 모델X 모델Y 사이버트럭 FSD 전기차,[채비 X TKC] 게시판 오픈!⚡️대구·경북 테슬라 이용자라면 꼭 봐야 할 역대급 혜택 안내,https://cafe.naver.com/noljatravel/1619974,2026-04-16 08:29
2026-04-16,이브이시스,"전기차동호회-아이오닉5 6 9,EV3 EV4 EV5 EV6 EV9,테슬라모델Y 3",전기초보(회사 전기차 충전기 PNE(Joyev),https://cafe.naver.com/allfm01/2026973,2026-04-16 08:29
2026-04-16,이브이시스,★테슬라 [TKC] 모델S 모델3 모델X 모델Y 사이버트럭 FSD 전기차,차지비는 이번에 요금 할인 없나보세요,https://cafe.naver.com/noljatravel/1621001,2026-04-16 08:29
2026-04-16,이브이시스,"전기차동호회-아이오닉5 6 9,EV3 EV4 EV5 EV6 EV9,테슬라모델Y 3",롯데 이브이시스 가정용완속 충전기 카드태그없이 충전하는 방법 아시는 분 계시나요?,https://cafe.naver.com/allfm01/2026695,2026-04-16 08:29
2026-04-16,이브이시스,★ 기아 EV3 공식동호회 [ EV3 오너스클럽 ] 전기차 보조금 가격,전기차 충전 이브이시스,https://cafe.naver.com/musicdomain/869927,2026-04-16 08:29
2026-04-17,유튜브(영상),[YouTube] 내외뉴스통신 NBN NEWS,"[영상] 정부, 계절별·시간대별 전기요금 개편...""전기차 충전, 낮에 하면 더 싸다"" (조회수 1138회)",https://www.youtube.com/watch?v=dibFySnOEco,2026-04-17 08:28
2026-04-17,유튜브(영상),[YouTube] 노컷TV(노컷뉴스),[영상] 전기차 충전 할인...낮에 충전하고 할인받으세요 (조회수 769회),https://www.youtube.com/watch?v=6X1fTRxV21U,2026-04-17 08:28
2026-04-17,유튜브(영상),[YouTube] 전기차의 모든것,"[영상] “멀쩡한 충전기 뜯고... 충전요금 두배로, 뒷돈은 누구한테?” (조회수 767회)",https://www.youtube.com/watch?v=QVdUHHq-mJg,2026-04-17 08:28
2026-04-17,유튜브(영상),[YouTube] 내가공부하려고만든 [Made to Study],[영상] 전기요금 폭탄 터진다고? 저녁에 에어컨 키면 망하는 이유 (조회수 679회),https://www.youtube.com/watch?v=QiLV_80WYwo,2026-04-17 08:28
2026-04-17,유튜브(영상),[YouTube] 포켓뉴스,[영상] 🔵🟢전기료 개편 시작… 일반인은 전기차 주말 낮 충전부터 반값 #전기요금 #전기차충전 #전기차할인 #산업용전기 #재생에너지 #태양광 (조회수 21회),https://www.youtube.com/watch?v=11OcvQ-QxgM,2026-04-17 08:28
2026-04-17,유튜브(영상),[YouTube] NBS투데이,"[영상] 낮에는 저렴하게, 저녁엔 비싸게…산업용 전기요금 개편 (조회수 107회)",https://www.youtube.com/watch?v=l8WCcbWdmXQ,2026-04-17 08:28
2026-04-17,유튜브(영상),[YouTube] IRTV,"[영상] [IPO IR] *채비* - 전기차 급속, 초급속 충전기 및 충전 서비스 전문기업 (조회수 68회)",https://www.youtube.com/watch?v=_pzYhwk_Q_Y,2026-04-17 08:28
2026-04-17,유튜브(영상),[YouTube] 티쓰리,[영상] 테슬라  테슬라가 버거 가게를 여는 진짜 이유 — 72일 만에 버거 5만 개 팔린 '테슬라 다이너' 팔로알토 상륙 (조회수 17회),https://www.youtube.com/watch?v=9kxOiR_Vriw,2026-04-17 08:28
2026-04-17,유튜브(영상),[YouTube] 유자차 개러지  Yoojacha Garage,"[영상] 로밍 완속 충전 가격 낮춘다,  급속 충전은 올리고? (조회수 11086회)",https://www.youtube.com/watch?v=wJfvHQBFqbQ,2026-04-17 08:28
2026-04-17,유튜브(영상),[YouTube] ROAD SHIFT ,[영상] 기아 EV9 vs 테슬라 비교 누가 더 좋나? (조회수 160회),https://www.youtube.com/watch?v=b1_YAnIYFgg,2026-04-17 08:28
2026-04-17,이브이시스,★ 기아 EV3 공식동호회 [ EV3 오너스클럽 ] 전기차 보조금 가격,이브이시스 충전소,https://cafe.naver.com/musicdomain/870214,2026-04-17 08:28
2026-04-17,유튜브(영상),[YouTube] 최신 부동산ㆍ경제 핫 뉴스,"[영상] “저녁 전기요금 인상! 지금 꼭 확인하세요” “전기세 절약 비밀, 사용 시간에 달렸다!” “전기차 충전요금 반값! 지금이 기회” “전기요금 폭탄 피하려면? 낮에 쓰세요!” #뉴스 (조회수 1382회)",https://www.youtube.com/watch?v=oE-QBFmCSmE,2026-04-17 08:28
2026-04-17,이브이시스,★BYD 비야디 전기차 공식동호회[BYD 오너스]아토3 씰 씨라이언7,전기차충전기설치,https://cafe.naver.com/rlfnrl2034/2083961,2026-04-17 08:28
2026-04-17,일렉링크,"전기차동호회-아이오닉5 6 9,EV3 EV4 EV5 EV6 EV9,테슬라모델Y 3",일렉링크 105300>90000,https://cafe.naver.com/allfm01/2028369,2026-04-17 08:26
2026-04-17,일렉링크,★테슬라 [TKC] 모델S 모델3 모델X 모델Y 사이버트럭 FSD 전기차,충전 카드발급 관련 문의,https://cafe.naver.com/noljatravel/1623261,2026-04-17 08:26
2026-04-17,일렉링크,"전기차동호회-아이오닉5 6 9,EV3 EV4 EV5 EV6 EV9,테슬라모델Y 3",Sk일렉링크 저눈 못써먹겠네요,https://cafe.naver.com/allfm01/2027909,2026-04-17 08:26
2026-04-17,일렉링크,★테슬라 [TKC] 모델S 모델3 모델X 모델Y 사이버트럭 FSD 전기차,고속도로 sk일렉링크 사용해도되나요?,https://cafe.naver.com/noljatravel/1623438,2026-04-17 08:26
2026-04-18,유튜브(영상),[YouTube] 쉽수다,[영상] EV 소유자 필독! 전기요금 낮엔 싸고 저녁엔 비싸진다! 🔋 쉽수다 EP30 (조회수 689회),https://www.youtube.com/watch?v=xWxGNyQpkeE,2026-04-18 08:27
2026-04-18,유튜브(영상),[YouTube] Incheon iPhone Private Repair Center,[영상] 충전기 바꾸고 1분에 10% 충전이 된다구요?       #아이폰급속충전 #아이폰충전기 #아이폰배터리 #마이폰사설수리 (조회수 2678회),https://www.youtube.com/watch?v=1cwM3GiFlDI,2026-04-18 08:27
2026-04-18,유튜브(영상),[YouTube] Harry83,[영상] 기름값 비싸다고 전기차 샀다간 손해? 집충전 없으면 오히려 더 든다 (조회수 1711회),https://www.youtube.com/watch?v=9vLqGOcppmQ,2026-04-18 08:27
2026-04-18,유튜브(영상),[YouTube] 에너지하우징,[영상] 급속충전 전 10분만 쉬어라! (조회수 1476회),https://www.youtube.com/watch?v=fV8HVcMGMyA,2026-04-18 08:27
2026-04-18,유튜브(영상),[YouTube] 티쓰리,"[영상] 테슬라 테슬라 FSD v15, 진짜 이번엔 다를까? 머스크가 또 꺼낸 그 말 (조회수 1279회)",https://www.youtube.com/watch?v=raQsLAkMOyo,2026-04-18 08:27
2026-04-18,유튜브(영상),[YouTube] 차중진담,[영상] 전기차 충전 100원 (조회수 1235회),https://www.youtube.com/watch?v=W8zSi8gtsxY,2026-04-18 08:27
2026-04-18,유튜브(영상),[YouTube] 티쓰리,[영상] 테슬라 테슬라가 FSD 해커들한테 핵폭탄 던졌습니다 (조회수 1012회),https://www.youtube.com/watch?v=daSd7f7JvqA,2026-04-18 08:27
2026-04-18,유튜브(영상),[YouTube] 티쓰리,[영상] 테슬라 테슬라가 FSD 해커들한테 핵폭탄 던졌습니다 (조회수 989회),https://www.youtube.com/watch?v=cwKIMc4tacA,2026-04-18 08:27
2026-04-18,유튜브(영상),[YouTube] 티쓰리,"[영상] 테슬라 테슬라 FSD v15, 진짜 이번엔 다를까? 머스크가 또 꺼낸 그 말 (조회수 877회)",https://www.youtube.com/watch?v=2LSHJAgLmtc,2026-04-18 08:27
2026-04-18,유튜브(영상),[YouTube] 티쓰리,"[영상] 테슬라 테슬라 FSD v15, 진짜 이번엔 다를까? 머스크가 또 꺼낸 그 말 (조회수 659회)",https://www.youtube.com/watch?v=WMrYQ3HWPKc,2026-04-18 08:27
2026-04-18,유튜브(영상),[YouTube] MTN 머니투데이방송,"[영상] [단독] ""주말 낮에 전기차 충전하면 48원 할인"" *이브이시스* 동참 / 머니투데이방송 (뉴스) (조회수 198회)",https://www.youtube.com/watch?v=p4VwLaxcTNU,2026-04-18 08:27
2026-04-18,유튜브(영상),[YouTube] 티쓰리,[영상] 테슬라 테슬라가 FSD 해커들한테 핵폭탄 던졌습니다 (조회수 619회),https://www.youtube.com/watch?v=dRqVBBK9_ak,2026-04-18 08:27
2026-04-18,유튜브(영상),[YouTube] 티쓰리,"[영상] 테슬라 테슬라 FSD v15, 진짜 이번엔 다를까? 머스크가 또 꺼낸 그 말 (조회수 609회)",https://www.youtube.com/watch?v=DfpyN2097PY,2026-04-18 08:27
2026-04-18,유튜브(영상),[YouTube] 티쓰리,"[영상] 테슬라 2026년 드디어 공개된 옵티머스 V3 손 특허 — 머스크가 ""스타십보다 어렵다""고 했던 그 문제의 해답 (조회수 13회)",https://www.youtube.com/watch?v=gkrQn1Wva78,2026-04-18 08:27
2026-04-18,유튜브(영상),[YouTube] 더 스미스 아뜰리에,"[영상] 혼다 인사이트, 전기차 SUV EV로 돌아왔다. (조회수 460회)",https://www.youtube.com/watch?v=04pk1sbgJVE,2026-04-18 08:27
2026-04-18,유튜브(영상),[YouTube] 뮤직컷,[영상] 아파트 단지 내 전기차 충전 요금 체계가 ... (조회수 153회),https://www.youtube.com/watch?v=YnyAEScctYY,2026-04-18 08:27
2026-04-18,유튜브(영상),[YouTube] ABC Economy,"[영상] 전기차 2월 등록 '역대 최다' ""집에 충전기 없으면 손해?"" (조회수 56회)",https://www.youtube.com/watch?v=f0yIUooio8E,2026-04-18 08:27
2026-04-18,유튜브(영상),[YouTube] 주식 로케트,"[영상] *채비* 공모주 발사 점수 44점, 청약 넣어도 될까? | 수요예측 결과 분석 (조회수 29회)",https://www.youtube.com/watch?v=DLTXqU0UIJ4,2026-04-18 08:27
2026-04-18,유튜브(영상),[YouTube] 량덕벤츠,[영상] 🎨[밥량덕의 벤츠 참 쉽죠? Vol. 2] 전기차 충전 완충 급충 완벽마스터 🚗 #벤츠 #메르세데스벤츠 #삼성전시장 #벤츠꿀팁 (조회수 17회),https://www.youtube.com/watch?v=65HsXlU7dFE,2026-04-18 08:27
2026-04-18,유튜브(영상),[YouTube] 티쓰리,"[영상] 테슬라 테슬라 AI5 테이프아웃 확정 — TSMC·삼성 동원한 역대급 칩, 정작 차에는 안 쓴다고? (조회수 16회)",https://www.youtube.com/watch?v=4rQgDxl8WtQ,2026-04-18 08:27
2026-04-18,유튜브(영상),[YouTube] 주식애소리,"[영상] [공모주] *채비*, 전기차 급속 충전 인프라 민간 1위 / 부진한 수요예측 결과.. 그래도 청약 *채비* 해야할까? / 예상 균등 & 경쟁률 & 기대 수익 (조회수 9812회)",https://www.youtube.com/watch?v=FfC-9bLtzz4,2026-04-18 08:27
2026-04-18,유튜브(영상),[YouTube] 티쓰리,[영상] 테슬라 테슬라가 FSD 해커들한테 핵폭탄 던졌습니다 (조회수 651회),https://www.youtube.com/watch?v=r9yriFhcRnM,2026-04-18 08:27
2026-04-18,이브이시스,"전기차동호회-아이오닉5 6 9,EV3 EV4 EV5 EV6 EV9,테슬라모델Y 3",충전 방법에 대해 선배님들께 조언을 듣고 싶습니다.,https://cafe.naver.com/allfm01/2028479,2026-04-18 08:27
2026-04-18,이브이시스,"전기차동호회-아이오닉5 6 9,EV3 EV4 EV5 EV6 EV9,테슬라모델Y 3",EVSIS 이용후기 이벤트,https://cafe.naver.com/allfm01/2028858,2026-04-18 08:27
2026-04-18,일렉링크,현대 아이오닉9 오너스 - 나이너스,"슬기로운 ev 생활 8, 블루멤버스 증정 포인트로 전기차 충전하기",https://cafe.naver.com/ioniq9owners/23557,2026-04-18 08:26
2026-04-18,일렉링크,"전기차동호회-아이오닉5 6 9,EV3 EV4 EV5 EV6 EV9,테슬라모델Y 3","채비, 일렉링크 등 회원 급속요금 환경부 로밍?",https://cafe.naver.com/allfm01/2029108,2026-04-18 08:26
2026-04-18,일렉링크,★테슬라 [TKC] 모델S 모델3 모델X 모델Y 사이버트럭 FSD 전기차,전기차 충전시 카드 보통 어떻게 쓰시나요?,https://cafe.naver.com/noljatravel/1624268,2026-04-18 08:26
2026-04-18,일렉링크,★테슬라 [TKC] 모델S 모델3 모델X 모델Y 사이버트럭 FSD 전기차,"SK일렉링크 115,000",https://cafe.naver.com/noljatravel/1624084,2026-04-18 08:26
2026-04-18,일렉링크,★ 아이오닉 공식 동호회 [아이오닉 멤버스] 아이오닉 5 6 7 9 N,급속충전..완속충전..셀벨런싱?,https://cafe.naver.com/cafeclip/1303752,2026-04-18 08:26
2026-04-18,이브이시스,"전기차동호회-아이오닉5 6 9,EV3 EV4 EV5 EV6 EV9,테슬라모델Y 3",롯데 이브이시스 설치시 충전기 케이스 어떤 크기로 해야할까요? 有,https://cafe.naver.com/allfm01/2028522,2026-04-18 08:27
2026-04-18,일렉링크,★BYD 비야디 전기차 공식동호회[BYD 오너스]아토3 씰 씨라이언7,완속 충전 비용 2단계에서 5단계로 세분화 검토 중이라네요.,https://cafe.naver.com/rlfnrl2034/2084429,2026-04-18 08:26
2026-04-18,이브이시스,★전기화물차 EV VAN동호회★ PV5 PBV 쎄아밴 이티밴 마사다밴,이브이시스 이벤트하네요,https://cafe.naver.com/cherryu/137660,2026-04-18 08:27
2026-04-18,채비,"전기차동호회-아이오닉5 6 9,EV3 EV4 EV5 EV6 EV9,테슬라모델Y 3","채비, 일렉링크 등 회원 급속요금 환경부 로밍?",https://cafe.naver.com/allfm01/2029108,2026-04-18 08:27
2026-04-18,채비,"전기차동호회-아이오닉5 6 9,EV3 EV4 EV5 EV6 EV9,테슬라모델Y 3",혹시 채비 pnc 등록 되시는분 계신가요?,https://cafe.naver.com/allfm01/2029155,2026-04-18 08:27
2026-04-19,유튜브(영상),[YouTube] 티쓰리,"[영상] 테슬라 테슬라 FSD v15, 진짜 이번엔 다를까? 머스크가 또 꺼낸 그 말 (조회수 981회)",https://www.youtube.com/watch?v=opfjZ83T7pM,2026-04-19 08:24
2026-04-19,유튜브(영상),[YouTube] 급시우 브리핑,[영상] 전기차 주말 충전 반값…이번 주말부터 달라집니다 #전기차 #충전요금 #전기차충전 #정책뉴스 #생활뉴스 #국내뉴스 #뉴스쇼츠 (조회수 10회),https://www.youtube.com/watch?v=msMaa9YYla4,2026-04-19 08:24
2026-04-19,유튜브(영상),[YouTube] 티쓰리,[영상] 테슬라  테슬라 FSD 켜면 보험료가 깎인다? 세이프티 스코어 3.0의 진짜 속내 AI5 완성했는데 차에는 안 쓴다 – 머스크가 직접 밝힌 이유 (조회수 32회),https://www.youtube.com/watch?v=6rwFElBkm2E,2026-04-19 08:24
2026-04-19,유튜브(영상),[YouTube] K-Car Focus,[영상] 2027 기아 PV7 전기 캠퍼밴 풀리뷰! 가격 8천만원? 주행거리 600km 실화?! 차박 끝판왕 최신 전기 캠핑카 공개 (조회수 90회),https://www.youtube.com/watch?v=o1c0cM02ors,2026-04-19 08:24
2026-04-19,유튜브(영상),[YouTube] 곰돌이_생활정보,[영상] 전기요금 개편안 #shorts #전기요금 #한전개편 #에너지절약 #전기차충전 #2026트렌드 (조회수 324회),https://www.youtube.com/watch?v=2tete6z-ihA,2026-04-19 08:24
2026-04-19,유튜브(영상),[YouTube] BAMAF(바마프) — 미래산업 분석,[영상] 전기차 캐즘인데 *채비* IPO 웃을까? (조회수 326회),https://www.youtube.com/watch?v=p2MhnzWCXHk,2026-04-19 08:24
2026-04-19,유튜브(영상),[YouTube] 티쓰리,[영상] 테슬라 테슬라가 FSD 해커들한테 핵폭탄 던졌습니다 (조회수 911회),https://www.youtube.com/watch?v=Hk0iCsAIv_U,2026-04-19 08:24
2026-04-19,유튜브(영상),[YouTube] 웅교리뷰,[영상] PV5 카고 한달간 급속충전만 하면 충전요금은!? (조회수 940회),https://www.youtube.com/watch?v=cZz0KVDf3Pc,2026-04-19 08:24
2026-04-19,유튜브(영상),[YouTube] JS studio,"[영상] 전기차 타면, 돈 아낀다? 현실은... (조회수 1032회)",https://www.youtube.com/watch?v=nmOts6sYscs,2026-04-19 08:24
2026-04-19,유튜브(영상),[YouTube] 경제적 자유를 꿈꾸는 지투,[영상] 국내 1위 전기차 급속 충전사업자 *채비* 00110T0 / 공모주 청약분석과 예상주가 #*채비* #공모주청약 (조회수 23회),https://www.youtube.com/watch?v=UcVxkvwL5Sc,2026-04-19 08:24
2026-04-19,일렉링크,★BYD 비야디 전기차 공식동호회[BYD 오너스]아토3 씰 씨라이언7,일렉링크 200kW인데 오늘따라 느리네요,https://cafe.naver.com/rlfnrl2034/2085129,2026-04-19 08:22
2026-04-19,일렉링크,★테슬라 [TKC] 모델S 모델3 모델X 모델Y 사이버트럭 FSD 전기차,일렉링크 4.5,https://cafe.naver.com/noljatravel/1625874,2026-04-19 08:22
2026-04-19,일렉링크,★테슬라 [TKC] 모델S 모델3 모델X 모델Y 사이버트럭 FSD 전기차,충전 앱 추천 부탁드립니다,https://cafe.naver.com/noljatravel/1625996,2026-04-19 08:22
2026-04-19,일렉링크,★테슬라 [TKC] 모델S 모델3 모델X 모델Y 사이버트럭 FSD 전기차,Sk일렉링크 45100>>>35000,https://cafe.naver.com/noljatravel/1626091,2026-04-19 08:22
2026-04-19,유튜브(영상),[YouTube] 모트라인 MOTline,[영상] 기후부 장관님께 전기차 충전 요금 실태를 말씀드리고 왔습니다. (조회수 4189회),https://www.youtube.com/watch?v=GNYLzaHzVwE,2026-04-19 08:24
2026-04-20,유튜브(영상),[YouTube] daily-brief,[영상] 주말 낮 전기차 충전 반값… 오늘부터 15% 할인 시작 #Shorts (조회수 1314회),https://www.youtube.com/watch?v=qotCm6GODag,2026-04-20 08:25
2026-04-20,유튜브(영상),[YouTube] 티쓰리,[영상] 테슬라 테슬라가 FSD 해커들한테 핵폭탄 던졌습니다 (조회수 908회),https://www.youtube.com/watch?v=oDT23hscWyY,2026-04-20 08:25
2026-04-20,유튜브(영상),[YouTube] 티쓰리,[영상] 테슬라 테슬라가 FSD 해커들한테 핵폭탄 던졌습니다 (조회수 864회),https://www.youtube.com/watch?v=mo-XBXzcndc,2026-04-20 08:25
2026-04-20,유튜브(영상),[YouTube] 티쓰리,"[영상] 테슬라 테슬라 FSD v15, 진짜 이번엔 다를까? 머스크가 또 꺼낸 그 말 (조회수 638회)",https://www.youtube.com/watch?v=uMk9ZR4oUMk,2026-04-20 08:25
2026-04-20,유튜브(영상),[YouTube] 주식정원,[영상] *채비* 수요예측 / 3개월 환매청구권 부여! (조회수 56회),https://www.youtube.com/watch?v=mbRxybj8ASM,2026-04-20 08:25
2026-04-20,유튜브(영상),[YouTube] 지원금술사,"[영상] ""밤에 빨래하지 마세요"" 49년 만에 뒤집힌 전기세 상식 (모르면 요금 폭탄 맞습니다) #전기요금 #에너지절약 #한전 #전기요금개편 #살림꿀팁 #스마트홈 #전기차충전 #재테크 (조회수 451회)",https://www.youtube.com/watch?v=ozwF2ukZGgE,2026-04-20 08:25
2026-04-20,유튜브(영상),[YouTube] 주소남_ 주식 소개해주는 남자,[영상] 전기차 충전 1등 *채비* 공모주! 적자인데 들어가도 될까? 초등학생도 이해하는 꿀팁 총정리 #주식 (조회수 133회),https://www.youtube.com/watch?v=SrPqjZFSERg,2026-04-20 08:25
2026-04-20,유튜브(영상),[YouTube] 티쓰리,"[영상] 테슬라 스티어링 휠이 없다 — 테슬라 사이버캡, 핸들 없는 차 14대가 출고장에 나타났다테슬라 사이버캡, 기가텍사스 출고장에 등장 — 연간 2,500대 규제 속 상업 운행 초읽기 (조회수 59회)",https://www.youtube.com/watch?v=YYpIErh0DmM,2026-04-20 08:25
2026-04-20,유튜브(영상),[YouTube] 웅교리뷰,[영상] 한달간 전기차 급속충전만 한다면? #pv5 (조회수 1929회),https://www.youtube.com/watch?v=B1OzF3OsOSk,2026-04-20 08:25
2026-04-20,유튜브(영상),[YouTube] 모손정(모르면 손해인 정보),"[영상] ""전기차 밥값 반값?"" 주말 낮에 충전하면 요금이 훅 빠진다! 기름값 걱정 없는 역대급 혜택 🚨 #전기차 #충전요금할인 #정부지원 #최신뉴스 #shorts (조회수 627회)",https://www.youtube.com/watch?v=CG4aU1Q1lRc,2026-04-20 08:25
2026-04-20,유튜브(영상),[YouTube] 이볼루션_ EVolution,[영상] 220V로 전기차 충전하면 누진세 폭탄이라고? 사실은 공용 완속충전기보다 훨씬 싸다!! (조회수 2225회),https://www.youtube.com/watch?v=gJDOHsrjD5E,2026-04-20 08:25
2026-04-20,유튜브(영상),[YouTube] 티쓰리,[영상] 테슬라 테슬라가 FSD 해커들한테 핵폭탄 던졌습니다 (조회수 2312회),https://www.youtube.com/watch?v=x4QuFS13pI8,2026-04-20 08:25
2026-04-20,유튜브(영상),[YouTube] 티쓰리,"[영상] 테슬라 테슬라 FSD v15, 진짜 이번엔 다를까? 머스크가 또 꺼낸 그 말 (조회수 2427회)",https://www.youtube.com/watch?v=ZaWOAnAA9VQ,2026-04-20 08:25
2026-04-20,일렉링크,★테슬라 [TKC] 모델S 모델3 모델X 모델Y 사이버트럭 FSD 전기차,이마트에 있는 일렉링크는 사용해도 되나요?,https://cafe.naver.com/noljatravel/1627448,2026-04-20 08:23
2026-04-20,일렉링크,현대 아이오닉9 오너스 - 나이너스,sk일렉링크 포인트 사용할려고..,https://cafe.naver.com/ioniq9owners/23710,2026-04-20 08:23
2026-04-20,일렉링크,"전기차동호회-아이오닉5 6 9,EV3 EV4 EV5 EV6 EV9,테슬라모델Y 3",환경부 충전요금 할인되니까 기분좋네요,https://cafe.naver.com/allfm01/2030282,2026-04-20 08:23
2026-04-20,이브이시스,"전기차동호회-아이오닉5 6 9,EV3 EV4 EV5 EV6 EV9,테슬라모델Y 3",종묘공영주차장 저렴하게 충전(급속100)했어오,https://cafe.naver.com/allfm01/2030696,2026-04-20 08:25
2026-04-20,이브이시스,"전기차동호회-아이오닉5 6 9,EV3 EV4 EV5 EV6 EV9,테슬라모델Y 3",이브이시스 중급속 충전기 좋네요,https://cafe.naver.com/allfm01/2030524,2026-04-20 08:25
2026-04-20,유튜브(영상),[YouTube] 감독형,[영상] EV3 트렁크 등! 그리고 트렁크에 몸무게 60이상은...#ev3 #ev3에어롱레인지 (조회수 2917회),https://www.youtube.com/watch?v=G7BV63WgBNo,2026-04-20 08:25
2026-04-21,이브이시스,★ 기아 EV3 공식동호회 [ EV3 오너스클럽 ] 전기차 보조금 가격,evsis 충전금액,https://cafe.naver.com/musicdomain/871280,2026-04-21 08:28
2026-04-21,유튜브(영상),[YouTube] 탑시리즈 | TOP Series,[영상] 충전 스트레스 0%… 서울 근교 드라이브 TOP3 (조회수 11회),https://www.youtube.com/watch?v=RJiJEuq7wuk,2026-04-21 08:29
2026-04-21,유튜브(영상),[YouTube] 티쓰리,"[영상] 테슬라 70% 관세 뚫고 인도 들어간 테슬라, 2026년 새 카드 뽑았다 (조회수 12회)",https://www.youtube.com/watch?v=pYEbzKv7W-A,2026-04-21 08:29
2026-04-21,유튜브(영상),[YouTube] 한국자동차환경협회,[영상] 4월 18일부터 주말 낮엔 공공충전기 충전요금 할인! (조회수 22회),https://www.youtube.com/watch?v=1i2ctBhD28U,2026-04-21 08:29
2026-04-21,유튜브(영상),[YouTube] 기후에너지환경부,[영상] 주말 낮엔 전기차 충전요금 50% 할인! (조회수 76회),https://www.youtube.com/watch?v=_G6_qR16pQw,2026-04-21 08:29
2026-04-21,유튜브(영상),[YouTube] 신차스토리,[영상] 전기차들 충전요금 테라버닝 ㅋㅋ (조회수 1147회),https://www.youtube.com/watch?v=MIoYzyxIpWw,2026-04-21 08:29
2026-04-21,유튜브(영상),[YouTube] 테리정_news,[영상] 오늘의 2번째 | 전기차 퇴근 후 충전 절대 금지! 이거 모르면 손해봅니다 #Shorts #테리정뉴스 (조회수 1383회),https://www.youtube.com/watch?v=C8-JWJ8RVoc,2026-04-21 08:29
2026-04-21,유튜브(영상),[YouTube] GreenSpark그린스파크 | 전기차 충전 초보 가이드 ,[영상] 이 시간에 충전하면 요금 폭탄 맞습니다 (조회수 2163회),https://www.youtube.com/watch?v=P3qaZumK8dA,2026-04-21 08:29
2026-04-21,일렉링크,현대 아이오닉9 오너스 - 나이너스,sk일렉링크 20만원포인트,https://cafe.naver.com/ioniq9owners/23881,2026-04-21 08:27
2026-04-21,일렉링크,"전기차동호회-아이오닉5 6 9,EV3 EV4 EV5 EV6 EV9,테슬라모델Y 3",sk일렉링크 바보,https://cafe.naver.com/allfm01/2031340,2026-04-21 08:27
2026-04-22,채비,"#전기차맛집▶아이오닉5 6 9,테슬라모델3 Y,EV 3 6 9 장기렌트","‘전기차 충전’ 채비, 테슬라 운전자에 ‘구애’…40만 네이버 커뮤니티서 상담",https://cafe.naver.com/evkoreaplus/66643,2026-04-22 08:25
2026-04-22,채비,"#전기차맛집▶아이오닉5 6 9,테슬라모델3 Y,EV 3 6 9 장기렌트","""어댑터 없이 바로 꽂는다""… 채비, 43만 '테슬라 팬덤'에 주목",https://cafe.naver.com/evkoreaplus/66639,2026-04-22 08:25
2026-04-22,채비,★테슬라 [TKC] 모델S 모델3 모델X 모델Y 사이버트럭 FSD 전기차,채비 대구경북 이벤트 좋네요,https://cafe.naver.com/noljatravel/1629870,2026-04-22 08:25
2026-04-22,유튜브(영상),[YouTube] 조곰한 경제테크 캠프,"[영상] 낮에 전기차 충전해야 하는 이유!? 전기요금 역전 현상, 당장 알아야 할 습관 (조회수 652회)",https://www.youtube.com/watch?v=r39WULql4is,2026-04-22 08:25
2026-04-22,유튜브(영상),[YouTube] SSULtube,[영상] 2026년 4월 전기요금 개편 정리! #전기요금 #개편 #2026 #한전 #kepco #전기세절약 #전기차충전 #산업용 #전기 #경제뉴스 #쇼츠 #shorts #실화 #개정 (조회수 1479회),https://www.youtube.com/watch?v=h5ceBNPY-5U,2026-04-22 08:25
2026-04-22,유튜브(영상),[YouTube] 카닷컴 : 신차 장기렌트 & 리스 즉시출고,[영상] BMW i3 비상! 벤츠 C클래스 전기차 전격공개 800V 시스템 탑재 (조회수 1271회),https://www.youtube.com/watch?v=f5MDlEwwCCI,2026-04-22 08:25
2026-04-22,유튜브(영상),[YouTube] SK-WHEELS ,[영상] 🚨 충격 공개! 2026 기아 EV5 — 이 전기차가 모든 것을 바꾼다! 530km 주행 + 30분 충전의 비밀 (조회수 102회),https://www.youtube.com/watch?v=mvM2DYC__JU,2026-04-22 08:25
2026-04-22,유튜브(영상),[YouTube] 티쓰리,[영상] 테슬라Optimus 손 특허 공개 하루 만에 머스크가 폭탄 발언한 이유 테슬라 실적발표 D-1: 투자자들이 진짜 묻고 싶은 질문 8개와 머스크의 예상 답변 (조회수 61회),https://www.youtube.com/watch?v=Ly7Wc3ySAGI,2026-04-22 08:25
2026-04-22,유튜브(영상),[YouTube] 이지카,"[영상] 현대 아이오닉5 지자체 보조금 소진 걱정이라면, 전기차는 이렇게 타셔야합니다 (조회수 18회)",https://www.youtube.com/watch?v=i7NtdVKdBKs,2026-04-22 08:25
2026-04-22,채비,★테슬라 [TKC] 모델S 모델3 모델X 모델Y 사이버트럭 FSD 전기차,슈퍼차저 채비 등 충전시 약간의 할인받는 팁!,https://cafe.naver.com/noljatravel/1630756,2026-04-22 08:25
2026-04-22,채비,"전기차동호회-아이오닉5 6 9,EV3 EV4 EV5 EV6 EV9,테슬라모델Y 3",대영채비 v맴버십 쓰시는분 계세요??,https://cafe.naver.com/allfm01/2032673,2026-04-22 08:25
2026-04-22,채비,★테슬라 [TKC] 모델S 모델3 모델X 모델Y 사이버트럭 FSD 전기차,채비 NACS 충전할때 로밍 지원 되나요?,https://cafe.naver.com/noljatravel/1630955,2026-04-22 08:25
2026-04-22,일렉링크,★ 아이오닉 공식 동호회 [아이오닉 멤버스] 아이오닉 5 6 7 9 N,SK일렉링크 마일리지 질문요 ㅠㅠ,https://cafe.naver.com/cafeclip/1304367,2026-04-22 08:24
2026-04-22,일렉링크,★테슬라 [TKC] 모델S 모델3 모델X 모델Y 사이버트럭 FSD 전기차,"클린일렉스 충전기 운영권을 SK일렉링크에 매도해서, SK일렉링크로 변경해야 한다는데요?",https://cafe.naver.com/noljatravel/1631067,2026-04-22 08:24
2026-04-22,일렉링크,★테슬라 [TKC] 모델S 모델3 모델X 모델Y 사이버트럭 FSD 전기차,한국 초기 모델 s x 차량 충전 및 세텍콤보 아답터 호환성 문의드립니다,https://cafe.naver.com/noljatravel/1631331,2026-04-22 08:24
2026-04-23,유튜브(영상),[YouTube] 티쓰리,[영상] 테슬라2026년 테슬라의 진짜 계획 — 애리조나에 비공개 충전소 56기 착공Cybercab 전용 충전 인프라 첫 공개 — 테슬라가 이미 한발 앞서 있었다 (조회수 15회),https://www.youtube.com/watch?v=P1xKEKx7Gf4,2026-04-23 08:31
2026-04-23,이브이시스,"전기차동호회-아이오닉5 6 9,EV3 EV4 EV5 EV6 EV9,테슬라모델Y 3",EVSIS 이용후기 이벤트,https://cafe.naver.com/allfm01/2034119,2026-04-23 08:31
2026-04-23,유튜브(영상),[YouTube] 캠핑클럽,[영상] 전기차 한 달 3500km 타면 충전 요금은? (조회수 3844회),https://www.youtube.com/watch?v=WxpQjSxWRKM,2026-04-23 08:31
2026-04-23,유튜브(영상),[YouTube] 카트렌드 : CAR TREND,[영상] 640km 전기차 공개! 메르세데스-벤츠의 새로운 혁신🔥 (조회수 1404회),https://www.youtube.com/watch?v=ohERp5uUqIk,2026-04-23 08:31
2026-04-23,유튜브(영상),[YouTube] 충전중입니다,[영상] 충전 시간 하나로 돈 날립니다 (이거 모르면) #테슬라 #테슬라모델y #충전꿀팁 #예약충전 #전기요금 #충전비절약 #ev충전 #테슬라설정 (조회수 266회),https://www.youtube.com/watch?v=cwbaOJQV3Qs,2026-04-23 08:31
2026-04-23,유튜브(영상),[YouTube] 2차전지장기투자자,[영상] 전기차배터리 1%남기고 찾은 급속충전소 아이오닉5 50%까지 몇분? (조회수 687회),https://www.youtube.com/watch?v=IDKOKnAo8rI,2026-04-23 08:31
2026-04-23,유튜브(영상),[YouTube] 한수원 KHNP,[영상] 에너지 절약 캠페인 EP 4. '낮 시간 충전' (조회수 248회),https://www.youtube.com/watch?v=C4rSl4Saxmw,2026-04-23 08:31
2026-04-23,유튜브(영상),[YouTube] 티쓰리,[영상] 테슬라 테슬라 앱 2026 대업데이트 — FSD 타면 보험료가 내려간다고?테슬라 스마트폰 앱에 생긴 4가지 변화 — 트레일러 등화 점검까지 폰으로 된다 (조회수 38회),https://www.youtube.com/watch?v=G37xTvNARh4,2026-04-23 08:31
2026-04-23,유튜브(영상),[YouTube] EV 모빌리티 마스터 (EV Mobility Master),[영상] 배터리가 뜨거워지면 차가 멈춥니다 [칠러/Chiller] #칠러 #배터리냉각 #전기차충전 #급속충전 #열관리 (조회수 1079회),https://www.youtube.com/watch?v=_uZNQ30RjU0,2026-04-23 08:31
2026-04-23,채비,"#전기차맛집▶아이오닉5 6 9,테슬라모델3 Y,EV 3 6 9 장기렌트","채비, 테슬라 이용자 커뮤니티 'TKC카페'와 협력",https://cafe.naver.com/evkoreaplus/66691,2026-04-23 08:31
2026-04-23,채비,"#전기차맛집▶아이오닉5 6 9,테슬라모델3 Y,EV 3 6 9 장기렌트","'전기차 충전' 채비, IPO 일반청약 증거금 4.2兆…풋백옵션 효과",https://cafe.naver.com/evkoreaplus/66726,2026-04-23 08:31
2026-04-23,일렉링크,★테슬라 [TKC] 모델S 모델3 모델X 모델Y 사이버트럭 FSD 전기차,삼성ID EV카드로 미리 포인트 충전 가능한 회사가 뭐가 있을까요?,https://cafe.naver.com/noljatravel/1632630,2026-04-23 08:30
2026-04-23,일렉링크,"폭스바겐 전기차 대표 동호회[폭스바겐 ID 클럽] ID4, ID5 , ID7",SK 일렉링크...,https://cafe.naver.com/happyhappybirthday/94912,2026-04-23 08:30
2026-04-24,유튜브(영상),[YouTube] 티쓰리,"[영상] 테슬라 로보택시 달라스·휴스턴 확장, FSD 유럽 상륙… 테슬라 Q1 2026 실적 완전 분석테슬라 순익 4.72조 달성 — 배송 쇼크에도 어떻게 월가를 이겼나 (조회수 16회)",https://www.youtube.com/watch?v=I_Q5LQCmlyo,2026-04-24 08:31
2026-04-24,유튜브(영상),[YouTube] 티쓰리,"[영상] 테슬라 테슬라 옵티머스 공장, 텍사스에 짓는다 연간 1000만 대, 규모가 말이 안 됨2027년 2천만 원대 로봇 시대 온다  테슬라가 텍사스에 52억 달러 투자한 이유 (조회수 10회)",https://www.youtube.com/watch?v=O15IvWuXxmU,2026-04-24 08:31
2026-04-24,유튜브(영상),[YouTube] 이볼루션_ EVolution,[영상] 전기차 출고 전 1순위 지갑에 꼭 챙길 카드 (조회수 1151회),https://www.youtube.com/watch?v=H0tLfCMkJxg,2026-04-24 08:31
2026-04-24,유튜브(영상),[YouTube] 채비,"[영상] ""급속충전인데 속도가 왜 이러지?"" 전기차 오너들의 흔한 오해, 팩트체크 해드립니다 #*채비* #전기차 (조회수 269회)",https://www.youtube.com/watch?v=ALAmLZSLjPA,2026-04-24 08:31
2026-04-24,일렉링크,현대 아이오닉9 오너스 - 나이너스,SK일렉링크 20만P,https://cafe.naver.com/ioniq9owners/24213,2026-04-24 08:29
2026-04-24,일렉링크,"전기차동호회-아이오닉5 6 9,EV3 EV4 EV5 EV6 EV9,테슬라모델Y 3",sk일렉 20만포인트 언제쯤 오는건가요?,https://cafe.naver.com/allfm01/2034555,2026-04-24 08:29
2026-04-25,유튜브(영상),[YouTube] 까악경제학,"[영상] 49년만에 저녁 전기요금 3배 인상, 한전 부채 206조와 2026 전기요금 개편의 숨겨진 진실 (조회수 100회)",https://www.youtube.com/watch?v=BHihNxcYlmo,2026-04-25 08:28
2026-04-25,유튜브(영상),[YouTube] BMW 김진환,[영상] BMW 5시리즈 하이파이브 전기차 완전 분석! 30분 급속충전과 600km 주행 가능 (조회수 335회),https://www.youtube.com/watch?v=1hQJkA6vfI4,2026-04-25 08:28
2026-04-25,유튜브(영상),[YouTube] Hononoo,"[영상] 2026 스타리아 EV, 11인승 투어러 모던, 전기차 현실 총정리 (조회수 2695회)",https://www.youtube.com/watch?v=4M5N1Fg4NvE,2026-04-25 08:28
2026-04-25,유튜브(영상),[YouTube] 이볼루션_ EVolution,[영상] 주말·공휴일 전기차 충전요금 할인!! 내용 완벽하게 정리해왔습니다 (조회수 4415회),https://www.youtube.com/watch?v=JTAMArXjAN8,2026-04-25 08:28
2026-04-25,유튜브(영상),[YouTube] MBCNEWS,"[영상] ""기름 넣듯 단숨에 충전""‥이제 고급화로 승부 거는 중국 전기차 (2026.04.24/뉴스데스크/MBC) (조회수 86635회)",https://www.youtube.com/watch?v=13Gov2uvuYc,2026-04-25 08:28
2026-04-25,채비,포르쉐 타이칸 동호회 ■ 더타이칸 클럽 ■ 투리스모 전기차,채비카드,https://cafe.naver.com/inhelia/33083,2026-04-25 08:28
2026-04-25,일렉링크,"전기차동호회-아이오닉5 6 9,EV3 EV4 EV5 EV6 EV9,테슬라모델Y 3",보통 충전카드들 몇개씩 가지고 다니시나요 ?,https://cafe.naver.com/allfm01/2035645,2026-04-25 08:27
2026-04-25,일렉링크,현대 아이오닉9 오너스 - 나이너스,sk일렉링크 결제 잘못했을때,https://cafe.naver.com/ioniq9owners/24381,2026-04-25 08:27
2026-04-26,유튜브(영상),[YouTube] 티쓰리,[영상] 테슬라 테슬라 FSD v14.3.2 실사용 후기 — 섬 기능은 역대급인데 내비는 아직도 이래요 (조회수 12회),https://www.youtube.com/watch?v=ZrFbA6i0veE,2026-04-26 08:26
2026-04-26,이브이시스,"전기차동호회-아이오닉5 6 9,EV3 EV4 EV5 EV6 EV9,테슬라모델Y 3",주말충전 이브이시스도 타임할인 하네요,https://cafe.naver.com/allfm01/2036269,2026-04-26 08:26
2026-04-26,이브이시스,"전기차동호회-아이오닉5 6 9,EV3 EV4 EV5 EV6 EV9,테슬라모델Y 3",완속충전은 되는데 급속 충전이 안됩니다.,https://cafe.naver.com/allfm01/2036463,2026-04-26 08:26
2026-04-26,채비,"전기차동호회-아이오닉5 6 9,EV3 EV4 EV5 EV6 EV9,테슬라모델Y 3",채비는 그린 세이브 인가 그거 참여를 안 하려나요...,https://cafe.naver.com/allfm01/2036298,2026-04-26 08:25
2026-04-26,채비,"전기차동호회-아이오닉5 6 9,EV3 EV4 EV5 EV6 EV9,테슬라모델Y 3",채비 신규가입 시 친구코드 입력 이벤트,https://cafe.naver.com/allfm01/2036420,2026-04-26 08:25
2026-04-26,유튜브(영상),[YouTube] 카티the안심 - 자동차 검수센터,[영상] 전기차 급속 충전 vs 완속 충전 (조회수 1039회),https://www.youtube.com/watch?v=mDWatJToUqg,2026-04-26 08:26
2026-04-26,일렉링크,★BYD 비야디 전기차 공식동호회[BYD 오너스]아토3 씰 씨라이언7,급속충전이 계속 오류나네요.,https://cafe.naver.com/rlfnrl2034/2088969,2026-04-26 08:24
2026-04-26,일렉링크,"전기차동호회-아이오닉5 6 9,EV3 EV4 EV5 EV6 EV9,테슬라모델Y 3",sk일렉링크 구독하시는 분 계신가요?,https://cafe.naver.com/allfm01/2036422,2026-04-26 08:24
2026-04-26,일렉링크,"전기차동호회-아이오닉5 6 9,EV3 EV4 EV5 EV6 EV9,테슬라모델Y 3",완속충전은 되는데 급속 충전이 안됩니다.,https://cafe.naver.com/allfm01/2036463,2026-04-26 08:24
2026-04-27,유튜브(영상),[YouTube] AI코알라,"[영상] 전기차 1000km 주행?! 🚗💨 전고체 배터리, 게임체인저 등판! ⚡ (조회수 794회)",https://www.youtube.com/watch?v=MjgzfB8D3Pg,2026-04-27 08:26
2026-04-27,유튜브(영상),[YouTube] 충전중입니다,[영상] 저 충전비 얼마 냈게요? 😏⚡ #전기차 #전기차충전 #전기차할인 #충전비절약 #테슬라충전 #모델y #충전요금 #테슬라 #아파트충전 (조회수 976회),https://www.youtube.com/watch?v=mAmq0z5kJhg,2026-04-27 08:26
2026-04-27,채비,"전기차동호회-아이오닉5 6 9,EV3 EV4 EV5 EV6 EV9,테슬라모델Y 3",채비 V멤버스 가입하면 2대도 충전 가능한가요?,https://cafe.naver.com/allfm01/2037027,2026-04-27 08:26
2026-04-27,채비,"전기차동호회-아이오닉5 6 9,EV3 EV4 EV5 EV6 EV9,테슬라모델Y 3",채비 요금도 다 다르네요,https://cafe.naver.com/allfm01/2037242,2026-04-27 08:26
2026-04-27,일렉링크,"전기차동호회-아이오닉5 6 9,EV3 EV4 EV5 EV6 EV9,테슬라모델Y 3",일렉링크 105300,https://cafe.naver.com/allfm01/2036696,2026-04-27 08:25
2026-04-27,일렉링크,현대 아이오닉9 오너스 - 나이너스,고속도로 환경부 충전 결제 문의,https://cafe.naver.com/ioniq9owners/24542,2026-04-27 08:25
2026-04-27,일렉링크,"전기차동호회-아이오닉5 6 9,EV3 EV4 EV5 EV6 EV9,테슬라모델Y 3","전기 요금, 조금 내릴 기미라도 보이네요,휴",https://cafe.naver.com/allfm01/2037291,2026-04-27 08:25
2026-04-27,일렉링크,"전기차동호회-아이오닉5 6 9,EV3 EV4 EV5 EV6 EV9,테슬라모델Y 3",전기차 일렉링크 구독중입니다,https://cafe.naver.com/allfm01/2037334,2026-04-27 08:25
2026-04-27,일렉링크,"전기차동호회-아이오닉5 6 9,EV3 EV4 EV5 EV6 EV9,테슬라모델Y 3",SK일렉링크 마일리지 사용법,https://cafe.naver.com/allfm01/2037337,2026-04-27 08:25
2026-04-28,이브이시스,★기아 EV 동호회[EV오너스클럽] EV3 EV4 EV5 EV6 EV9 GT 보조금,중급속충전(30kw) 좋네요,https://cafe.naver.com/carmessenger/729937,2026-04-28 08:32
2026-04-28,이브이시스,★니로 풀체인지 공식 동호회★기아 [니로클]전기차 EV SG2클럽,이브이시스 중급속 충전기 좋네요,https://cafe.naver.com/imyoona/1787657,2026-04-28 08:32
2026-04-28,유튜브(영상),[YouTube] 장기렌트 가격비교는 오토스쿨,[영상] 전기차 충전비 반값?   #장기렌트카 #전기차장기렌트 #장기렌트#사업자장기렌트 #법인장기렌트 (조회수 2028회),https://www.youtube.com/watch?v=6X_-hqwwJCY,2026-04-28 08:32
2026-04-28,유튜브(영상),[YouTube] 워터 Water,"[영상] 전기차 왕초보 필수! 완속·중속·급속, 뭐가 다른거지? 🫨 #전기차초보 #전기차용어 #완속충전 #중속충전 #급속충전 #전기차 #전기차충전 #*워터* #*워터*전기차충전 #*워터*충전소 (조회수 976회)",https://www.youtube.com/watch?v=DdBDpogfGN4,2026-04-28 08:32
2026-04-28,유튜브(영상),[YouTube] 2차전지장기투자자,[영상] 중국의 급속충전 진짜일까? BMW도 이례적 의문제기 [왜잇슈tv5분요약] (조회수 745회),https://www.youtube.com/watch?v=1gdGRjKtEl4,2026-04-28 08:32
2026-04-28,유튜브(영상),[YouTube] SAF Auto,[영상] 이 전기차 미쳤다?! 2026 아이오닉 6 충격 리뷰! (조회수 67회),https://www.youtube.com/watch?v=5Bm3PyqxOgw,2026-04-28 08:32
2026-04-28,유튜브(영상),[YouTube] 알고 하는 LPG개조,[영상] 전기차 보다 나은 로턴 LPG 하이브리드 (조회수 131회),https://www.youtube.com/watch?v=0OdoGHJGcqs,2026-04-28 08:32
2026-04-28,유튜브(영상),[YouTube] 티쓰리,[영상] 테슬라 테슬라 모델3 사면 1년 무료 충전 준다…근데 이게 왜 불안한 신호일 수도 있음2026년 테슬라 모델3 지금 사도 될까? 연간 최대 170만 원 절약되는 혜택 전격 (조회수 119회),https://www.youtube.com/watch?v=_nv8g1Bqccg,2026-04-28 08:32
2026-04-28,유튜브(영상),[YouTube] 티쓰리,"[영상] 테슬라 테슬라가 FSD 구매자들한테 결국 이 말 했습니다 | HW3 오너 전원 해당""우리가 틀렸습니다"" 머스크의 충격 발언 — (조회수 44회)",https://www.youtube.com/watch?v=Z5Qqmsjltyk,2026-04-28 08:32
2026-04-28,유튜브(영상),[YouTube] 티쓰리,"[영상] 테슬라 테슬라 슈퍼차저 줄서기 싸움, 이제 앱이 해결한다 — 가상 대기열 시스템 완전 분석슈퍼차저에서 주먹다짐까지 났던 이유, 테슬라가 드디어 손봤습니다 (조회수 32회)",https://www.youtube.com/watch?v=z_EeNzTMSkc,2026-04-28 08:32
2026-04-28,유튜브(영상),[YouTube] 티쓰리,"[영상] 테슬라 테슬라 슈퍼차저 줄서기 싸움, 이제 앱이 해결한다 — 가상 대기열 시스템 완전 분석슈퍼차저에서 주먹다짐까지 났던 이유, 테슬라가 드디어 손봤습니다 (조회수 19회)",https://www.youtube.com/watch?v=neMTGJCpy7I,2026-04-28 08:32
2026-04-28,유튜브(영상),[YouTube] GreenSpark그린스파크 | 전기차 충전 초보 가이드 ,[영상] 충전 시간 잘못 선택하면 손해봅니다 | 전기차 충전요금 개편 | 비용 | 전기차 충전요금 | 전기차 시간대별 요금 |주의사항 | 전기차 충전 꿀팁 (조회수 418회),https://www.youtube.com/watch?v=KwggpFGrn3M,2026-04-28 08:32
2026-04-28,이브이시스,★테슬라 [TKC] 모델S 모델3 모델X 모델Y 사이버트럭 FSD 전기차,"이브이시스(EVSIS) 충전기-차량 파손 건(2024년 7월), 소비자원 분쟁조정 결과 나왔습니다!",https://cafe.naver.com/noljatravel/1639736,2026-04-28 08:32
2026-04-28,채비,"#전기차맛집▶아이오닉5 6 9,테슬라모델3 Y,EV 3 6 9 장기렌트","채비 ‘CHAEVI MCS’, 레드닷·iF·CES 3관왕 영예…“디자인 경쟁력 입증”",https://cafe.naver.com/evkoreaplus/66900,2026-04-28 08:32
2026-04-28,채비,포르쉐 타이칸 동호회 ■ 더타이칸 클럽 ■ 투리스모 전기차,채비카드 미사용,https://cafe.naver.com/inhelia/33192,2026-04-28 08:32
2026-04-28,일렉링크,"★폴스타 공식 동호회 ★ 볼보 폴스타2, 폴스타3, 4, 5 전기차",DC콤보 급속충전이 안됩니다!!,https://cafe.naver.com/hamseang/116487,2026-04-28 08:31
2026-04-28,일렉링크,"전기차동호회-아이오닉5 6 9,EV3 EV4 EV5 EV6 EV9,테슬라모델Y 3","아이오닉5 블루포인트, SK일렉링크 이게 맞는건가욤??",https://cafe.naver.com/allfm01/2037470,2026-04-28 08:31
2026-04-28,일렉링크,"전기차동호회-아이오닉5 6 9,EV3 EV4 EV5 EV6 EV9,테슬라모델Y 3",꼭 있어야 할 충전카드는 뭘까요,https://cafe.naver.com/allfm01/2037480,2026-04-28 08:31
2026-04-28,일렉링크,"전기차동호회-아이오닉5 6 9,EV3 EV4 EV5 EV6 EV9,테슬라모델Y 3",고속도로 휴게소에서 충전 관련 문의,https://cafe.naver.com/allfm01/2037483,2026-04-28 08:31
2026-04-28,일렉링크,"전기차동호회-아이오닉5 6 9,EV3 EV4 EV5 EV6 EV9,테슬라모델Y 3",일렉링크 29400,https://cafe.naver.com/allfm01/2038470,2026-04-28 08:31
2026-04-29,이브이시스,★BYD 비야디 전기차 공식동호회[BYD 오너스]아토3 씰 씨라이언7,완충시 충전 금액이 궁금합니다.,https://cafe.naver.com/rlfnrl2034/2090724,2026-04-29 08:33
2026-04-29,이브이시스,"전기차동호회-아이오닉5 6 9,EV3 EV4 EV5 EV6 EV9,테슬라모델Y 3",인제 무료충전 변경되었어요.,https://cafe.naver.com/allfm01/2038581,2026-04-29 08:33
2026-04-29,유튜브(영상),[YouTube] 삼성SDI,[영상] 급속 충전은 익숙한데… 급속 방전은 어떻게 할까? (조회수 2919회),https://www.youtube.com/watch?v=ElRv634wG4Y,2026-04-29 08:33
2026-04-29,유튜브(영상),[YouTube] GreenSpark그린스파크 | 전기차 충전 초보 가이드 ,[영상] 저녁 충전이 비싸진 이유| 전기차 충전 싸게 하는 법 | 전기차 충전 손해| 전기차 충전요금 개편 | 전기차 충전요금| 전기차 충전 꿀팁 (조회수 2473회),https://www.youtube.com/watch?v=a3FvxXTes2M,2026-04-29 08:33
2026-04-29,유튜브(영상),[YouTube] 티쓰리,"[영상] 테슬라 테슬라 FSD, 유럽 상륙 시작됐다  스웨덴이 공식 허가한 진짜 이유2026년 유럽 자율주행 판도 바뀐다  네덜란드·스페인·이탈리아·스웨덴 도미노 한국 차례인가 (조회수 14회)",https://www.youtube.com/watch?v=N2KMzhfOl6E,2026-04-29 08:33
2026-04-29,유튜브(영상),[YouTube] 여의도부자개미,[영상] [*채비* 긴급분석]*전기차 급속 충전 인프라 1위! 드디어 코스닥 상장! *채비* 상장 완벽 대응가이드! 주주님들 꼭 보고 준비하세요! #*채비* (조회수 266회),https://www.youtube.com/watch?v=wISfAmHA-jw,2026-04-29 08:33
2026-04-29,유튜브(영상),[YouTube] 주식연구소,"[영상] [*채비*] 제2의 '이것' 탄생! '*채비*' 상장 전야, 따따블 신화 재현될까? (딱 10일 승부) (조회수 242회)",https://www.youtube.com/watch?v=YOs1sJZYBDk,2026-04-29 08:33
2026-04-29,유튜브(영상),[YouTube] 채비,[영상] [CHAEVI] 대한민국 충전 인프라 1호 상장 ‘*채비*’ IPO 기자간담회 (조회수 95회),https://www.youtube.com/watch?v=epr-OCKu98g,2026-04-29 08:33
2026-04-29,유튜브(영상),[YouTube] 티쓰리,"[영상] 테슬라 테슬라 로보택시, 드디어 안드로이드 출시 — 아이폰 없어도 탈 수 있다 2026년 테슬라 로보택시 안드로이드 앱 공개 — 수억 명이 갑자기 탑승 가능해진 이유 (조회수 15회)",https://www.youtube.com/watch?v=WTizpBTrMSk,2026-04-29 08:33
2026-04-29,이브이시스,★BYD 비야디 전기차 공식동호회[BYD 오너스]아토3 씰 씨라이언7,씨라이언7 왜 100프로 충전안되는걸까요?,https://cafe.naver.com/rlfnrl2034/2090776,2026-04-29 08:33
2026-04-29,유튜브(영상),[YouTube] 채비,[영상] 충전 인프라 '1호 상장' *채비*즈도 텐션 업! 모두 감사합니다✨ (조회수 392회),https://www.youtube.com/watch?v=iG5uaB9rkQ4,2026-04-29 08:33
2026-04-29,일렉링크,"전기차동호회-아이오닉5 6 9,EV3 EV4 EV5 EV6 EV9,테슬라모델Y 3",다들 충전카드 여러개로 사용하시나여..?,https://cafe.naver.com/allfm01/2039054,2026-04-29 08:31
2026-04-29,일렉링크,★테슬라 [TKC] 모델S 모델3 모델X 모델Y 사이버트럭 FSD 전기차,일렉링크,https://cafe.naver.com/noljatravel/1641216,2026-04-29 08:31
2026-04-29,일렉링크,"전기차동호회-아이오닉5 6 9,EV3 EV4 EV5 EV6 EV9,테슬라모델Y 3",sk일렉링크 포인트45000점 35000원,https://cafe.naver.com/allfm01/2039062,2026-04-29 08:31
2026-04-29,채비,★테슬라 [TKC] 모델S 모델3 모델X 모델Y 사이버트럭 FSD 전기차,채비 충전 이벤트하네요,https://cafe.naver.com/noljatravel/1642398,2026-04-29 08:32
2026-04-29,채비,클럽 테슬라 [Club Tesla] 모델S 모델3 모델X 모델Y RWD,"덕분이에요 DAY, 오늘은 우리(채비)가 쏠게요! (4.29)",https://cafe.naver.com/foryoucom/378375,2026-04-29 08:32
2026-04-30,유튜브(영상),[YouTube] 경제소녀,"[영상] 전기차 충전요금, 빨리 충전하면 비싸진다. (조회수 1067회)",https://www.youtube.com/watch?v=uNSIOhnxjWg,2026-04-30 08:32
2026-04-30,유튜브(영상),[YouTube] 투자경제TV - 상한가연구소,"[영상] [*채비* 주가전망] 긴급! 전기차 충전 1호 상장사, 4조 청약자금 이후 수급 향방 필독 (조회수 2468회)",https://www.youtube.com/watch?v=JwGuewW1fYs,2026-04-30 08:32
2026-04-30,유튜브(영상),[YouTube] MR M CREATOR,[영상] 👉 [*채비* 주가전망] 신규상장 폭발🚨 거래대금 터졌다… 2주 안에 끝난다 지금 아니면 늦습니다 #*채비* #*채비*주가 #신규상장 (조회수 1802회),https://www.youtube.com/watch?v=OCllWfeEZMI,2026-04-30 08:32
2026-04-30,유튜브(영상),[YouTube] 조이팩토리,[영상] 전기차 충전요금 결국 오른다 (최대 391원 충격) (조회수 1626회),https://www.youtube.com/watch?v=_pxQ3apwndA,2026-04-30 08:32
2026-04-30,유튜브(영상),[YouTube] 에너지하우징,[영상] 전기차 오너 99%가 속고 있는 배터리 수명의 소름 돋는 진실 (조회수 1345회),https://www.youtube.com/watch?v=8SUC9UhFjyY,2026-04-30 08:32
2026-04-30,유튜브(영상),[YouTube] GreenSpark그린스파크 | 전기차 충전 초보 가이드 ,[영상] 충전 끝났는데도 왜 못 빼? 통신 신호 확인하세요 |  전기차 | 커넥터 안빠짐 (조회수 1340회),https://www.youtube.com/watch?v=JHgdWLuljsY,2026-04-30 08:32
2026-04-30,유튜브(영상),[YouTube] 정책 요약소,[영상] 전기차 공공 충전요금 5단계로 세분화 – 완속은 낮추고 급속은 인상 (조회수 1245회),https://www.youtube.com/watch?v=msWmT35dcys,2026-04-30 08:32
2026-04-30,유튜브(영상),[YouTube]  YTN,[영상] 전기차 충전 속도별 5단계로...깜깜이 요금도 없앤다 / YTN (조회수 1201회),https://www.youtube.com/watch?v=3JXOJPXt1fA,2026-04-30 08:32
2026-04-30,유튜브(영상),[YouTube] 콕! 뉴스와 정보,[영상] 충전 속도 따라 가격 차이? 전기차 유저 필수 정보#오늘의 뉴스와 정보 #전기차 #충전요금 #급속충전 #전기차정보#빛나는삶  #유튜브 (조회수 1053회),https://www.youtube.com/watch?v=0KWKE_hK3aI,2026-04-30 08:32
2026-04-30,유튜브(영상),[YouTube] 연합뉴스TV,[영상] 전기차 충전 요금 느리면 인하·매우 빠르면 인상 / 연합뉴스TV (YonhapnewsTV) (조회수 160회),https://www.youtube.com/watch?v=sazWc7JKj6c,2026-04-30 08:32
2026-04-30,유튜브(영상),[YouTube] 메인경제TV - 상한가연구소,"[영상] [*채비* 주가 전망] 코스닥 신규상장 첫날 +83% 폭등 마감 방어선 19,000원 어디까지 더 갈까 #*채비*주가전망 #*채비*목표가 #*채비* (조회수 759회)",https://www.youtube.com/watch?v=25XqZSKmz1Q,2026-04-30 08:32
2026-04-30,유튜브(영상),[YouTube] 돈이 되는 90초,"[영상] [투자뉴스] 전기차 충전요금, 5단계로 쪼개진다…급속은 얼마나 오를까? | 2026.04.29 (조회수 687회)",https://www.youtube.com/watch?v=3hWwFzv_sL4,2026-04-30 08:32
2026-04-30,유튜브(영상),[YouTube] MTN 머니투데이방송,"[영상] 전기차 공공 충전요금 5단계로… ""완속은 싸게, 급속은 비싸게 / 머니투데이방송 (뉴스) (조회수 541회)",https://www.youtube.com/watch?v=IgRE_TIMwE0,2026-04-30 08:32
2026-04-30,유튜브(영상),[YouTube] 차트는 불화살,"[영상] #*채비* (CHAEVI): 대한민국 1위 전기차 급속 충전 플랫폼, KOSDAQ 상장과 현대차 동맹으로 글로벌 CPO로 도약 - 20260429 (조회수 193회)",https://www.youtube.com/watch?v=GC8wIp28WcA,2026-04-30 08:32
2026-04-30,유튜브(영상),[YouTube] 주식연구소,"[영상] [*채비*] [단독] 주주님들 보셨나요? 내일 4월 30일, ""역대급 거사"" 시작됩니다. 뻔한 얘기 아닙니다. (조회수 157회)",https://www.youtube.com/watch?v=5CIRDNZ2hqk,2026-04-30 08:32
2026-04-30,유튜브(영상),[YouTube] 금싸라기주식,"[영상] [*채비* 주가전망] '7분전 긴급' 겹호재 현대차 EV전기차 파트너사 첫날 따블! 300% 초대박 상승빔 따따상 가려나?! 공모주IPO, 유통물량, 주식매매실시간,CHAEVI (조회수 149회)",https://www.youtube.com/watch?v=ziWDD54lHTU,2026-04-30 08:32
2026-04-30,유튜브(영상),[YouTube] 알고 하는 LPG개조,[영상] 로턴 LPG개조가 전기차의 대안인 이유 (조회수 51회),https://www.youtube.com/watch?v=RSFNhdIzznA,2026-04-30 08:32
2026-04-30,유튜브(영상),[YouTube]  YTN,[영상] 전기차 충전요금 변경 예고...느린 충전은 낮추고 초급속은 올리고 [지금이뉴스] / YTN (조회수 9193회),https://www.youtube.com/watch?v=RWuGrwP7yNM,2026-04-30 08:32
2026-04-30,유튜브(영상),[YouTube] 불스원픽,[영상] *채비*: #CHAEVI #전기차충전주 #IPO #코스닥상장 #현대차파트너 #급속충전1위 #해외수출 #에너지플랫폼 #적자리스크 (조회수 1019회),https://www.youtube.com/watch?v=WHbDnVdbt5s,2026-04-30 08:32
2026-04-30,유튜브(영상),[YouTube]  YTN,[영상] 전기차 충전 속도별 5단계로...깜깜이 요금도 없앤다 / YTN (조회수 18545회),https://www.youtube.com/watch?v=b0LEKx_qLCU,2026-04-30 08:32
2026-04-30,유튜브(영상),[YouTube] YTN 사이언스 투데이,"[영상] 전기차 충전요금, 속도별 5단계로...가격표도 생긴다 / YTN 사이언스 (조회수 57회)",https://www.youtube.com/watch?v=KOGIbjgQqUs,2026-04-30 08:32
2026-04-30,채비,"전기차동호회-아이오닉5 6 9,EV3 EV4 EV5 EV6 EV9,테슬라모델Y 3",오랜만에 채비에서 충전이벤트 합니다. (4월29일 하루만 진행),https://cafe.naver.com/allfm01/2039543,2026-04-30 08:32
2026-04-30,일렉링크,★테슬라 [TKC] 모델S 모델3 모델X 모델Y 사이버트럭 FSD 전기차,남성주 참외 휴게소 일렉링크,https://cafe.naver.com/noljatravel/1644712,2026-04-30 08:31
2026-04-30,일렉링크,★테슬라 [TKC] 모델S 모델3 모델X 모델Y 사이버트럭 FSD 전기차,일렉링크 필요하신분 계신가요?,https://cafe.naver.com/noljatravel/1643439,2026-04-30 08:31
2026-04-30,채비,"전기차동호회-아이오닉5 6 9,EV3 EV4 EV5 EV6 EV9,테슬라모델Y 3",와이어 있는 채비 충전기...,https://cafe.naver.com/allfm01/2040293,2026-04-30 08:32
2026-04-30,채비,현대 아이오닉9 오너스 - 나이너스,채비 고속충전 50% 행사중이네요,https://cafe.naver.com/ioniq9owners/24914,2026-04-30 08:32
2026-04-30,채비,"#전기차맛집▶아이오닉5 6 9,테슬라모델3 Y,EV 3 6 9 장기렌트","현대차-채비, 전기차 사용자 위한 결정적 파트너십 눈길",https://cafe.naver.com/evkoreaplus/67092,2026-04-30 08:32
2026-04-30,채비,★ 아이오닉 공식 동호회 [아이오닉 멤버스] 아이오닉 5 6 7 9 N,오늘(4.29) 채비 급속 50프로 페이백해요,https://cafe.naver.com/cafeclip/1305351,2026-04-30 08:32
2026-05-01,이브이시스,"전기차동호회-아이오닉5 6 9,EV3 EV4 EV5 EV6 EV9,테슬라모델Y 3",헐~ 대박! 5월 충전 공짜?!?,https://cafe.naver.com/allfm01/2040423,2026-05-01 08:32
2026-05-01,이브이시스,★ 기아 EV3 공식동호회 [ EV3 오너스클럽 ] 전기차 보조금 가격,EVSIS 후기 이벤트!! 3000원받기,https://cafe.naver.com/musicdomain/873182,2026-05-01 08:32
2026-05-01,이브이시스,★ 기아 EV5 공식 동호회 [EV5 클럽] EV5 GT 롱레인지 보조금,EVSIS 후기이벤트 3000원받,https://cafe.naver.com/300200/668232,2026-05-01 08:32
2026-05-01,채비,"#전기차맛집▶아이오닉5 6 9,테슬라모델3 Y,EV 3 6 9 장기렌트","채비·현대차, 전기차 '월 구독' 충전 상품 선보인다…수도권 거점 7곳",https://cafe.naver.com/evkoreaplus/67140,2026-05-01 08:32
2026-05-01,채비,"#전기차맛집▶아이오닉5 6 9,테슬라모델3 Y,EV 3 6 9 장기렌트","채비, 5월 현대차 전용 구독 상품 출시",https://cafe.naver.com/evkoreaplus/67119,2026-05-01 08:32
2026-05-01,채비,포르쉐 타이칸 동호회 ■ 더타이칸 클럽 ■ 투리스모 전기차,채비카드,https://cafe.naver.com/inhelia/33307,2026-05-01 08:32
2026-05-01,유튜브(영상),[YouTube] SBS 뉴스,"[영상] 집안일 돈으로 환산했더니..남자들 집안일? ""아직 멀었다"" / SBS / 친절한 경제 (조회수 2265회)",https://www.youtube.com/watch?v=xZYpnKoAfBo,2026-05-01 08:32
2026-05-01,유튜브(영상),[YouTube] 심플관심주식 채널,[영상] 대한민국 전기차 5대 중 1대가 쓰는 미친 회사의 정체 ㄷㄷ                                                               #*채비* (조회수 1485회),https://www.youtube.com/watch?v=YbtBwJHIfFQ,2026-05-01 08:32
2026-05-01,유튜브(영상),[YouTube] 티쓰리,"[영상] 테슬라 HW3 오너들, 드디어 터졌다 — FSD V14 Lite 국제 출시 확정2019~2023년식 테슬라 타시는 분들, 지금 바로 보세요 — HW3 업데이트 전격 발표 (조회수 45회)",https://www.youtube.com/watch?v=5OVvuhBu1WA,2026-05-01 08:32
2026-05-01,유튜브(영상),[YouTube] 건승파파,"[영상] 전기차 충전 요금이 “속도에 따라 5단계로"" (조회수 1115회)",https://www.youtube.com/watch?v=Y_qaA_xSmJY,2026-05-01 08:32
2026-05-01,유튜브(영상),[YouTube] 채비,"[영상] ""우리 충전기가 느리다고요?"" 전기차 충전 속도 논쟁, 종결해봤습니다ㅣ거침없이 *채비*킥 EP.1 (조회수 568회)",https://www.youtube.com/watch?v=253BP6WL_co,2026-05-01 08:32
2026-05-01,유튜브(영상),[YouTube] 내외뉴스통신 NBN NEWS,"[영상] 정부, 전기차 충전 체계 전면 개편...요금 5단계로 세분화, 속도따라 달라져 (조회수 515회)",https://www.youtube.com/watch?v=VBWCKTNg_ro,2026-05-01 08:32
2026-05-01,유튜브(영상),[YouTube] storybox,[영상] 전기차 충전 싸게 하려면? | 모르면 돈 더 낸다 (조회수 391회),https://www.youtube.com/watch?v=THQAkFyHtJI,2026-05-01 08:32
2026-05-01,유튜브(영상),[YouTube] 경제 공부 30초 요약,[영상] 전기차 충전비 폭탄 터졌다! 빠를수록 비싸져 #경제뉴스 #경제요약 #경제속보 #30초뉴스 #경제공부 #비트코인 (조회수 278회),https://www.youtube.com/watch?v=qrVjrL7Cyhs,2026-05-01 08:32
2026-05-01,유튜브(영상),[YouTube] 주식리포트TV,"[영상] [*채비* 주가 전망] 상장 2일차 지금 사야하는걸까? 해외 기관 35% 배정 흥행! 글로벌 충전 인프라 2위 운영규모,핵심구간 파악 #*채비* (조회수 212회)",https://www.youtube.com/watch?v=oPo5j5dv1wc,2026-05-01 08:32
2026-05-01,유튜브(영상),[YouTube] EVNode,[영상] 전기차 급속충전만 쓰면 손해일까 (Is it a loss to use only fast charging for EVs?) (조회수 125회),https://www.youtube.com/watch?v=CTioFm553X4,2026-05-01 08:32
2026-05-01,유튜브(영상),[YouTube] YTN 사이언스 투데이,[영상] 전기차 충전 속도별 5단계로...깜깜이 요금도 없앤다 / YTN 사이언스 (조회수 62회),https://www.youtube.com/watch?v=0ilUXipv0oY,2026-05-01 08:32
2026-05-01,유튜브(영상),[YouTube] 급시우 브리핑,"[영상] 전기차 충전요금, 속도별로 달라집니다 #전기차 #충전요금 #공공충전 #완속충전 #급속충전 #전기차정책 #교통뉴스 #기술뉴스 #생활경제 #급시우브리핑 (조회수 1308회)",https://www.youtube.com/watch?v=bB9GukUXpj8,2026-05-01 08:32
2026-05-01,유튜브(영상),[YouTube] KBS 1라디오,"[영상] [풀영상]📍코스피, 6740선 돌파📍“카드값 빠듯해도 안 판다” 40·50대,해외주식 쥐는 진짜 이유📍송영길·이광재·조국·김용남·한동훈·하정우 누가 생환할까｜KBS260430 (조회수 628회)",https://www.youtube.com/watch?v=spoYIeMoMuw,2026-05-01 08:32
2026-05-01,일렉링크,★BYD 비야디 전기차 공식동호회[BYD 오너스]아토3 씰 씨라이언7,sk일렉링크 100퍼 페이백 합니다!,https://cafe.naver.com/rlfnrl2034/2091983,2026-05-01 08:31
2026-05-01,일렉링크,◈ 기아 EV9 공식 동호회 [클럽 EV9] 대표카페 EV9 공동구매,SK일렉링크 이벤트하네요~~,https://cafe.naver.com/googlenexus7/348471,2026-05-01 08:31
2026-05-01,일렉링크,★테슬라 [TKC] 모델S 모델3 모델X 모델Y 사이버트럭 FSD 전기차,SK일랙링크 충전 100% 환급 ㅠㅠ 차 아직 안나왔는디요,https://cafe.naver.com/noljatravel/1645962,2026-05-01 08:31
2026-05-01,일렉링크,★BYD 비야디 전기차 공식동호회[BYD 오너스]아토3 씰 씨라이언7,"SK일렉링크, 전기차 ‘첫 충전 100% 페이백’ 프로모션",https://cafe.naver.com/rlfnrl2034/2091884,2026-05-01 08:31
2026-05-01,일렉링크,★ 기아 EV3 공식동호회 [ EV3 오너스클럽 ] 전기차 보조금 가격,SK일렉링크 이벤트하네요~,https://cafe.naver.com/musicdomain/873188,2026-05-01 08:31
2026-05-01,일렉링크,"전기차동호회-아이오닉5 6 9,EV3 EV4 EV5 EV6 EV9,테슬라모델Y 3",일렉링크 급속 무료 이벤 문자 왔네요,https://cafe.naver.com/allfm01/2040868,2026-05-01 08:31
2026-05-01,일렉링크,현대 아이오닉9 오너스 - 나이너스,SK일렉링크] 속보! 급속 충전 4번 100% 환급 D-1,https://cafe.naver.com/ioniq9owners/25025,2026-05-01 08:31
2026-05-01,일렉링크,현대 아이오닉9 오너스 - 나이너스,5월달엔 여기 가서 충전해야겠네요.,https://cafe.naver.com/ioniq9owners/25004,2026-05-01 08:31
2026-05-01,일렉링크,"전기차동호회-아이오닉5 6 9,EV3 EV4 EV5 EV6 EV9,테슬라모델Y 3",[SK일렉링크] 26년 첫 급속 충전 '100% 환급'!(5월 한 달),https://cafe.naver.com/allfm01/2040824,2026-05-01 08:31
2026-05-01,일렉링크,★ 캐스퍼ev 전기차 공식 동호회 [캐스퍼 일렉트릭 클럽] 보조금,SK일렉링크 첫충전100% 페이백 프로모션(5월),https://cafe.naver.com/lastchaos2/406166,2026-05-01 08:31
2026-05-01,일렉링크,현대 아이오닉9 오너스 - 나이너스,충전을 하려거든 앱을 사용하세요,https://cafe.naver.com/ioniq9owners/24993,2026-05-01 08:31
2026-05-01,일렉링크,"전기차동호회-아이오닉5 6 9,EV3 EV4 EV5 EV6 EV9,테슬라모델Y 3",헐~ 대박! 5월 충전 공짜?!?,https://cafe.naver.com/allfm01/2040423,2026-05-01 08:31
2026-05-01,일렉링크,★테슬라 [TKC] 모델S 모델3 모델X 모델Y 사이버트럭 FSD 전기차,SK일렉링크 운영수칙 위반인가요?ㅜㅜ,https://cafe.naver.com/noljatravel/1645049,2026-05-01 08:31
2026-05-01,일렉링크,"#전기차맛집▶아이오닉5 6 9,테슬라모델3 Y,EV 3 6 9 장기렌트","SK일렉링크, 전기차 충전 절감 ‘첫 충전 100% 페이백’ 프로모션 실시",https://cafe.naver.com/evkoreaplus/67163,2026-05-01 08:31
2026-05-02,유튜브(영상),[YouTube] 메인경제TV - 상한가연구소,"[영상] [*채비* 주가 전망] 신규상장 2일차 -6% 차익 매물 정리! 21,150원 사수 + 25,000원 회복할까 #*채비*주가전망 #*채비*목표가 #*채비* (조회수 1073회)",https://www.youtube.com/watch?v=M_Mb7KZbWz4,2026-05-02 08:33
2026-05-02,유튜브(영상),[YouTube] [테슬라연구소]테슬LAB,[영상] 차 사고 날 뻔 미리 알아보는 겨울철 회생제동 주의점 #테슬라yl #전기차 #모델yl (조회수 1138회),https://www.youtube.com/watch?v=4prBPiK9Sh0,2026-05-02 08:33
2026-05-02,이브이시스,"전기차동호회-아이오닉5 6 9,EV3 EV4 EV5 EV6 EV9,테슬라모델Y 3",5N/6N 인제스피디움 무료충전 사후처리 된대요,https://cafe.naver.com/allfm01/2041429,2026-05-02 08:32
2026-05-02,유튜브(영상),[YouTube] 티쓰리,"[영상] 테슬라 테슬라 슈퍼차저 줄서기 싸움, 이제 앱이 해결한다 — 가상 대기열 시스템 완전 분석슈퍼차저에서 주먹다짐까지 났던 이유, 테슬라가 드디어 손봤습니다 (조회수 2240회)",https://www.youtube.com/watch?v=3FmP8Q1vJiM,2026-05-02 08:33
2026-05-02,유튜브(영상),[YouTube] 티쓰리,"[영상] 테슬라 테슬라 슈퍼차저 줄서기 싸움, 이제 앱이 해결한다 — 테슬라 내비가 ""저기로 가세요""라고 말하는 순간, 이 AI가 이미 계산 끝냈다 (조회수 1024회)",https://www.youtube.com/watch?v=B6CoCBrMo8Y,2026-05-02 08:33
2026-05-02,이브이시스,"전기차동호회-아이오닉5 6 9,EV3 EV4 EV5 EV6 EV9,테슬라모델Y 3",전기요금 에버온 296원으로 SK일렉트릭 마스터 구독요금 비교,https://cafe.naver.com/allfm01/2041483,2026-05-02 08:32
2026-05-02,유튜브(영상),[YouTube] 티쓰리,"[영상] 테슬라 2026년 테슬라 자율주행의 가장 큰 약점, 드디어 잡힌다 — FSD 내비게이션 오류 리포트 전면 개편 (조회수 1516회)",https://www.youtube.com/watch?v=1sLQh0UXGmc,2026-05-02 08:33
2026-05-02,유튜브(영상),[YouTube] 티쓰리,[영상] 테슬라2026년 테슬라의 진짜 계획 — 애리조나에 비공개 충전소 56기 착공Cybercab 전용 충전 인프라 첫 공개 — 테슬라가 이미 한발 앞서 있었다 (조회수 1003회),https://www.youtube.com/watch?v=Pi1dFaiWbcY,2026-05-02 08:33
2026-05-02,유튜브(영상),[YouTube]  YTN,[영상] 고유가에 '전기차'로 환승...누적 100만 대 돌파 / YTN (조회수 544회),https://www.youtube.com/watch?v=l8YbsZZaPSc,2026-05-02 08:33
2026-05-02,유튜브(영상),[YouTube] 티쓰리,"[영상] 테슬라 테슬라 슈퍼차저 줄서기 싸움, 이제 앱이 해결한다 — 가상 대기열 시스템 완전 분석슈퍼차저에서 주먹다짐까지 났던 이유, 테슬라가 드디어 손봤습니다 (조회수 959회)",https://www.youtube.com/watch?v=NTpBdcF9iig,2026-05-02 08:33
2026-05-02,유튜브(영상),[YouTube] 티쓰리,"[영상] 테슬라 2026년 테슬라 자율주행의 가장 큰 약점, 드디어 잡힌다 — FSD 내비게이션 오류 리포트 전면 개편 (조회수 912회)",https://www.youtube.com/watch?v=w61sZBsAHqo,2026-05-02 08:33
2026-05-02,유튜브(영상),[YouTube] All carzero 올카제로 ,[영상] 주행거리·충전·실내까지 손봤다…Q4 e-트론 반격 시작 #아우디Q4이트론 #더뉴Q4이트론 #Q4이트론공개 #자동차 #카제로 (조회수 473회),https://www.youtube.com/watch?v=8Vp1QvtOcbw,2026-05-02 08:33
2026-05-02,유튜브(영상),[YouTube] 주식연구소,[영상] [*채비*] *핵심 편집* 5월1일 단독 월가에서 드러나고 있는 5월의 실체. '이것' 모르면 털립니다. (조회수 90회),https://www.youtube.com/watch?v=3wk6a93hDCM,2026-05-02 08:33
2026-05-02,유튜브(영상),[YouTube] 티쓰리,"[영상] 테슬라 2026년 테슬라 자율주행의 가장 큰 약점, 드디어 잡힌다 — FSD 내비게이션 오류 리포트 전면 개편 (조회수 53회)",https://www.youtube.com/watch?v=IADeFLqFV14,2026-05-02 08:33
2026-05-02,유튜브(영상),[YouTube] 위카츄,"[영상] 전기차 배터리 2배 오래 쓰는 꿀팁!👉 “급속충전 줄이고, 20~80% 유지하면서, 열 안 받게 관리하면 오래 쓴다” (조회수 43회)",https://www.youtube.com/watch?v=UCP9hJ9NTOM,2026-05-02 08:33
2026-05-02,유튜브(영상),[YouTube] 티쓰리,"[영상] 테슬라 모델Y L, 미국 출시 임박? 인플루언서 초청 행사가 증거인 이유2026년 테슬라 가족용 SUV의 답, 모델Y L이 미국에 오는 3가지 근거모델X 단종 후 공백 (조회수 35회)",https://www.youtube.com/watch?v=MejuQhG8dMA,2026-05-02 08:33
2026-05-02,유튜브(영상),[YouTube] 티쓰리,[영상] 테슬라2026년 테슬라의 진짜 계획 — 애리조나에 비공개 충전소 56기 착공Cybercab 전용 충전 인프라 첫 공개 — 테슬라가 이미 한발 앞서 있었다 (조회수 1001회),https://www.youtube.com/watch?v=Ffw4thV14mU,2026-05-02 08:33
2026-05-02,채비,★테슬라 [TKC] 모델S 모델3 모델X 모델Y 사이버트럭 FSD 전기차,채비 nacs용 거치대 개선 땡큐^^,https://cafe.naver.com/noljatravel/1646580,2026-05-02 08:32
2026-05-02,일렉링크,★테슬라 [TKC] 모델S 모델3 모델X 모델Y 사이버트럭 FSD 전기차,sk 일렉링크 충전소에 에버온포인트로 충전 가능한가요??,https://cafe.naver.com/noljatravel/1646655,2026-05-02 08:31
2026-05-02,일렉링크,현대 아이오닉9 오너스 - 나이너스,일렉링크 충전 후기....,https://cafe.naver.com/ioniq9owners/25136,2026-05-02 08:31
2026-05-02,일렉링크,현대 아이오닉9 오너스 - 나이너스,Sk일렉링크 충전중....,https://cafe.naver.com/ioniq9owners/25126,2026-05-02 08:31
2026-05-02,일렉링크,"전기차동호회-아이오닉5 6 9,EV3 EV4 EV5 EV6 EV9,테슬라모델Y 3",SK일렉링크 이벤트 충전 완료^^,https://cafe.naver.com/allfm01/2041473,2026-05-02 08:31
2026-05-02,일렉링크,"전기차동호회-아이오닉5 6 9,EV3 EV4 EV5 EV6 EV9,테슬라모델Y 3",일렉링크 충전 환급 이벤트 좋네요,https://cafe.naver.com/allfm01/2041453,2026-05-02 08:31
2026-05-02,일렉링크,"전기차동호회-아이오닉5 6 9,EV3 EV4 EV5 EV6 EV9,테슬라모델Y 3",SK일렉링크 이벤트 충전 했습니다.,https://cafe.naver.com/allfm01/2041451,2026-05-02 08:31
2026-05-02,일렉링크,"전기차동호회-아이오닉5 6 9,EV3 EV4 EV5 EV6 EV9,테슬라모델Y 3",SK일렉링크 기아 포인트 등록,https://cafe.naver.com/allfm01/2041504,2026-05-02 08:31
2026-05-02,일렉링크,★테슬라 [TKC] 모델S 모델3 모델X 모델Y 사이버트럭 FSD 전기차,환경부 50kw 속도 저하 문제,https://cafe.naver.com/noljatravel/1646983,2026-05-02 08:31
2026-05-02,일렉링크,현대 아이오닉9 오너스 - 나이너스,sk 일렉링크 이벤트 계정 하나 파서 참전 하세요,https://cafe.naver.com/ioniq9owners/25076,2026-05-02 08:31
2026-05-02,일렉링크,현대 아이오닉9 오너스 - 나이너스,오늘도 장거리 예정인데 일렉링크 질문,https://cafe.naver.com/ioniq9owners/25056,2026-05-02 08:31
2026-05-02,일렉링크,★테슬라 [TKC] 모델S 모델3 모델X 모델Y 사이버트럭 FSD 전기차,올해 일렉링크에서 급속 충전 안하신분은,https://cafe.naver.com/noljatravel/1646612,2026-05-02 08:31
2026-05-02,일렉링크,현대 아이오닉9 오너스 - 나이너스,sk일렉링크 캐시백 카톡 바로 옵니다,https://cafe.naver.com/ioniq9owners/25096,2026-05-02 08:31
2026-05-03,이브이시스,"전기차동호회-아이오닉5 6 9,EV3 EV4 EV5 EV6 EV9,테슬라모델Y 3",이브이시스 가격 올랐나요? ㅜㅜ,https://cafe.naver.com/allfm01/2042321,2026-05-03 08:29
2026-05-03,유튜브(영상),[YouTube] 이거?,[영상] 전기차 오너들 멘붕 충격적 요금 폭탄 사태 #전기차 #전기차충전 #전기차요금 #자동차 #전기차단점 (조회수 3136회),https://www.youtube.com/watch?v=-dC3eHWuP5g,2026-05-03 08:29
2026-05-03,유튜브(영상),[YouTube]  YTN,[영상] 고유가에 '전기차'로 환승...누적 100만 대 돌파 / YTN (조회수 1944회),https://www.youtube.com/watch?v=zzXFaTCyO9M,2026-05-03 08:29
2026-05-03,유튜브(영상),[YouTube] KoreaDrive,[영상] 현대가 미쳤다! 스타리아 전기차 공개…20분 충전에 387km 주행 가능! (조회수 477회),https://www.youtube.com/watch?v=cTk6UDBLL0M,2026-05-03 08:29
2026-05-03,유튜브(영상),[YouTube] GreenSpark그린스파크 | 전기차 충전 초보 가이드 ,"[영상] 전기차 충전요금, 충전기마다 다른 이유 (조회수 424회)",https://www.youtube.com/watch?v=t3gGwAHwsbY,2026-05-03 08:29
2026-05-03,유튜브(영상),[YouTube] EVNode,[영상] 개편된 전기차 요금에 따른 내 전기차 충전요금 변화는 (New EV Charging Rates: How Much More (or Less) Will You Pay?) (조회수 324회),https://www.youtube.com/watch?v=sZRLn73Apj0,2026-05-03 08:29
2026-05-03,유튜브(영상),[YouTube] GreenSpark그린스파크 | 전기차 충전 초보 가이드 ,"[영상] 전기차 주말 충전, 이 시간대가 핵심 | 전기차 (조회수 1288회)",https://www.youtube.com/watch?v=mGT8EIeYQRI,2026-05-03 08:29
2026-05-03,일렉링크,현대 아이오닉9 오너스 - 나이너스,sk일렉링크 포인트 사용방법 궁금합니다,https://cafe.naver.com/ioniq9owners/25149,2026-05-03 08:27
2026-05-03,일렉링크,현대 아이오닉9 오너스 - 나이너스,SK일렉링크 충전,https://cafe.naver.com/ioniq9owners/25160,2026-05-03 08:27
2026-05-03,일렉링크,★테슬라 [TKC] 모델S 모델3 모델X 모델Y 사이버트럭 FSD 전기차,첫 충전을 해보았습니다,https://cafe.naver.com/noljatravel/1648432,2026-05-03 08:27
2026-05-03,일렉링크,"전기차동호회-아이오닉5 6 9,EV3 EV4 EV5 EV6 EV9,테슬라모델Y 3",SK일렉링크 첫충전해봐요~,https://cafe.naver.com/allfm01/2042070,2026-05-03 08:27
2026-05-03,일렉링크,★ 아이오닉 공식 동호회 [아이오닉 멤버스] 아이오닉 5 6 7 9 N,sk 일렉링크 350kw 속도 충전했는데,https://cafe.naver.com/cafeclip/1305688,2026-05-03 08:27
2026-05-03,일렉링크,★ EV9 공식동호회 [EV9 오너스클럽] EV9 대표카페 전기차보조금,SK일렉링크 충전 이벤트 좋네요,https://cafe.naver.com/terror4u/1406736,2026-05-03 08:27
2026-05-03,일렉링크,현대 아이오닉9 오너스 - 나이너스,"일렉링크 행사, 좋네요.",https://cafe.naver.com/ioniq9owners/25161,2026-05-03 08:27
2026-05-03,일렉링크,"전기차동호회-아이오닉5 6 9,EV3 EV4 EV5 EV6 EV9,테슬라모델Y 3",일렉링크 페이백 이벤트 잘 생각하고 하세용,https://cafe.naver.com/allfm01/2042007,2026-05-03 08:27
2026-05-04,일렉링크,클럽 테슬라 [Club Tesla] 모델S 모델3 모델X 모델Y RWD,일렉링크 충전이벤트,https://cafe.naver.com/foryoucom/378446,2026-05-04 08:27
2026-05-04,유튜브(영상),[YouTube] 지혜로운생활백과,"[영상] 전국민 92%가 손해보고 있었습니다. ""세탁기, 에어컨 저녁 사용 금지!!"" '이 시간'에 전기쓰면 세금폭탄 맞습니다. 싹 바뀐 전기요금 개편안 총정리 (조회수 142회)",https://www.youtube.com/watch?v=Yn_NE0Ormes,2026-05-04 08:29
2026-05-04,유튜브(영상),[YouTube] 장기렌트 리스에 대한 모든 CAR톡,[영상] 듀얼 충전구에 실내 V2L까지? 카니발 차주들 배 아플 스타리아 일렉트릭 실구매가 & 할인 총정리 (조회수 189회),https://www.youtube.com/watch?v=25-sc4CBy60,2026-05-04 08:29
2026-05-04,유튜브(영상),[YouTube] GreenSpark그린스파크 | 전기차 충전 초보 가이드 ,[영상] 고속도로 휴게소 공공 급속충전 | 전기차|충전요금개편 (조회수 1581회),https://www.youtube.com/watch?v=3vSiKcbU3pY,2026-05-04 08:29
2026-05-04,유튜브(영상),[YouTube] sejiwork,"[영상] 피카츄 한 마리면 전기차 완충될까, 차단기가 먼저 떨어질까? (조회수 1918회)",https://www.youtube.com/watch?v=ffsnUzIfMZ8,2026-05-04 08:29
2026-05-04,일렉링크,"전기차동호회-아이오닉5 6 9,EV3 EV4 EV5 EV6 EV9,테슬라모델Y 3","sk일렉링크 이벤트 24,179C적립예정",https://cafe.naver.com/allfm01/2042725,2026-05-04 08:27
2026-05-04,유튜브(영상),[YouTube] 주식투자연구소장,[영상] 휴맥스(115160): 하드웨어에서 모빌리티·전기차 충전 플랫폼으로의 대전환과 2026년 실적 턴어라운드 분석 (조회수 38회),https://www.youtube.com/watch?v=3ATFxK0Rjpk,2026-05-04 08:29
2026-05-04,일렉링크,"전기차동호회-아이오닉5 6 9,EV3 EV4 EV5 EV6 EV9,테슬라모델Y 3",sk일렉링크,https://cafe.naver.com/allfm01/2042763,2026-05-04 08:27
2026-05-04,일렉링크,현대 아이오닉9 오너스 - 나이너스,일렉링크 1번 타먹고 두번째는...,https://cafe.naver.com/ioniq9owners/25268,2026-05-04 08:27
2026-05-04,일렉링크,"전기차동호회-아이오닉5 6 9,EV3 EV4 EV5 EV6 EV9,테슬라모델Y 3",급충) 150kw..고창 고인돌 휴게소,https://cafe.naver.com/allfm01/2042822,2026-05-04 08:27
2026-05-04,일렉링크,★현대 아이오닉9 공식 동호회-아이오닉9 클럽 [나인클] 보조금,SK일렉링크 이벤트 충전 이용,https://cafe.naver.com/optimusex119/209888,2026-05-04 08:27
2026-05-04,일렉링크,현대 아이오닉9 오너스 - 나이너스,어젠 첫 완속충전. 오늘은 첫 급속충전!,https://cafe.naver.com/ioniq9owners/25276,2026-05-04 08:27
2026-05-04,일렉링크,"전기차동호회-아이오닉5 6 9,EV3 EV4 EV5 EV6 EV9,테슬라모델Y 3",sk일렉링크 26년 처음 충전이라 이벤트참여,https://cafe.naver.com/allfm01/2042929,2026-05-04 08:27
2026-05-04,일렉링크,EV9 MANIA [기아 EV9 공식 오너 커뮤니티],sk일렉링크 이벤트 충전,https://cafe.naver.com/myev9/2710,2026-05-04 08:27
2026-05-04,일렉링크,"전기차동호회-아이오닉5 6 9,EV3 EV4 EV5 EV6 EV9,테슬라모델Y 3",sk일렉링크 급속충전 환급이벤트 좋네요,https://cafe.naver.com/allfm01/2042758,2026-05-04 08:27
2026-05-05,채비,★테슬라 [TKC] 모델S 모델3 모델X 모델Y 사이버트럭 FSD 전기차,허허허 채비녀석 선물인가?,https://cafe.naver.com/noljatravel/1650011,2026-05-05 08:32
2026-05-05,채비,★테슬라 [TKC] 모델S 모델3 모델X 모델Y 사이버트럭 FSD 전기차,바로채비 이벤트 문의 드려용.~,https://cafe.naver.com/noljatravel/1649990,2026-05-05 08:32
2026-05-05,유튜브(영상),[YouTube] 태티비 TAE TV,[영상] DC콤보? 완속? 급속? 테슬라 초보 오너라면 무조건 봐야 할 충전 가이드 (feat. FSD) (조회수 81회),https://www.youtube.com/watch?v=oUIFRUnoFl4,2026-05-05 08:32
2026-05-05,유튜브(영상),[YouTube] NBS투데이,"[영상] 전기차 충전요금, 느리면 인하·매우 빠르면 인상 (조회수 2973회)",https://www.youtube.com/watch?v=WD3w1m9AG30,2026-05-05 08:32
2026-05-05,유튜브(영상),[YouTube] 굳맨TV GOODMANTV,[영상] 포르쉐 카이엔 ! 전기차 일렉트릭 리뷰! 살까?사? (조회수 1429회),https://www.youtube.com/watch?v=zjF505F7Jtk,2026-05-05 08:32
2026-05-05,유튜브(영상),[YouTube] GreenSpark그린스파크 | 전기차 충전 초보 가이드 ,"[영상] 충전소에서 헷갈리는 순간,이렇게 하세요 | 전기차충전 | 전기차충전순서 (조회수 629회)",https://www.youtube.com/watch?v=os5089_6h4A,2026-05-05 08:32
2026-05-05,유튜브(영상),[YouTube] 티쓰리,"[영상] 테슬라 테슬라 사이버캡, 이제 교통 딱지 맞는다 — 캘리포니아가 로보택시 시대의 규칙을 바꿨습니다2026년 7월 1일부터 달라지는 것 — 운전자 없는 차에 드디어 벌점이 생겼습니다 (조회수 54회)",https://www.youtube.com/watch?v=0FXFlimjxu8,2026-05-05 08:32
2026-05-05,유튜브(영상),[YouTube] 안될공학 - IT 테크 신기술,[영상] 고속충전은 나쁜가? 80% 충전하면 다 되나? 배터리 충전 오해와 진실 총정리 (조회수 9325회),https://www.youtube.com/watch?v=BjLWehCRD9U,2026-05-05 08:32
2026-05-05,채비,클럽비야디™ BYD 돌핀 아토3 씰 씨라이언7 PHEV BYD 공식동호회,채비 충전 그레딧 증정 이벤트(5/1 ~ 5/31),https://cafe.naver.com/bing11/50103,2026-05-05 08:32
2026-05-05,일렉링크,★BYD 비야디 전기차 공식동호회[BYD 오너스]아토3 씰 씨라이언7,충전요금. 카드 할인이 상당하네요.,https://cafe.naver.com/rlfnrl2034/2093761,2026-05-05 08:30
2026-05-05,일렉링크,"전기차동호회-아이오닉5 6 9,EV3 EV4 EV5 EV6 EV9,테슬라모델Y 3",SK일렉링크 26년 첫 충전 이벤트 참여,https://cafe.naver.com/allfm01/2043386,2026-05-05 08:30
2026-05-05,일렉링크,현대 아이오닉9 오너스 - 나이너스,SK일렉링크 급속충전기 미출차 요금 부과???,https://cafe.naver.com/ioniq9owners/25390,2026-05-05 08:30
2026-05-05,일렉링크,★테슬라 놀이터 [TPG] 모델S 모델3 모델X 모델Y 사이버트럭,SK일렉링크 이벤트,https://cafe.naver.com/25tsefse/4070,2026-05-05 08:30
2026-05-05,일렉링크,"전기차동호회-아이오닉5 6 9,EV3 EV4 EV5 EV6 EV9,테슬라모델Y 3",sk일렉링크 급속충천 이벤트..,https://cafe.naver.com/allfm01/2043098,2026-05-05 08:30
2026-05-06,유튜브(영상),[YouTube] SAF Auto,"[영상] 이 전기 SUV, 테슬라 잡는다?! ⚡ 기아 EV6 리뷰 (조회수 33회)",https://www.youtube.com/watch?v=dRr8WH4V4oY,2026-05-06 08:31
2026-05-06,유튜브(영상),[YouTube] GreenSpark그린스파크 | 전기차 충전 초보 가이드 ,[영상] 충전소 도착하면 제일 먼저 이거부터 하세요| 전기차 충전 순서 (조회수 463회),https://www.youtube.com/watch?v=649bnUnQnx4,2026-05-06 08:31
2026-05-06,유튜브(영상),[YouTube] 차생활꿀팁,"[영상] 전기차 100% 충전, 매일 하면 손해일 수 있습니다 (조회수 1924회)",https://www.youtube.com/watch?v=IeyqfmBqB9M,2026-05-06 08:31
2026-05-06,일렉링크,"★폴스타 공식 동호회 ★ 볼보 폴스타2, 폴스타3, 4, 5 전기차",휴게소의 SK일렉링크 200kW 충전기 충전속도,https://cafe.naver.com/hamseang/117263,2026-05-06 08:29
2026-05-06,일렉링크,★테슬라 [TKC] 모델S 모델3 모델X 모델Y 사이버트럭 FSD 전기차,SK일렉링크로 테슬라 충전하면 왜 90% 까지만 충전될까요?,https://cafe.naver.com/noljatravel/1652396,2026-05-06 08:29
2026-05-06,일렉링크,★ 아이오닉 공식 동호회 [아이오닉 멤버스] 아이오닉 5 6 7 9 N,sk일렉링크에서 급속충전 이벤트있어서 충전하고 왔어요.,https://cafe.naver.com/cafeclip/1306013,2026-05-06 08:29
2026-05-06,일렉링크,현대 아이오닉9 오너스 - 나이너스,SK일렉링크 최대한 이용하기~~!!,https://cafe.naver.com/ioniq9owners/25484,2026-05-06 08:29
2026-05-06,일렉링크,★ 아이오닉 공식 동호회 [아이오닉 멤버스] 아이오닉 5 6 7 9 N,SK일렉링크 포인트 사용방법 문의,https://cafe.naver.com/cafeclip/1306031,2026-05-06 08:29
2026-05-06,일렉링크,"전기차동호회-아이오닉5 6 9,EV3 EV4 EV5 EV6 EV9,테슬라모델Y 3",sk일렉링크 첫급속 이벤트 결제 방법,https://cafe.naver.com/allfm01/2043972,2026-05-06 08:29
2026-05-06,일렉링크,"전기차동호회-아이오닉5 6 9,EV3 EV4 EV5 EV6 EV9,테슬라모델Y 3","SK일렉링크 이벤트 71,518 C 적립예정 ㅋ ㅋ",https://cafe.naver.com/allfm01/2044148,2026-05-06 08:29
2026-05-06,일렉링크,현대 아이오닉9 오너스 - 나이너스,충전 기록 도전 실패,https://cafe.naver.com/ioniq9owners/25452,2026-05-06 08:29
2026-05-07,유튜브(영상),[YouTube] 티쓰리,"[영상] 테슬라 테슬라 모델Y, 노르웨이 1위 석권… 전기차 점유율 97.9%의 나라에서 벌어진 일2026년 노르웨이 신차 판매 1위는 테슬라 — 내연기관차 80대밖에 안 팔린 나라의 현실 (조회수 18회)",https://www.youtube.com/watch?v=J8j_9orFSm4,2026-05-07 08:32
2026-05-07,유튜브(영상),[YouTube] 티쓰리,"[영상] 테슬라 테슬라 FSD, 유럽 트럭 인식 시작했다 — 한국은 언제?소프트웨어 업데이트 2026.14 비밀 기능 — 테슬라가 숨겨뒀던 이유테슬라 FSD 시각화, (조회수 19회)",https://www.youtube.com/watch?v=Zw1huO5VE80,2026-05-07 08:32
2026-05-07,유튜브(영상),[YouTube] EVSIS,[영상] 대세는 전기차 🚗 전기차 충전은 EVSIS! (조회수 36회),https://www.youtube.com/watch?v=BcDF8GevMg8,2026-05-07 08:32
2026-05-07,유튜브(영상),[YouTube] GreenSpark그린스파크 | 전기차 충전 초보 가이드 ,"[영상] 전기차 충전, 진짜 시작됐는지 확인하는 법 (조회수 1327회)",https://www.youtube.com/watch?v=UAoT8Naj8hc,2026-05-07 08:32
2026-05-07,유튜브(영상),[YouTube] 잼순신,"[영상] 태양광 발전 효과로 시간대별 전기요금제 개편, 전기차 충전요금도 할인 (조회수 16163회)",https://www.youtube.com/watch?v=h8eQfFU_8LM,2026-05-07 08:32
2026-05-07,이브이시스,★BYD 비야디 전기차 공식동호회[BYD 오너스]아토3 씰 씨라이언7,충전문의,https://cafe.naver.com/rlfnrl2034/2094544,2026-05-07 08:32
2026-05-07,채비,★테슬라 [TKC] 모델S 모델3 모델X 모델Y 사이버트럭 FSD 전기차,채비에서 바로채비만 되어도 훨씬 편하네요,https://cafe.naver.com/noljatravel/1653699,2026-05-07 08:32
2026-05-07,유튜브(영상),[YouTube] 메인경제TV - 상한가연구소,[영상] [*채비* 주가 전망] 신규 상장 -14.06% 폭락! 4영업일 만에 신고가 -44%! 매물대 1순위 77.6% 강한 저항 #*채비*주가전망 #*채비*목표가 #*채비* (조회수 504회),https://www.youtube.com/watch?v=hMSFTlV9E-s,2026-05-07 08:32
2026-05-07,일렉링크,현대 아이오닉9 오너스 - 나이너스,첫 SK일렉링크에서 급속충전했네요.^^,https://cafe.naver.com/ioniq9owners/25502,2026-05-07 08:31
2026-05-07,일렉링크,"전기차동호회-아이오닉5 6 9,EV3 EV4 EV5 EV6 EV9,테슬라모델Y 3",sk일렉링크 급속충전 환급 프로모션 이용후기,https://cafe.naver.com/allfm01/2044748,2026-05-07 08:31
2026-05-07,일렉링크,현대 아이오닉9 오너스 - 나이너스,SK 일렉링크 충전소마다 단가가 왜 다른건가요??,https://cafe.naver.com/ioniq9owners/25540,2026-05-07 08:31
2026-05-07,일렉링크,"전기차동호회-아이오닉5 6 9,EV3 EV4 EV5 EV6 EV9,테슬라모델Y 3",100kW급 충전소요 시간,https://cafe.naver.com/allfm01/2044785,2026-05-07 08:31
2026-05-07,일렉링크,★ 아이오닉 공식 동호회 [아이오닉 멤버스] 아이오닉 5 6 7 9 N,sk일렉링크 100kW급 고속충전,https://cafe.naver.com/cafeclip/1306137,2026-05-07 08:31
2026-05-07,일렉링크,★BYD 비야디 전기차 공식동호회[BYD 오너스]아토3 씰 씨라이언7,오토 와이퍼 문의. 및 50kw 급속 충전 속도 문의,https://cafe.naver.com/rlfnrl2034/2094629,2026-05-07 08:30
2026-05-08,유튜브(영상),[YouTube] 티쓰리,[영상] 테슬라2026년 테슬라의 진짜 계획 — 애리조나에 비공개 충전소 56기 착공Cybercab 전용 충전 인프라 첫 공개 — 테슬라가 이미 한발 앞서 있었다 (조회수 1015회),https://www.youtube.com/watch?v=ju3KKkvLkOU,2026-05-08 08:32
2026-05-08,유튜브(영상),[YouTube] 티쓰리,"[영상] 테슬라 2026년 테슬라 자율주행의 가장 큰 약점, 드디어 잡힌다 — FSD 내비게이션 오류 리포트 전면 개편 (조회수 1003회)",https://www.youtube.com/watch?v=vtgznXWPFTg,2026-05-08 08:32
2026-05-08,유튜브(영상),[YouTube] 티쓰리,[영상] 테슬라2026년 테슬라의 진짜 계획 — 애리조나에 비공개 충전소 56기 착공Cybercab 전용 충전 인프라 첫 공개 — 테슬라가 이미 한발 앞서 있었다 (조회수 982회),https://www.youtube.com/watch?v=PheSqFyPcgk,2026-05-08 08:32
2026-05-08,유튜브(영상),[YouTube] 주식 로케트,"[영상] [*채비* 충격] 윗꼬리 양봉, 지금 팔아야? | 3단계 매도법 적중·환매청구권 7/29 (조회수 12회)",https://www.youtube.com/watch?v=SkOkA5mGaJA,2026-05-08 08:32
2026-05-08,유튜브(영상),[YouTube] 세력추적TV,[영상] [*채비* 주가 전망 국내] 1위 CPO 전기차 100만대 시대 본격 수혜 #*채비* (조회수 610회),https://www.youtube.com/watch?v=E-xNvurOTvs,2026-05-08 08:32
2026-05-08,유튜브(영상),[YouTube] B tv 뉴스,"[영상] 공공 급속충전기, 주말 낮 요금 최대 15% 인하 [서울] (조회수 24회)",https://www.youtube.com/watch?v=_m8ImDzXbwc,2026-05-08 08:32
2026-05-08,유튜브(영상),[YouTube] 주주,"[영상] [아파트라이브 2편] 우리 아파트 전기차 충전 원가, 직접 계산해봤습니다 ㅡ 앞으로도 계속 자체운영 해야하는 이유 (조회수 21회)",https://www.youtube.com/watch?v=CaK9PhEndk0,2026-05-08 08:32
2026-05-08,유튜브(영상),[YouTube] 티쓰리,[영상] 테슬라2026년 테슬라의 진짜 계획 — 애리조나에 비공개 충전소 56기 착공Cybercab 전용 충전 인프라 첫 공개 — 테슬라가 이미 한발 앞서 있었다 (조회수 1113회),https://www.youtube.com/watch?v=euSa8R4-5lw,2026-05-08 08:32
2026-05-08,유튜브(영상),[YouTube] 티쓰리,[영상] 테슬라2026년 테슬라의 진짜 계획 — 애리조나에 비공개 충전소 56기 착공Cybercab 전용 충전 인프라 첫 공개 — 테슬라가 이미 한발 앞서 있었다 (조회수 962회),https://www.youtube.com/watch?v=GjS1UhjxZLo,2026-05-08 08:32
2026-05-08,유튜브(영상),[YouTube] 티쓰리,[영상] 테슬라2026년 테슬라의 진짜 계획 — 애리조나에 비공개 충전소 56기 착공Cybercab 전용 충전 인프라 첫 공개 — 테슬라가 이미 한발 앞서 있었다 (조회수 1184회),https://www.youtube.com/watch?v=db4QwJNo56U,2026-05-08 08:32
2026-05-08,워터,포항전기차협의회,현풍휴게소 창원방향 워터 급속충전소,https://cafe.naver.com/pohangevclub/44999,2026-05-08 08:31
2026-05-08,일렉링크,★테슬라 [TKC] 모델S 모델3 모델X 모델Y 사이버트럭 FSD 전기차,워터 이제 350kw 에서도 사용 가능 하네요,https://cafe.naver.com/noljatravel/1655046,2026-05-08 08:31
2026-05-08,일렉링크,★테슬라 [TKC] 모델S 모델3 모델X 모델Y 사이버트럭 FSD 전기차,차량을 곧 받아서 충전기를 준비해야하는데 추천 좀,https://cafe.naver.com/noljatravel/1656161,2026-05-08 08:31
2026-05-09,유튜브(영상),[YouTube] SBS 뉴스,[영상] 이제는 '버티기'?..아파트값 다시 상승세 / SBS / 친절한 경제 (조회수 16462회),https://www.youtube.com/watch?v=DXYkFr3oQrc,2026-05-09 08:33
2026-05-09,유튜브(영상),[YouTube] 사물의 한마디,[영상] 전기차 소유자라면 꼭 확인해야할 7가지 주의사항 꿀팁 #전기차 #테슬라 #주의사항 #꿀팁 #shorts #fyp (조회수 825회),https://www.youtube.com/watch?v=0DlXuW-p3P4,2026-05-09 08:33
2026-05-09,유튜브(영상),[YouTube] YTN 사이언스 투데이,"[영상] 서울시 ""주말 낮 공용충전기로 전기차 충전하면 요금 할인"" / YTN 사이언스 (조회수 16회)",https://www.youtube.com/watch?v=t-9xBho96U0,2026-05-09 08:33
2026-05-09,유튜브(영상),[YouTube] 김전기,[영상] 전기차 급속충전기 올바른 이용방법(2026 ver.) (조회수 1932회),https://www.youtube.com/watch?v=FA5d6zMZNYw,2026-05-09 08:33
2026-05-09,채비,포르쉐 마칸 동호회 ● 마칸 클럽 ● EV S 4S GTS 터보 전기차,채비 포르쉐 로그인,https://cafe.naver.com/theporschemacan/28393,2026-05-09 08:33
2026-05-09,일렉링크,★ 기아 EV3 공식동호회 [ EV3 오너스클럽 ] 전기차 보조금 가격,광명에서 출고하면 첫 충전은 어디서 하는게 좋을까요?,https://cafe.naver.com/musicdomain/874451,2026-05-09 08:31
2026-05-09,일렉링크,★테슬라 [TKC] 모델S 모델3 모델X 모델Y 사이버트럭 FSD 전기차,군위영천휴게소 고속충전 어뎁터 고장ㅜㅜ 도움필요합니다,https://cafe.naver.com/noljatravel/1656557,2026-05-09 08:31
2026-05-09,일렉링크,"★폴스타 공식 동호회 ★ 볼보 폴스타2, 폴스타3, 4, 5 전기차",고속충전 속도가 좋은데요?? ㅋㅋ,https://cafe.naver.com/hamseang/117592,2026-05-09 08:31
2026-05-09,일렉링크,★테슬라 [TKC] 모델S 모델3 모델X 모델Y 사이버트럭 FSD 전기차,sk일렉링크 양팔 사용 가능여부,https://cafe.naver.com/noljatravel/1658215,2026-05-09 08:31
2026-05-10,유튜브(영상),[YouTube] 티쓰리,"[영상] 테슬라 테슬라 슈퍼차저 줄서기 싸움, 이제 앱이 해결한다 — 가상 대기열 시스템 완전 분석슈퍼차저에서 주먹다짐까지 났던 이유, 테슬라가 드디어 손봤습니다 (조회수 1470회)",https://www.youtube.com/watch?v=Xq54ZhsUYZc,2026-05-10 08:31
2026-05-10,유튜브(영상),[YouTube] 티쓰리,"[영상] 테슬라 2026년 테슬라 자율주행의 가장 큰 약점, 드디어 잡힌다 — FSD 내비게이션 오류 리포트 전면 개편 (조회수 650회)",https://www.youtube.com/watch?v=fDJY8khdDk0,2026-05-10 08:31
2026-05-10,유튜브(영상),[YouTube] 티쓰리,"[영상] 테슬라 2026년 테슬라 자율주행의 가장 큰 약점, 드디어 잡힌다 — FSD 내비게이션 오류 리포트 전면 개편 (조회수 1165회)",https://www.youtube.com/watch?v=qzsAE9ThT84,2026-05-10 08:31
2026-05-10,유튜브(영상),[YouTube] 티쓰리,"[영상] 테슬라 2026년 테슬라 자율주행의 가장 큰 약점, 드디어 잡힌다 — FSD 내비게이션 오류 리포트 전면 개편 (조회수 723회)",https://www.youtube.com/watch?v=4sTkKz27AOM,2026-05-10 08:31
2026-05-10,이브이시스,"★폴스타 공식 동호회 ★ 볼보 폴스타2, 폴스타3, 4, 5 전기차",아파트 밖 충전기 충전 방법은?,https://cafe.naver.com/hamseang/117628,2026-05-10 08:30
2026-05-10,일렉링크,★테슬라 [TKC] 모델S 모델3 모델X 모델Y 사이버트럭 FSD 전기차,[실험] 50kw x 2 = 100kw ???,https://cafe.naver.com/noljatravel/1659292,2026-05-10 08:29
2026-05-10,일렉링크,■ 무쏘EV 토레스EVX 동호회 KGM 전기차 통합카페 픽업트럭 알파,sk일렉링크 충전이벤트( 충전금액 크래딧으로 돌려줘요.),https://cafe.naver.com/gosizone/350093,2026-05-10 08:29
2026-05-10,일렉링크,"★폴스타 공식 동호회 ★ 볼보 폴스타2, 폴스타3, 4, 5 전기차",기후부(환경부) 100kw 주말 할인 충전 해봤습니다.,https://cafe.naver.com/hamseang/117650,2026-05-10 08:29
2026-05-10,일렉링크,"전기차동호회-아이오닉5 6 9,EV3 EV4 EV5 EV6 EV9,테슬라모델Y 3",[후기] sk일렉링크 충전 후기 (100%페이백 이벤트),https://cafe.naver.com/allfm01/2047809,2026-05-10 08:29
2026-05-10,일렉링크,★ 기아 EV5 공식 동호회 [EV5 클럽] EV5 GT 롱레인지 보조금,출고후 첫 급속 충전 후기,https://cafe.naver.com/300200/670425,2026-05-10 08:29
2026-05-10,일렉링크,★테슬라 [TKC] 모델S 모델3 모델X 모델Y 사이버트럭 FSD 전기차,일렉링크 42100 완료,https://cafe.naver.com/noljatravel/1658493,2026-05-10 08:29
2026-05-10,일렉링크,★테슬라 [TKC] 모델S 모델3 모델X 모델Y 사이버트럭 FSD 전기차,워터 충전시..,https://cafe.naver.com/noljatravel/1658483,2026-05-10 08:29
2026-05-10,일렉링크,★테슬라 [TKC] 모델S 모델3 모델X 모델Y 사이버트럭 FSD 전기차,DC콤보 필요한가요?,https://cafe.naver.com/noljatravel/1658568,2026-05-10 08:29
2026-05-11,유튜브(영상),[YouTube] 테슬라라이프,"[영상] 🚗 테슬라 집밥 없이 한 달, 1300km 탄 충전비용 얼마나 들었을까? (조회수 1944회)",https://www.youtube.com/watch?v=b5UnpxljZY8,2026-05-11 08:33
2026-05-11,유튜브(영상),[YouTube] 티쓰리,"[영상] 테슬라 테슬라 슈퍼차저 줄서기 싸움, 이제 앱이 해결한다 — 가상 대기열 시스템 완전 분석슈퍼차저에서 주먹다짐까지 났던 이유, 테슬라가 드디어 손봤습니다 (조회수 697회)",https://www.youtube.com/watch?v=lLk99Yzf_ZM,2026-05-11 08:33
2026-05-11,유튜브(영상),[YouTube] 티쓰리,"[영상] 테슬라 2026년 테슬라 자율주행의 가장 큰 약점, 드디어 잡힌다 — FSD 내비게이션 오류 리포트 전면 개편 (조회수 947회)",https://www.youtube.com/watch?v=IEMBvFqGvNY,2026-05-11 08:33
2026-05-11,유튜브(영상),[YouTube] 티쓰리,"[영상] 테슬라 테슬라 슈퍼차저 줄서기 싸움, 이제 앱이 해결한다 — 가상 대기열 시스템 완전 분석슈퍼차저에서 주먹다짐까지 났던 이유, 테슬라가 드디어 손봤습니다 (조회수 997회)",https://www.youtube.com/watch?v=voa448BJe_k,2026-05-11 08:33
2026-05-11,유튜브(영상),[YouTube] 티쓰리,"[영상] 테슬라 2026년 테슬라 자율주행의 가장 큰 약점, 드디어 잡힌다 — FSD 내비게이션 오류 리포트 전면 개편 (조회수 1070회)",https://www.youtube.com/watch?v=_J6eboW7XIg,2026-05-11 08:33
2026-05-11,유튜브(영상),[YouTube] 티쓰리,"[영상] 테슬라 테슬라 슈퍼차저 줄서기 싸움, 이제 앱이 해결한다 — 테슬라 내비가 ""저기로 가세요""라고 말하는 순간, 이 AI가 이미 계산 끝냈다 (조회수 1131회)",https://www.youtube.com/watch?v=ujRz7f8b02E,2026-05-11 08:33
2026-05-11,유튜브(영상),[YouTube] 티쓰리,"[영상] 테슬라 테슬라 슈퍼차저 줄서기 싸움, 이제 앱이 해결한다 — 가상 대기열 시스템 완전 분석슈퍼차저에서 주먹다짐까지 났던 이유, 테슬라가 드디어 손봤습니다 (조회수 1311회)",https://www.youtube.com/watch?v=IrESlotirEM,2026-05-11 08:33
2026-05-11,유튜브(영상),[YouTube] 슈미허비,[영상] (kgm) 유일한 전기 픽업트럭 무쏘ev 급속충전 중 #shorts #kgm #무쏘ev #픽업트럭 #전기차 #급속충전기 (조회수 3278회),https://www.youtube.com/watch?v=-GRwqT9M6q4,2026-05-11 08:33
2026-05-11,일렉링크,포항전기차협의회,"SK일렉링크, 고속도로 휴게소 구독 요금제 적용",https://cafe.naver.com/pohangevclub/45008,2026-05-11 08:32
2026-05-11,일렉링크,현대 아이오닉9 오너스 - 나이너스,sk일렉링크 포인크 사용방법 문의,https://cafe.naver.com/ioniq9owners/25923,2026-05-11 08:32
2026-05-11,일렉링크,"전기차동호회-아이오닉5 6 9,EV3 EV4 EV5 EV6 EV9,테슬라모델Y 3",일렉링크 기회 한번 날렸네요 ㅋㅋ,https://cafe.naver.com/allfm01/2048525,2026-05-11 08:32
2026-05-11,일렉링크,"전기차동호회-아이오닉5 6 9,EV3 EV4 EV5 EV6 EV9,테슬라모델Y 3",일렉링크 5월 이벤트충전...,https://cafe.naver.com/allfm01/2048583,2026-05-11 08:32
2026-05-11,채비,"전기차동호회-아이오닉5 6 9,EV3 EV4 EV5 EV6 EV9,테슬라모델Y 3",아우디 화이트카드 채비 100만원,https://cafe.naver.com/allfm01/2048157,2026-05-11 08:33
2026-05-12,채비,"전기차동호회-아이오닉5 6 9,EV3 EV4 EV5 EV6 EV9,테슬라모델Y 3",대영채비에서 만든 제네시스 전용 충전기 혹시 잘 아시는분 계실까요?,https://cafe.naver.com/allfm01/2049223,2026-05-12 08:33
2026-05-12,일렉링크,"전기차동호회-아이오닉5 6 9,EV3 EV4 EV5 EV6 EV9,테슬라모델Y 3",SK일렉링크 200kw 단독 충전속도..,https://cafe.naver.com/allfm01/2049178,2026-05-12 08:32
2026-05-12,유튜브(영상),[YouTube] 담양애꽃,"[영상] ​전기차 충전 걱정은 담양애꽃에 맡기세요! 완속·급속 충전기 3대 완비. 식사하시는 동안 마음까지 든든하게  채워드립니다.이제 편안하게 누리세요. 담양군 봉산면 죽향대로 723"" (조회수 1548회)",https://www.youtube.com/watch?v=Nw4b5qDcuZs,2026-05-12 08:34
2026-05-12,유튜브(영상),[YouTube] 뉴파민,[영상] 저녁 6시 이후 전기요금 인상?” 정부 발표 진실 (조회수 720회),https://www.youtube.com/watch?v=h4j53rOJeiI,2026-05-12 08:34
2026-05-12,유튜브(영상),[YouTube] 고마조씨 뉴스,[영상] [팩트체크] 퇴근하고 전기쓰면 요금 더 낸다고?…가정용엔 적용 안 돼 (조회수 424회),https://www.youtube.com/watch?v=2wRgh8v3QD8,2026-05-12 08:34
2026-05-12,유튜브(영상),[YouTube] 티쓰리,[영상] 테슬라 테슬라 2026 스프링 업데이트 - 드디어 강아지 말고 고양이도 된다테슬라 펫 모드 공개 - 이름까지 뜨는 새 아바타 3종 완전 정리Dog Mode → Pet Mode로 (조회수 51회),https://www.youtube.com/watch?v=i5wTpmHLl90,2026-05-12 08:34
2026-05-12,유튜브(영상),[YouTube] 티쓰리,"[영상] 테슬라사이버트럭 월 리스료 12% 올랐다 — 테슬라가 지금 이 타이밍에 올린 진짜 이유월 149만 원짜리 트럭, 그런데 사람들이 더 줄 섰다 — 2026 사이버트럭 리스 완전 분석 (조회수 12회)",https://www.youtube.com/watch?v=ATqb3oBWH04,2026-05-12 08:34
2026-05-12,유튜브(영상),[YouTube] 경욱이형 전기차 상담소,"[영상] 전기차 충전비, 이제 끝났다는 이유 (조회수 1618회)",https://www.youtube.com/watch?v=AsW2FyXZWBU,2026-05-12 08:34
2026-05-12,일렉링크,"전기차동호회-아이오닉5 6 9,EV3 EV4 EV5 EV6 EV9,테슬라모델Y 3",차가 문제인걸까요 충전기가 문제인걸까요,https://cafe.naver.com/allfm01/2049276,2026-05-12 08:32
2026-05-12,일렉링크,현대 아이오닉9 오너스 - 나이너스,급속 충전만 꽂았네요 ^^,https://cafe.naver.com/ioniq9owners/25987,2026-05-12 08:32
2026-05-12,일렉링크,"★폴스타 공식 동호회 ★ 볼보 폴스타2, 폴스타3, 4, 5 전기차",첫 전기차 충전 질문입니다.. 답변 부탁드립니다.,https://cafe.naver.com/hamseang/117855,2026-05-12 08:32
2026-05-12,일렉링크,"전기차동호회-아이오닉5 6 9,EV3 EV4 EV5 EV6 EV9,테슬라모델Y 3",SK일렉링크 충전 후기,https://cafe.naver.com/allfm01/2049719,2026-05-12 08:32
2026-05-12,일렉링크,『 아우디 e트론 공식 카페 』 아우디 이트론 Q4 Q6 A6 전기차,생애 최고 충전 속도 나와서 공유합니다,https://cafe.naver.com/qkffks1/30954,2026-05-12 08:32
2026-05-12,일렉링크,"전기차동호회-아이오닉5 6 9,EV3 EV4 EV5 EV6 EV9,테슬라모델Y 3",완속 319 (프로모션 종료) vs 급속 347 (환경부로밍),https://cafe.naver.com/allfm01/2049613,2026-05-12 08:32
2026-05-12,일렉링크,★테슬라 [TKC] 모델S 모델3 모델X 모델Y 사이버트럭 FSD 전기차,SK 일렉링크 350kw 초급속 충전기 신형 DC콤보 허용여부에 대한 답변,https://cafe.naver.com/noljatravel/1661806,2026-05-12 08:32
2026-05-12,일렉링크,"전기차동호회-아이오닉5 6 9,EV3 EV4 EV5 EV6 EV9,테슬라모델Y 3",sk 일렉링크 이벤트 참여 했습니다,https://cafe.naver.com/allfm01/2049688,2026-05-12 08:32
2026-05-12,일렉링크,현대 아이오닉9 오너스 - 나이너스,"완속 vs 급속, 손실률 관련 문의 드립니다",https://cafe.naver.com/ioniq9owners/26024,2026-05-12 08:32
2026-05-12,일렉링크,★BYD 비야디 전기차 공식동호회[BYD 오너스]아토3 씰 씨라이언7,SK일렉링크 급속 충전 오류 문의,https://cafe.naver.com/rlfnrl2034/2096860,2026-05-12 08:32
2026-05-12,일렉링크,"전기차동호회-아이오닉5 6 9,EV3 EV4 EV5 EV6 EV9,테슬라모델Y 3",전기차 충전 구독 장점,https://cafe.naver.com/allfm01/2049796,2026-05-12 08:32
2026-05-12,일렉링크,현대 아이오닉9 오너스 - 나이너스,5월 SK-일렉링크 무료 충전 4번중 다들 몇번 사용했을까요?,https://cafe.naver.com/ioniq9owners/26022,2026-05-12 08:32
2026-05-12,일렉링크,★BYD 비야디 전기차 공식동호회[BYD 오너스]아토3 씰 씨라이언7,돌핀 10일 사용기 +악세사리 +충전 +연료비 +잡다한 팁~,https://cafe.naver.com/rlfnrl2034/2096817,2026-05-12 08:32
2026-05-13,유튜브(영상),[YouTube] 티쓰리,"[영상] 테슬라 테슬라 슈퍼차저 줄서기 싸움, 이제 앱이 해결한다 — 가상 대기열 시스템 완전 분석슈퍼차저에서 주먹다짐까지 났던 이유, 테슬라가 드디어 손봤습니다 (조회수 781회)",https://www.youtube.com/watch?v=-5ANUqRpOYM,2026-05-13 08:37
2026-05-13,유튜브(영상),[YouTube] 여의도머니투자,[영상] [*채비* 긴급분석] 🚀저녁 긴급점검! 고점에 물리신 주주님들 꼭 보세요!  -7.76% 폭락의 소름 돋는 진실! 100만대 시대 1위 CPO 기업의 2차 폭등 완벽해부! 📈 (조회수 17회),https://www.youtube.com/watch?v=SgBvIFjDlC4,2026-05-13 08:37
2026-05-13,유튜브(영상),[YouTube] 티쓰리,"[영상] 테슬라 사이버트럭 $59,990 AWD, 드디어 생산 시작됐다 — 기가 텍사스 드론 영상 포착2026년 테슬라 기가 텍사스 근황: 사이버트럭 신형·사이버캡 동시 가동 중 (조회수 24회)",https://www.youtube.com/watch?v=QQ60DO8yHZ8,2026-05-13 08:37
2026-05-13,유튜브(영상),[YouTube] 티쓰리,"[영상] 테슬라 2026년 테슬라 자율주행의 가장 큰 약점, 드디어 잡힌다 — FSD 내비게이션 오류 리포트 전면 개편 (조회수 43회)",https://www.youtube.com/watch?v=Jm0-75_O-pw,2026-05-13 08:37
2026-05-13,유튜브(영상),[YouTube] 여의도부자개미,"[영상] [*채비* 긴급분석] 🚀 고점주주님들, 내일 이가격에서 00하세요!! -7.76% 폭락의 소름 돋는 진실! 100만대 시대 1위 CPO 기업의 2차 폭등 📈 (조회수 108회)",https://www.youtube.com/watch?v=PmWONlyD8mU,2026-05-13 08:37
2026-05-13,유튜브(영상),[YouTube] 티쓰리,"[영상] 테슬라 테슬라 슈퍼차저 줄서기 싸움, 이제 앱이 해결한다 — 가상 대기열 시스템 완전 분석슈퍼차저에서 주먹다짐까지 났던 이유, 테슬라가 드디어 손봤습니다 (조회수 550회)",https://www.youtube.com/watch?v=McczuImmwBE,2026-05-13 08:37
2026-05-13,유튜브(영상),[YouTube] 티쓰리,"[영상] 테슬라 테슬라 슈퍼차저 줄서기 싸움, 이제 앱이 해결한다 — 테슬라 내비가 ""저기로 가세요""라고 말하는 순간, 이 AI가 이미 계산 끝냈다 (조회수 613회)",https://www.youtube.com/watch?v=omymvKleABM,2026-05-13 08:37
2026-05-13,유튜브(영상),[YouTube] 티쓰리,"[영상] 테슬라 2026년 테슬라 자율주행의 가장 큰 약점, 드디어 잡힌다 — FSD 내비게이션 오류 리포트 전면 개편 (조회수 703회)",https://www.youtube.com/watch?v=KrUPGqvsy7s,2026-05-13 08:37
2026-05-13,유튜브(영상),[YouTube] 티쓰리,[영상] 테슬라 테슬라 앱 업데이트로 중고차 배터리 사기 이제 끝납니다 — Model 3·Y·S·X 전부 해당2026년 테슬라가 조용히 바꿔버린 것 — 중고 전기차 시장이 완전히 달라졌다 (조회수 13회),https://www.youtube.com/watch?v=mKqOE_mVxUU,2026-05-13 08:37
2026-05-13,유튜브(영상),[YouTube] 티쓰리,"[영상] 테슬라 2026년 테슬라 자율주행의 가장 큰 약점, 드디어 잡힌다 — FSD 내비게이션 오류 리포트 전면 개편 (조회수 901회)",https://www.youtube.com/watch?v=agqRKPaLFFk,2026-05-13 08:37
2026-05-13,일렉링크,★테슬라 [TKC] 모델S 모델3 모델X 모델Y 사이버트럭 FSD 전기차,SK 일렉링크 350kw 신형 DC콤보어뎁터 사용가능여부 재문의 답변,https://cafe.naver.com/noljatravel/1662762,2026-05-13 08:35
2026-05-13,일렉링크,★SEXY TESLA★ 테슬라 비영리 전기차 카페(모델3 모델Y 모델SX),"SK일렉 링크 430원 ! 헉..,",https://cafe.naver.com/sexytesla/22264,2026-05-13 08:35
2026-05-13,유튜브(영상),[YouTube] 테슬라타는가족,[영상] 테슬라 충전 이게 전부입니다 (조회수 13310회),https://www.youtube.com/watch?v=tHdXOeVJq7E,2026-05-13 08:37
2026-05-14,유튜브(영상),[YouTube] 티쓰리,"[영상] 테슬라테슬라 FSD, 유럽 뚫었다 — 네덜란드 승인 후 아일랜드까지 번진 이유2026년 여름, 유럽에서 테슬라 자율주행 탄다? 국가별 승인 현황 총정리테슬라 FSD 유 (조회수 13회)",https://www.youtube.com/watch?v=18kxRChGgws,2026-05-14 08:37
2026-05-14,유튜브(영상),[YouTube] 노보스인더스트리 NOBOSSINDUSTRY,"[영상] 전기차 충전 요금 곡소리 나는 순간, 전기차 판매 와르르 무너진다! (조회수 11046회)",https://www.youtube.com/watch?v=Pvcs_nmOAkc,2026-05-14 08:37
2026-05-14,일렉링크,"전기차동호회-아이오닉5 6 9,EV3 EV4 EV5 EV6 EV9,테슬라모델Y 3",SK 일렉링크 이벤트 참여(후기),https://cafe.naver.com/allfm01/2051397,2026-05-14 08:36
2026-05-14,일렉링크,★테슬라 [TKC] 모델S 모델3 모델X 모델Y 사이버트럭 FSD 전기차,sk 일렉링크 무슨일 있나요? (속도관련),https://cafe.naver.com/noljatravel/1665706,2026-05-14 08:36
2026-05-15,이브이시스,★테슬라 슈퍼 클럽 - 모델Y 주니퍼 모델3 하이랜드 사이버트럭,EVSIS 블루멤버스포인트 이벤트하네요,https://cafe.naver.com/shootgoal/1412653,2026-05-15 08:33
2026-05-15,유튜브(영상),[YouTube] 숏트랙커,[영상] 전기차 오너들이 지금 절대 안 말한다는 후회 (조회수 1208회),https://www.youtube.com/watch?v=9pRA5GG17vw,2026-05-15 08:33
2026-05-15,유튜브(영상),[YouTube] 채비,[영상] [CHAEVI] 전기차 급속 충전 인프라 1위 '*채비*' 코스닥 상장 기념 행사 (조회수 967회),https://www.youtube.com/watch?v=9zMaG6-LpBY,2026-05-15 08:33
2026-05-15,유튜브(영상),[YouTube] 티쓰리,"[영상] 테슬라 트럼프 전용기에 스타링크 달렸다 — 젠슨 황도 함께 탄 그 비행기의 실체2026년, 에어포스원이 달라졌다 — 스타링크가 대통령 전용기를 장악한 순간 (조회수 26회)",https://www.youtube.com/watch?v=OHF2Yuisty8,2026-05-15 08:33
2026-05-15,채비,★테슬라 슈퍼 클럽 - 모델Y 주니퍼 모델3 하이랜드 사이버트럭,채비 충전은 급속이 많네요,https://cafe.naver.com/shootgoal/1412694,2026-05-15 08:33
2026-05-15,유튜브(영상),[YouTube] 스낵카,"[영상] 좋다고 소문난 테슬라 급속 충전, LFP는 다를까?  #전기차 #테슬라 #모델y #lfp배터리 (조회수 1209회)",https://www.youtube.com/watch?v=FbzxEam-sq4,2026-05-15 08:33
2026-05-15,채비,★테슬라 [TKC] 모델S 모델3 모델X 모델Y 사이버트럭 FSD 전기차,채비는 급속 위주네요...,https://cafe.naver.com/noljatravel/1667064,2026-05-15 08:33
2026-05-15,일렉링크,★테슬라 [TKC] 모델S 모델3 모델X 모델Y 사이버트럭 FSD 전기차,대구 수성구에서 충전가능한 곳 좀 알려주세요. 아버지 모시가 고향가는데 충전소 검색이 안됩니다.,https://cafe.naver.com/noljatravel/1666873,2026-05-15 08:32
2026-05-15,일렉링크,"전기차동호회-아이오닉5 6 9,EV3 EV4 EV5 EV6 EV9,테슬라모델Y 3",아파트 전기차충전 외부업체 아직도 바뀌고있나요?,https://cafe.naver.com/allfm01/2052279,2026-05-15 08:32
2026-05-15,일렉링크,"전기차동호회-아이오닉5 6 9,EV3 EV4 EV5 EV6 EV9,테슬라모델Y 3",환경부 충전카드?,https://cafe.naver.com/allfm01/2052199,2026-05-15 08:32
2026-05-15,일렉링크,현대 아이오닉9 오너스 - 나이너스,일렉링크 이벤트,https://cafe.naver.com/ioniq9owners/26412,2026-05-15 08:32
2026-05-15,워터,★테슬라 [TKC] 모델S 모델3 모델X 모델Y 사이버트럭 FSD 전기차,워터충전기 200kw or 350kw,https://cafe.naver.com/noljatravel/1667494,2026-05-15 08:32
2026-05-15,일렉링크,"전기차동호회-아이오닉5 6 9,EV3 EV4 EV5 EV6 EV9,테슬라모델Y 3",SK일렉링크 충전 페이백 이벤트 리뷰,https://cafe.naver.com/allfm01/2051982,2026-05-15 08:32
2026-05-16,유튜브(영상),[YouTube] 티쓰리,"[영상] 테슬라 2026 스타십 V3 완전 분석 추력 250tf, 랩터3 엔진 무게 105kg 감량의 진짜 의미NASA도 놀란 스타십 V3의 변화들 그리드핀 3개, 궤도 급유, 도킹 드로그 (조회수 14회)",https://www.youtube.com/watch?v=NlpPqyFeJUQ,2026-05-16 08:33
2026-05-16,유튜브(영상),[YouTube] 황금부동산의 비밀노트,"[영상] 전기차 시대, 집 고르는 기준이 바뀐다 #부동산쇼츠 #부동산정보 #전기차 #shorts (조회수 390회)",https://www.youtube.com/watch?v=Mnu56AVcT6g,2026-05-16 08:33
2026-05-16,유튜브(영상),[YouTube] IB토마토,[영상] 전기차 충전하고 돈도 번다? 현대차 V2G 확대 (조회수 1188회),https://www.youtube.com/watch?v=RJwTy9pkqb4,2026-05-16 08:33
2026-05-16,채비,"#전기차맛집▶아이오닉5 6 9,테슬라모델3 Y,EV 3 6 9 장기렌트",[CAR 브리프] 한국앤컴퍼니ㆍ한국타이어ㆍBMWㆍ지커ㆍ리본카ㆍ팅크웨어ㆍ채비ㆍ우버,https://cafe.naver.com/evkoreaplus/67825,2026-05-16 08:33
2026-05-16,일렉링크,"전기차동호회-아이오닉5 6 9,EV3 EV4 EV5 EV6 EV9,테슬라모델Y 3",SK일렉링크 이벤트후기,https://cafe.naver.com/allfm01/2052980,2026-05-16 08:32
2026-05-16,유튜브(영상),[YouTube] 에너지하우징,"[영상] 같은 100kW 충전기, 왜 소형 전기차 배터리만 망가질까 – C-rate의 진실 (조회수 179회)",https://www.youtube.com/watch?v=5PXpNFWfaM4,2026-05-16 08:33
2026-05-16,일렉링크,★BYD 비야디 전기차 공식동호회[BYD 오너스]아토3 씰 씨라이언7,아파트 충전비 얼마일까요?,https://cafe.naver.com/rlfnrl2034/2098717,2026-05-16 08:32
2026-05-16,일렉링크,"전기차동호회-아이오닉5 6 9,EV3 EV4 EV5 EV6 EV9,테슬라모델Y 3",무제한충전카드 고속도로휴게소,https://cafe.naver.com/allfm01/2053591,2026-05-16 08:32
2026-05-16,일렉링크,"전기차동호회-아이오닉5 6 9,EV3 EV4 EV5 EV6 EV9,테슬라모델Y 3",SK일렉링크 페이백 타차량은 불가한가요?,https://cafe.naver.com/allfm01/2053546,2026-05-16 08:32
2026-05-16,일렉링크,★테슬라 [TKC] 모델S 모델3 모델X 모델Y 사이버트럭 FSD 전기차,[[dc콤보]] 충전시 충전단자 확인 필수로 해야 겠습니다.. ㄷㄷ,https://cafe.naver.com/noljatravel/1669402,2026-05-16 08:32
2026-05-16,일렉링크,현대 아이오닉9 오너스 - 나이너스,일렉링크 이벤트 배우자꺼로 가입해도 가능할까요?,https://cafe.naver.com/ioniq9owners/26510,2026-05-16 08:32
2026-05-16,일렉링크,"전기차동호회-아이오닉5 6 9,EV3 EV4 EV5 EV6 EV9,테슬라모델Y 3",sk일렉링크충전80%?,https://cafe.naver.com/allfm01/2053367,2026-05-16 08:32
2026-05-16,일렉링크,★ 아이오닉 공식 동호회 [아이오닉 멤버스] 아이오닉 5 6 7 9 N,일렉링크 이벤트,https://cafe.naver.com/cafeclip/1307332,2026-05-16 08:32
2026-05-17,유튜브(영상),[YouTube] 티쓰리,"[영상] 테슬라구글이 SpaceX에 손 내밀었다 — 우주 데이터센터 시대, 2027년부터 시작된다AI 전기 먹는 속도가 일본 전체 전력 사용량 넘는다 — 그래서 구글이 우주로 간다 (조회수 10회)",https://www.youtube.com/watch?v=SVYPPBJABX0,2026-05-17 08:33
2026-05-17,워터,★테슬라 [TKC] 모델S 모델3 모델X 모델Y 사이버트럭 FSD 전기차,워터충전기 괜찮네요 ㅎㅎ,https://cafe.naver.com/noljatravel/1669989,2026-05-17 08:33
2026-05-17,이브이시스,★테슬라 [TKC] 모델S 모델3 모델X 모델Y 사이버트럭 FSD 전기차,아파트에서 충전기업체 알아보는거 같은데..,https://cafe.naver.com/noljatravel/1670255,2026-05-17 08:33
2026-05-17,일렉링크,"전기차동호회-아이오닉5 6 9,EV3 EV4 EV5 EV6 EV9,테슬라모델Y 3",일렉링크 100% 환급 이벤트,https://cafe.naver.com/allfm01/2053833,2026-05-17 08:32
2026-05-17,일렉링크,★ 아이오닉 공식 동호회 [아이오닉 멤버스] 아이오닉 5 6 7 9 N,충전 질문합니다..!,https://cafe.naver.com/cafeclip/1307380,2026-05-17 08:32
2026-05-17,일렉링크,★테슬라 [TKC] 모델S 모델3 모델X 모델Y 사이버트럭 FSD 전기차,SK일렉링크 충전오류,https://cafe.naver.com/noljatravel/1670192,2026-05-17 08:32
2026-05-17,일렉링크,★테슬라 [TKC] 모델S 모델3 모델X 모델Y 사이버트럭 FSD 전기차,아파트에서 충전기업체 알아보는거 같은데..,https://cafe.naver.com/noljatravel/1670255,2026-05-17 08:32
2026-05-17,일렉링크,★테슬라 [TKC] 모델S 모델3 모델X 모델Y 사이버트럭 FSD 전기차,sk링크 충전안한분들 충전들 하세요. 공짜입니다,https://cafe.naver.com/noljatravel/1670313,2026-05-17 08:32
2026-05-17,일렉링크,★ EV9 공식동호회 [EV9 오너스클럽] EV9 대표카페 전기차보조금,sk 일렉링크 충전 이벤트 해봤습니다,https://cafe.naver.com/terror4u/1408503,2026-05-17 08:32
2026-05-17,일렉링크,"전기차동호회-아이오닉5 6 9,EV3 EV4 EV5 EV6 EV9,테슬라모델Y 3",일렉링크 42000,https://cafe.naver.com/allfm01/2054415,2026-05-17 08:32
2026-05-17,일렉링크,"전기차동호회-아이오닉5 6 9,EV3 EV4 EV5 EV6 EV9,테슬라모델Y 3",sk 일렉링크 에러 왜그럴가요,https://cafe.naver.com/allfm01/2054432,2026-05-17 08:32
2026-05-17,일렉링크,"★폴스타 공식 동호회 ★ 볼보 폴스타2, 폴스타3, 4, 5 전기차",아침밥 먹이고 왔어요+ SK일렉링크 공짜밥,https://cafe.naver.com/hamseang/118278,2026-05-17 08:32
2026-05-18,유튜브(영상),[YouTube] EVNode,[영상] 챠징노드) 언양휴게소 이지차저 화물차버스 전기차 충전소 리얼 후기! (The Ultimate Easy Charger Review for Trucks & Buses!) (조회수 65회),https://www.youtube.com/watch?v=pi2TKtc2OV4,2026-05-18 08:34
2026-05-18,유튜브(영상),[YouTube] 드라이브덱,[영상] 🔋 전기차 단점 솔직하게 말해줄게 — 근데 다 답 있어 | 킬러EV EP.02 (조회수 482회),https://www.youtube.com/watch?v=X6n6x36W_KY,2026-05-18 08:34
2026-05-18,유튜브(영상),[YouTube] 주식만냥,"[영상] ""충전 10초면 끝!"" 배터리 시대 끝낼 슈퍼커패시터 잭팟 (조회수 6452회)",https://www.youtube.com/watch?v=erNi9Su2Dbk,2026-05-18 08:34
2026-05-18,채비,★테슬라 [TKC] 모델S 모델3 모델X 모델Y 사이버트럭 FSD 전기차,채비 포인트 사요,https://cafe.naver.com/noljatravel/1671599,2026-05-18 08:33
2026-05-18,일렉링크,"전기차동호회-아이오닉5 6 9,EV3 EV4 EV5 EV6 EV9,테슬라모델Y 3",차량 출고 후 첫 충전은 SK일렉링크로 ^^,https://cafe.naver.com/allfm01/2054645,2026-05-18 08:32
2026-05-18,일렉링크,"전기차동호회-아이오닉5 6 9,EV3 EV4 EV5 EV6 EV9,테슬라모델Y 3",SK일렉링크 충전후기..,https://cafe.naver.com/allfm01/2054647,2026-05-18 08:32
2026-05-18,일렉링크,"전기차동호회-아이오닉5 6 9,EV3 EV4 EV5 EV6 EV9,테슬라모델Y 3",SK일렉링크 급속 충전 후기(환급 프로모션 대박!),https://cafe.naver.com/allfm01/2054712,2026-05-18 08:32
2026-05-18,일렉링크,현대 아이오닉9 오너스 - 나이너스,일렉링크 급속 단가?!,https://cafe.naver.com/ioniq9owners/26662,2026-05-18 08:32
2026-05-18,일렉링크,"전기차동호회-아이오닉5 6 9,EV3 EV4 EV5 EV6 EV9,테슬라모델Y 3",sk 일렉링크 이벤트 충전 해봤습니다.,https://cafe.naver.com/allfm01/2054447,2026-05-18 08:32
2026-05-19,채비,★테슬라 [TKC] 모델S 모델3 모델X 모델Y 사이버트럭 FSD 전기차,아산 스파비스 채비 충전기 이용하였습니다,https://cafe.naver.com/noljatravel/1672097,2026-05-19 08:36
2026-05-19,이브이시스,★ 아이오닉 공식 동호회 [아이오닉 멤버스] 아이오닉 5 6 7 9 N,혹시 강원도 인제스피디움에 이비시스 충전 아이오닉5N 오너들 아직도 충전 무료인가요?,https://cafe.naver.com/cafeclip/1307562,2026-05-19 08:36
2026-05-19,이브이시스,★N커뮤니티[N 크루]아반떼n벨로스터n코나n아이오닉5n아이오닉6n,혹시 인제에 아오엔 전용 EVSIS 전기충전 아직도 무료 인가요?,https://cafe.naver.com/reviewnpreview/566919,2026-05-19 08:36
2026-05-19,이브이시스,★테슬라 [TKC] 모델S 모델3 모델X 모델Y 사이버트럭 FSD 전기차,(질문) 전기차충전 인프라는 어디어디 가입해두면 좋을까요?,https://cafe.naver.com/noljatravel/1671855,2026-05-19 08:36
2026-05-19,유튜브(영상),[YouTube] 티쓰리,"[영상] 테슬라테슬라가 독일에서 FSD 93,000마일을 몰래 쌓은 방법 (규제도 없이)FSD 불법 국가에서 15만km 자율주행 달성한 테슬라의 꼼수 (조회수 1052회)",https://www.youtube.com/watch?v=BxVyMR5Obyk,2026-05-19 08:36
2026-05-19,유튜브(영상),[YouTube] 티쓰리,"[영상] 테슬라테슬라가 독일에서 FSD 93,000마일을 몰래 쌓은 방법 (규제도 없이)FSD 불법 국가에서 15만km 자율주행 달성한 테슬라의 꼼수 (조회수 1064회)",https://www.youtube.com/watch?v=6Pm-84vyKqc,2026-05-19 08:36
2026-05-19,채비,"#전기차맛집▶아이오닉5 6 9,테슬라모델3 Y,EV 3 6 9 장기렌트","채비, 1분기 매출 성장세…실적 개선 흐름 기대",https://cafe.naver.com/evkoreaplus/67912,2026-05-19 08:36
2026-05-19,유튜브(영상),[YouTube] 티쓰리,"[영상] 테슬라테슬라가 독일에서 FSD 93,000마일을 몰래 쌓은 방법 (규제도 없이)FSD 불법 국가에서 15만km 자율주행 달성한 테슬라의 꼼수 (조회수 830회)",https://www.youtube.com/watch?v=BCMHMPB501g,2026-05-19 08:36
2026-05-19,유튜브(영상),[YouTube] EVNode,"[영상] (三Node) 전기차 오너 필독! 배터리 수명 늘리는 황금 구간! (EV Owners, Watch This! The Golden Range for Max. Battery Life) (조회수 527회)",https://www.youtube.com/watch?v=gBt3FGaha6A,2026-05-19 08:36
2026-05-19,유튜브(영상),[YouTube] 티쓰리,"[영상] 테슬라테슬라가 독일에서 FSD 93,000마일을 몰래 쌓은 방법 (규제도 없이)FSD 불법 국가에서 15만km 자율주행 달성한 테슬라의 꼼수 (조회수 218회)",https://www.youtube.com/watch?v=lohBH2LS98I,2026-05-19 08:36
2026-05-19,유튜브(영상),[YouTube] 정보전달기,[영상] 세탁기 돌리는 시간이 요금을 2배 만든다고? (조회수 1115회),https://www.youtube.com/watch?v=yvGPLNEKCY0,2026-05-19 08:36
2026-05-19,유튜브(영상),[YouTube] 티쓰리,"[영상] 테슬라테슬라가 독일에서 FSD 93,000마일을 몰래 쌓은 방법 (규제도 없이)FSD 불법 국가에서 15만km 자율주행 달성한 테슬라의 꼼수 (조회수 1193회)",https://www.youtube.com/watch?v=Qt3yRImtJnA,2026-05-19 08:36
2026-05-19,채비,"전기차동호회-아이오닉5 6 9,EV3 EV4 EV5 EV6 EV9,테슬라모델Y 3",채비 충전카드 사용처,https://cafe.naver.com/allfm01/2055781,2026-05-19 08:36
2026-05-19,채비,포르쉐 타이칸 동호회 ■ 더타이칸 클럽 ■ 투리스모 전기차,채비카드 문의,https://cafe.naver.com/inhelia/33806,2026-05-19 08:36
2026-05-19,일렉링크,현대 아이오닉9 오너스 - 나이너스,Epit 웰컴 회원인데... SK 일렉링크 포인트가 아깝고..,https://cafe.naver.com/ioniq9owners/26772,2026-05-19 08:35
2026-05-19,일렉링크,★BYD 비야디 전기차 공식동호회[BYD 오너스]아토3 씰 씨라이언7,[무료충전]일렉링크 이제 2회 남았네요~~~,https://cafe.naver.com/rlfnrl2034/2100027,2026-05-19 08:35
2026-05-19,일렉링크,BYD 비야디 클럽 No.1 공식 동호회 [돌핀.씰.아토3.시걸] 전기차,"전기차 충전 요금 할인 카드, 요즘 어떤 게 제일 혜택 쏠쏠한가요?",https://cafe.naver.com/yh3/203602,2026-05-19 08:35
2026-05-19,일렉링크,현대 아이오닉9 오너스 - 나이너스,급속 200kw 찾아서왔는데 80밖에 안나오네요 속도가,https://cafe.naver.com/ioniq9owners/26736,2026-05-19 08:35
2026-05-19,일렉링크,★테슬라 [TKC] 모델S 모델3 모델X 모델Y 사이버트럭 FSD 전기차,(질문) 전기차충전 인프라는 어디어디 가입해두면 좋을까요?,https://cafe.naver.com/noljatravel/1671855,2026-05-19 08:35
2026-05-19,일렉링크,"전기차동호회-아이오닉5 6 9,EV3 EV4 EV5 EV6 EV9,테슬라모델Y 3",sk일렉링크 이벤트,https://cafe.naver.com/allfm01/2055575,2026-05-19 08:35
2026-05-20,유튜브(영상),[YouTube] 티쓰리,"[영상] 테슬라테슬라 모델 Y, 2년 만에 첫 가격 인상 — 어떤 트림이 얼마나 올랐나?2026 테슬라 모델 Y 가격표 바뀌었다 — $1,000 인상, 근데 이건 사야 할 신호다 (조회수 11회)",https://www.youtube.com/watch?v=v1k7G2BGrRU,2026-05-20 08:38
2026-05-20,유튜브(영상),[YouTube] EVNode,"[영상] (NodeBob) 영천(포항) 휴게소 긴급 속보! 노후충전기 교체로 차데모, AC3상 충전불가! (Yeongcheon Service Charging Station Alert!) (조회수 284회)",https://www.youtube.com/watch?v=jSeilYgHVyg,2026-05-20 08:38
2026-05-20,유튜브(영상),[YouTube] 뿅아,"[영상] ""전기차 충전요금이 왜 갑자기 비싸졌는가"" (조회수 622회)",https://www.youtube.com/watch?v=tttW6xONH5E,2026-05-20 08:38
2026-05-20,이브이시스,"전기차동호회-아이오닉5 6 9,EV3 EV4 EV5 EV6 EV9,테슬라모델Y 3",이브이시스 카드 발급 기간,https://cafe.naver.com/allfm01/2056294,2026-05-20 08:38
2026-05-20,일렉링크,클럽 테슬라 [Club Tesla] 모델S 모델3 모델X 모델Y RWD,찌질이의 일렉링크 이벤트 활용하기,https://cafe.naver.com/foryoucom/378650,2026-05-20 08:37
2026-05-20,워터,★ 기아 EV5 공식 동호회 [EV5 클럽] EV5 GT 롱레인지 보조금,EV5 워터 충전기 속도,https://cafe.naver.com/300200/673181,2026-05-20 08:37
2026-05-20,일렉링크,현대 아이오닉9 오너스 - 나이너스,진천IC 바로옆 일렉링크 충전하러 왔더니 아9 발견!,https://cafe.naver.com/ioniq9owners/26860,2026-05-20 08:37
2026-05-20,일렉링크,★ 기아 EV5 공식 동호회 [EV5 클럽] EV5 GT 롱레인지 보조금,SK일렉링크 3회차 급속충전 완료!!,https://cafe.naver.com/300200/673023,2026-05-20 08:37
2026-05-20,일렉링크,"■ GM 쉐보레 EV 클럽 ■ 전기차 동호회, 볼트 EUV,이쿼녹스 ev",sk일렉링크 급속충전 안됨,https://cafe.naver.com/hiphopculture/230744,2026-05-20 08:37
2026-05-21,이브이시스,★BYD 비야디 전기차 공식동호회[BYD 오너스]아토3 씰 씨라이언7,단독주택인데 충전기 설치해야하나요?,https://cafe.naver.com/rlfnrl2034/2100834,2026-05-21 08:42
2026-05-21,유튜브(영상),[YouTube] 라이언의 너트볼트,[영상] 급속 충전만 했더니 배터리가 이렇게 됩니다 | 전기차 충전 진실 (조회수 1223회),https://www.youtube.com/watch?v=icpY3PmeSmY,2026-05-21 08:42
2026-05-21,유튜브(영상),[YouTube] 티쓰리,"[영상] 테슬라테슬라 모델 Y, 2년 만에 첫 가격 인상 — 어떤 트림이 얼마나 올랐나?2026 테슬라 모델 Y 가격표 바뀌었다 — $1,000 인상, 근데 이건 사야 할 신호다 (조회수 1075회)",https://www.youtube.com/watch?v=aoQZoLC8Q4s,2026-05-21 08:42
2026-05-21,유튜브(영상),[YouTube] 티쓰리,"[영상] 테슬라 테슬라 로보택시, 드디어 안드로이드 출시 — 아이폰 없어도 탈 수 있다 2026년 테슬라 로보택시 안드로이드 앱 공개 — 수억 명이 갑자기 탑승 가능해진 이유 (조회수 206회)",https://www.youtube.com/watch?v=wB74DvoP1O0,2026-05-21 08:42
2026-05-21,유튜브(영상),[YouTube] 카드고릴라,[영상] 전기차 충전비 할인 신용카드 BEST3⚡️환경부 카드만으론 부족해! (조회수 533회),https://www.youtube.com/watch?v=pCpQ-j0YpVE,2026-05-21 08:42
2026-05-21,유튜브(영상),[YouTube] 티쓰리,"[영상] 테슬라테슬라 모델 Y, 2년 만에 첫 가격 인상 — 어떤 트림이 얼마나 올랐나?2026 테슬라 모델 Y 가격표 바뀌었다 — $1,000 인상, 근데 이건 사야 할 신호다 (조회수 522회)",https://www.youtube.com/watch?v=59cW9BhLYAA,2026-05-21 08:42
2026-05-21,유튜브(영상),[YouTube] 이도훈TV,[영상] 전기차 30km 타면 실제 충전비 공개합니다 (조회수 1277회),https://www.youtube.com/watch?v=6D3UHk7URUk,2026-05-21 08:42
2026-05-21,유튜브(영상),[YouTube] 티쓰리,"[영상] 테슬라 테슬라가 FSD 구매자들한테 결국 이 말 했습니다 | HW3 오너 전원 해당""우리가 틀렸습니다"" 머스크의 충격 발언 — (조회수 1030회)",https://www.youtube.com/watch?v=m2Z9I2qw9uw,2026-05-21 08:42
2026-05-21,일렉링크,★BYD 비야디 전기차 공식동호회[BYD 오너스]아토3 씰 씨라이언7,SK일렉링크 충전요금 인하(5월 21일부),https://cafe.naver.com/rlfnrl2034/2101178,2026-05-21 08:40
2026-05-21,일렉링크,"전기차동호회-아이오닉5 6 9,EV3 EV4 EV5 EV6 EV9,테슬라모델Y 3",SK일렉링크 전기차 충전요금 인하 안내 (26년 5월 21일부),https://cafe.naver.com/allfm01/2058109,2026-05-21 08:40
2026-05-21,일렉링크,★테슬라 [TKC] 모델S 모델3 모델X 모델Y 사이버트럭 FSD 전기차,DC 콤보를 살 것인가 말것인가 그것이 문제로다,https://cafe.naver.com/noljatravel/1676130,2026-05-21 08:40
2026-05-21,일렉링크,"전기차동호회-아이오닉5 6 9,EV3 EV4 EV5 EV6 EV9,테슬라모델Y 3",sk일렉링크 충전이벤트,https://cafe.naver.com/allfm01/2057771,2026-05-21 08:40
2026-05-21,일렉링크,★테슬라 [TKC] 모델S 모델3 모델X 모델Y 사이버트럭 FSD 전기차,SK일렉링크 충전 요금 인하,https://cafe.naver.com/noljatravel/1676348,2026-05-21 08:40
2026-05-21,일렉링크,현대 아이오닉9 오너스 - 나이너스,일렉링크 최대치 성공,https://cafe.naver.com/ioniq9owners/26961,2026-05-21 08:40
2026-05-21,일렉링크,★테슬라 [TKC] 모델S 모델3 모델X 모델Y 사이버트럭 FSD 전기차,일렉링크 급속 충전 이벤트해보시분 급속충전 10% 에서 100%까지 채우려면 한 한시간걸리낭....,https://cafe.naver.com/noljatravel/1674993,2026-05-21 08:40
2026-05-21,일렉링크,"전기차동호회-아이오닉5 6 9,EV3 EV4 EV5 EV6 EV9,테슬라모델Y 3",저도 SK일렉링크 첫 충전 해봤어요,https://cafe.naver.com/allfm01/2057213,2026-05-21 08:40
2026-05-22,채비,"전기차동호회-아이오닉5 6 9,EV3 EV4 EV5 EV6 EV9,테슬라모델Y 3",아우디화이트 채비 충전 카드 구입합니다.,https://cafe.naver.com/allfm01/2059105,2026-05-22 08:35
2026-05-22,유튜브(영상),[YouTube] 정직중고차,"[영상] ""전기차 충전비 또 올라요?"" 기후부 공식 발표 총정리! #automobile #중고차추천 #이슈 #정직중고차 (조회수 1171회)",https://www.youtube.com/watch?v=uY1eA-RhV_c,2026-05-22 08:36
2026-05-22,유튜브(영상),[YouTube] 모카당,[영상] 전기차 충전요금 꼭 확인해야 하는 이유 (조회수 3577회),https://www.youtube.com/watch?v=eJYm6RPMWEY,2026-05-22 08:36
2026-05-22,유튜브(영상),[YouTube] KGM강북중앙 용부장,[영상] KGM 무쏘ev 전기차  MX(AWD) #kgm #캠핑 #무쏘ev #무쏘 #무쏘전기차 (조회수 381회),https://www.youtube.com/watch?v=7H__ZU0iZWk,2026-05-22 08:36
2026-05-22,유튜브(영상),[YouTube] 오늘 왜 난리?,[영상] 개편된 전기차 충전요금 7월부터 적용! (조회수 269회),https://www.youtube.com/watch?v=5PJFdrVGpQE,2026-05-22 08:36
2026-05-22,유튜브(영상),[YouTube] 이볼루션_ EVolution,[영상] 5월 전기차 최신 요금 총정리 | 기후부 개정 로밍 요금과 비교해본다면? (조회수 4854회),https://www.youtube.com/watch?v=n7lJ4DFxX_s,2026-05-22 08:36
2026-05-22,워터,"전기차동호회-아이오닉5 6 9,EV3 EV4 EV5 EV6 EV9,테슬라모델Y 3",EV9은 고속도로 휴게소 일렉링크를 놔두고 왜 워터 NACS 자리에서 충전하는 건가요?,https://cafe.naver.com/allfm01/2058847,2026-05-22 08:35
2026-05-22,일렉링크,현대 아이오닉9 오너스 - 나이너스,Sk일렉링크. 버립니다...,https://cafe.naver.com/ioniq9owners/27139,2026-05-22 08:34
2026-05-22,일렉링크,"전기차동호회-아이오닉5 6 9,EV3 EV4 EV5 EV6 EV9,테슬라모델Y 3",울산 중구 태화초등학교주변 SK일렉링크 장소 ?,https://cafe.naver.com/allfm01/2058900,2026-05-22 08:34
2026-05-22,일렉링크,"전기차동호회-아이오닉5 6 9,EV3 EV4 EV5 EV6 EV9,테슬라모델Y 3",EV9은 고속도로 휴게소 일렉링크를 놔두고 왜 워터 NACS 자리에서 충전하는 건가요?,https://cafe.naver.com/allfm01/2058847,2026-05-22 08:34
2026-05-22,일렉링크,현대 아이오닉9 오너스 - 나이너스,SK일렉링크 급속충전중입니다~,https://cafe.naver.com/ioniq9owners/27107,2026-05-22 08:34
2026-05-22,일렉링크,"전기차동호회-아이오닉5 6 9,EV3 EV4 EV5 EV6 EV9,테슬라모델Y 3",일렉링크 52700>42700,https://cafe.naver.com/allfm01/2058888,2026-05-22 08:34
2026-05-22,일렉링크,★ 기아 EV5 공식 동호회 [EV5 클럽] EV5 GT 롱레인지 보조금,SK 일렉링크 충전,https://cafe.naver.com/300200/673605,2026-05-22 08:34
2026-05-22,일렉링크,★테슬라 [TKC] 모델S 모델3 모델X 모델Y 사이버트럭 FSD 전기차,일렉링크 카드 사용법 궁금합니다.,https://cafe.naver.com/noljatravel/1677136,2026-05-22 08:34
2026-05-22,일렉링크,★ 기아 EV3 공식동호회 [ EV3 오너스클럽 ] 전기차 보조금 가격,충전기 요금이 내려갈듯,https://cafe.naver.com/musicdomain/876795,2026-05-22 08:34
2026-05-22,일렉링크,EV9 MANIA [기아 EV9 공식 오너 커뮤니티],350kw ~,https://cafe.naver.com/myev9/2987,2026-05-22 08:34
2026-05-23,유튜브(영상),[YouTube] 신박한 경제학,"[영상] 전기차 화재 공포를 끝낼 꿈의 배터리, 한국이 먼저 만듭니다. LG 삼성 SK 배터리 3사, 적자 속에서 꺼낸 역전 카드..10분 충전 1200km 주행, 전고체가 바꾸는 미래 (조회수 726회)",https://www.youtube.com/watch?v=kc1oxo8HRrA,2026-05-23 08:38
2026-05-23,채비,★BYD 비야디 전기차 공식동호회[BYD 오너스]아토3 씰 씨라이언7,저렴한 채비 충전금액,https://cafe.naver.com/rlfnrl2034/2101635,2026-05-23 08:37
2026-05-23,유튜브(영상),[YouTube] 채비,[영상] 급속보다 완속이 무조건 싸다? 여기엔 함정이 숨어있습니다 #*채비* #전기차충전요금 #전기차충전 #급속충전 #*채비*충전소 (조회수 3471회),https://www.youtube.com/watch?v=y7KKqINIUDw,2026-05-23 08:38
2026-05-23,유튜브(영상),[YouTube] EVNode,[영상] (NodeBob) 문의청남대휴게소 G80e 350kw 충전 후기 (Genesis G80e 350kW Charging Review: Munui Rest Area) (조회수 257회),https://www.youtube.com/watch?v=uv8gQmGhTYs,2026-05-23 08:38
2026-05-23,일렉링크,★테슬라 [TKC] 모델S 모델3 모델X 모델Y 사이버트럭 FSD 전기차,일렉링크 충전비 인하?,https://cafe.naver.com/noljatravel/1678729,2026-05-23 08:36
2026-05-23,일렉링크,"전기차동호회-아이오닉5 6 9,EV3 EV4 EV5 EV6 EV9,테슬라모델Y 3","sk일렉링크 94,894C 작립예정 ㅋㅋ",https://cafe.naver.com/allfm01/2060105,2026-05-23 08:36
2026-05-23,일렉링크,클럽 테슬라 [Club Tesla] 모델S 모델3 모델X 모델Y RWD,SK일렉링크 요금인하,https://cafe.naver.com/foryoucom/378700,2026-05-23 08:36
2026-05-23,일렉링크,★테슬라 [TKC] 모델S 모델3 모델X 모델Y 사이버트럭 FSD 전기차,서울-부산 갈 때 중간 어디서 충전 하시나요?,https://cafe.naver.com/noljatravel/1679194,2026-05-23 08:36
2026-05-23,일렉링크,현대 아이오닉9 오너스 - 나이너스,sk일렉링크 충전 요금 전격 인하,https://cafe.naver.com/ioniq9owners/27253,2026-05-23 08:36
2026-05-23,일렉링크,"전기차동호회-아이오닉5 6 9,EV3 EV4 EV5 EV6 EV9,테슬라모델Y 3",SK 일렉링크 충전요금 소폭 인하...,https://cafe.naver.com/allfm01/2059587,2026-05-23 08:36
2026-05-23,일렉링크,★테슬라 [TKC] 모델S 모델3 모델X 모델Y 사이버트럭 FSD 전기차,SK일렉링크 요금 인하 소식,https://cafe.naver.com/noljatravel/1678844,2026-05-23 08:36
2026-05-23,일렉링크,★테슬라 [TKC] 모델S 모델3 모델X 모델Y 사이버트럭 FSD 전기차,Sk일렉링크 200kw,https://cafe.naver.com/noljatravel/1678786,2026-05-23 08:36
2026-05-23,일렉링크,"전기차동호회-아이오닉5 6 9,EV3 EV4 EV5 EV6 EV9,테슬라모델Y 3",충전료가 내리기도하네요,https://cafe.naver.com/allfm01/2059389,2026-05-23 08:36
2026-05-23,일렉링크,★테슬라 [TKC] 모델S 모델3 모델X 모델Y 사이버트럭 FSD 전기차,일렉링크 양팔형 충전시?,https://cafe.naver.com/noljatravel/1678804,2026-05-23 08:36
2026-05-23,일렉링크,"전기차동호회-아이오닉5 6 9,EV3 EV4 EV5 EV6 EV9,테슬라모델Y 3",저희 아파트단지 차지비 319원인데 환경부 카드로 충전하면 290원대 일까요,https://cafe.naver.com/allfm01/2059476,2026-05-23 08:36
2026-05-23,일렉링크,현대 아이오닉9 오너스 - 나이너스,일렉링크도 소폭이지만 가격인하 동참하네요~,https://cafe.naver.com/ioniq9owners/27222,2026-05-23 08:36
2026-05-24,이브이시스,"전기차동호회-아이오닉5 6 9,EV3 EV4 EV5 EV6 EV9,테슬라모델Y 3",개판인 충전소 레전드,https://cafe.naver.com/allfm01/2060315,2026-05-24 08:34
2026-05-24,일렉링크,클럽 테슬라 [Club Tesla] 모델S 모델3 모델X 모델Y RWD,급속 충전 중 심심해서 쓰는 충전소 리뷰,https://cafe.naver.com/foryoucom/378713,2026-05-24 08:32
2026-05-24,일렉링크,"전기차동호회-아이오닉5 6 9,EV3 EV4 EV5 EV6 EV9,테슬라모델Y 3",전기차 아파트 충전기비용 이정도면 적당한것 맞나요?,https://cafe.naver.com/allfm01/2060548,2026-05-24 08:32
2026-05-24,일렉링크,★테슬라 [TKC] 모델S 모델3 모델X 모델Y 사이버트럭 FSD 전기차,휴게소에 nacs 충전기가 적긴하군요,https://cafe.naver.com/noljatravel/1680426,2026-05-24 08:32
2026-05-24,일렉링크,"전기차동호회-아이오닉5 6 9,EV3 EV4 EV5 EV6 EV9,테슬라모델Y 3",SK 일렉링크 충전,https://cafe.naver.com/allfm01/2060318,2026-05-24 08:32
2026-05-24,일렉링크,"전기차동호회-아이오닉5 6 9,EV3 EV4 EV5 EV6 EV9,테슬라모델Y 3",SK 일렉링크 첫 충전,https://cafe.naver.com/allfm01/2060127,2026-05-24 08:32
2026-05-25,유튜브(영상),[YouTube] 티쓰리,"[영상] 테슬라 2026년 테슬라 자율주행의 가장 큰 약점, 드디어 잡힌다 — FSD 내비게이션 오류 리포트 전면 개편 (조회수 976회)",https://www.youtube.com/watch?v=EPvz7GxNdlM,2026-05-25 08:35
2026-05-25,유튜브(영상),[YouTube] 드라이브덱,[영상] 전기차 10만km 충전비 얼마일까? #shorts (조회수 1692회),https://www.youtube.com/watch?v=8OBBSIm-dcY,2026-05-25 08:35
2026-05-25,유튜브(영상),[YouTube] 기술지원,"[영상] 급속 충전 안된다는 전기차, 급속 충전해봤습니다 #byd #씨라이언7 (조회수 1552회)",https://www.youtube.com/watch?v=qQbTL6ary_Q,2026-05-25 08:35
2026-05-25,유튜브(영상),[YouTube] 티쓰리,"[영상] 테슬라 테슬라 슈퍼차저 줄서기 싸움, 이제 앱이 해결한다 — 테슬라 내비가 ""저기로 가세요""라고 말하는 순간, 이 AI가 이미 계산 끝냈다 (조회수 1407회)",https://www.youtube.com/watch?v=M2597zO492g,2026-05-25 08:35
2026-05-25,유튜브(영상),[YouTube] 티쓰리,"[영상] 테슬라 테슬라 슈퍼차저 줄서기 싸움, 이제 앱이 해결한다 — 테슬라 내비가 ""저기로 가세요""라고 말하는 순간, 이 AI가 이미 계산 끝냈다 (조회수 1087회)",https://www.youtube.com/watch?v=EoPOQrZ8ZBQ,2026-05-25 08:35
2026-05-25,유튜브(영상),[YouTube] 티쓰리,"[영상] 테슬라 테슬라 슈퍼차저 줄서기 싸움, 이제 앱이 해결한다 — 테슬라 내비가 ""저기로 가세요""라고 말하는 순간, 이 AI가 이미 계산 끝냈다 (조회수 1056회)",https://www.youtube.com/watch?v=6Qmt7dsWjeg,2026-05-25 08:35
2026-05-25,유튜브(영상),[YouTube] 티쓰리,"[영상] 테슬라 2026년 테슬라 자율주행의 가장 큰 약점, 드디어 잡힌다 — FSD 내비게이션 오류 리포트 전면 개편 (조회수 798회)",https://www.youtube.com/watch?v=BjYZbTjFHsQ,2026-05-25 08:35
2026-05-25,유튜브(영상),[YouTube] 티쓰리,[영상] 테슬라1억 9천만 원짜리 초대장 받은 사람만 살 수 있는 차 — 테슬라 시그니처 에디션 완전 분석2026년 테슬라 프리몬트 공장에서 무슨 일이 있었나  모델S·X 마지막 날의 기록 (조회수 23회),https://www.youtube.com/watch?v=-KVM4qRNdDI,2026-05-25 08:35
2026-05-25,유튜브(영상),[YouTube] 티쓰리,"[영상] 테슬라테슬라가 독일에서 FSD 93,000마일을 몰래 쌓은 방법 (규제도 없이)FSD 불법 국가에서 15만km 자율주행 달성한 테슬라의 꼼수 (조회수 682회)",https://www.youtube.com/watch?v=P9Qx1zcMrWo,2026-05-25 08:35
2026-05-25,유튜브(영상),[YouTube] 티쓰리,"[영상] 테슬라 2026년 테슬라 자율주행의 가장 큰 약점, 드디어 잡힌다 — FSD 내비게이션 오류 리포트 전면 개편 (조회수 610회)",https://www.youtube.com/watch?v=HCypjCs63VA,2026-05-25 08:35
2026-05-25,유튜브(영상),[YouTube] 티쓰리,"[영상] 테슬라 2026년 테슬라 자율주행의 가장 큰 약점, 드디어 잡힌다 — FSD 내비게이션 오류 리포트 전면 개편 (조회수 468회)",https://www.youtube.com/watch?v=LWtGMRn1-Lc,2026-05-25 08:35
2026-05-25,유튜브(영상),[YouTube] 티쓰리,"[영상] 테슬라테슬라가 독일에서 FSD 93,000마일을 몰래 쌓은 방법 (규제도 없이)FSD 불법 국가에서 15만km 자율주행 달성한 테슬라의 꼼수 (조회수 334회)",https://www.youtube.com/watch?v=E3OyukmqyFY,2026-05-25 08:35
2026-05-25,유튜브(영상),[YouTube] 티쓰리,"[영상] 테슬라테슬라가 독일에서 FSD 93,000마일을 몰래 쌓은 방법 (규제도 없이)FSD 불법 국가에서 15만km 자율주행 달성한 테슬라의 꼼수 (조회수 11회)",https://www.youtube.com/watch?v=vOHdd20OwX8,2026-05-25 08:35
2026-05-25,유튜브(영상),[YouTube] 티쓰리,"[영상] 테슬라 2026년 테슬라 자율주행의 가장 큰 약점, 드디어 잡힌다 — FSD 내비게이션 오류 리포트 전면 개편 (조회수 717회)",https://www.youtube.com/watch?v=ONB250b1rhE,2026-05-25 08:35
2026-05-25,유튜브(영상),[YouTube] 티쓰리,"[영상] 테슬라 2026년 테슬라 자율주행의 가장 큰 약점, 드디어 잡힌다 — FSD 내비게이션 오류 리포트 전면 개편 (조회수 11회)",https://www.youtube.com/watch?v=Xp3-JPjU4x0,2026-05-25 08:35
2026-05-25,일렉링크,★ 기아 EV5 공식 동호회 [EV5 클럽] EV5 GT 롱레인지 보조금,SK일렉링크 4회차 충전중!!,https://cafe.naver.com/300200/674407,2026-05-25 08:33
2026-05-25,일렉링크,"■ GM 쉐보레 EV 클럽 ■ 전기차 동호회, 볼트 EUV,이쿼녹스 ev",급속 충전 속도 요즘은 얼마나 나오시나요?,https://cafe.naver.com/hiphopculture/230848,2026-05-25 08:33
2026-05-25,일렉링크,★테슬라 [TKC] 모델S 모델3 모델X 모델Y 사이버트럭 FSD 전기차,주말 낮 11-2시 전기차 충전료 할인 질문,https://cafe.naver.com/noljatravel/1681387,2026-05-25 08:33
2026-05-25,일렉링크,BMW i CLUB [BMW i 전기차 동호회] iX1 iX3 iX i3 i4 i5 i7 i8,고속도로 로밍충전이안되네요?,https://cafe.naver.com/old13/83226,2026-05-25 08:33
2026-05-25,일렉링크,"★폴스타 공식 동호회 ★ 볼보 폴스타2, 폴스타3, 4, 5 전기차",충전 선불권 티맵결제 사용 문의,https://cafe.naver.com/hamseang/118974,2026-05-25 08:33
2026-05-25,일렉링크,현대 아이오닉9 오너스 - 나이너스,E-pit 도 충전회사인가요?,https://cafe.naver.com/ioniq9owners/27435,2026-05-25 08:33
2026-05-25,채비,★테슬라 [TKC] 모델S 모델3 모델X 모델Y 사이버트럭 FSD 전기차,첫 완속충전 ㅠㅠ 채비 완속인상 420원 실화인가요??,https://cafe.naver.com/noljatravel/1681644,2026-05-25 08:34
2026-05-25,일렉링크,★테슬라 [TKC] 모델S 모델3 모델X 모델Y 사이버트럭 FSD 전기차,sk 일렉링크 어댑터 어떻게 끼는줄 아시나요?ㅠㅠ,https://cafe.naver.com/noljatravel/1681202,2026-05-25 08:33
2026-05-26,유튜브(영상),[YouTube] EVNode,[영상] 전기차 배터리 0%까지 쓰면 벌어지는 끔찍한 일 ㄷㄷ (What Happens If You Drain Your EV Battery to 0% 😱) (조회수 137회),https://www.youtube.com/watch?v=APLy1u2fh0w,2026-05-26 08:37
2026-05-26,유튜브(영상),[YouTube] 드라이브덱,[영상] ⚡ 완속충전 안 되면 ICCU 탓이야 | 킬러EV EP.06 (조회수 455회),https://www.youtube.com/watch?v=-5XKt1pe9Do,2026-05-26 08:37
2026-05-26,채비,포르쉐 타이칸 동호회 ■ 더타이칸 클럽 ■ 투리스모 전기차,채비카드로 타차량 충전,https://cafe.naver.com/inhelia/33994,2026-05-26 08:37
2026-05-26,채비,포르쉐 타이칸 동호회 ■ 더타이칸 클럽 ■ 투리스모 전기차,채비카드,https://cafe.naver.com/inhelia/34009,2026-05-26 08:37
2026-05-26,일렉링크,"★폴스타 공식 동호회 ★ 볼보 폴스타2, 폴스타3, 4, 5 전기차",같은 100kw 충전기라도 충전 속도가 다르네요.,https://cafe.naver.com/hamseang/119033,2026-05-26 08:36
2026-05-26,워터,"폭스바겐 전기차 대표 동호회[폭스바겐 ID 클럽] ID4, ID5 , ID7",급속충전기 이용 경험...(거제식물원 워터),https://cafe.naver.com/happyhappybirthday/96338,2026-05-26 08:36
2026-05-26,일렉링크,★테슬라 [TKC] 모델S 모델3 모델X 모델Y 사이버트럭 FSD 전기차,Sk일렉링크 45000포인트,https://cafe.naver.com/noljatravel/1682366,2026-05-26 08:36
2026-05-26,일렉링크,"전기차동호회-아이오닉5 6 9,EV3 EV4 EV5 EV6 EV9,테슬라모델Y 3",고속도로 k water는 로밍 안되나요?,https://cafe.naver.com/allfm01/2061613,2026-05-26 08:36
2026-05-26,일렉링크,"전기차동호회-아이오닉5 6 9,EV3 EV4 EV5 EV6 EV9,테슬라모델Y 3",sk일렉링크 크래딧20만원 카드,https://cafe.naver.com/allfm01/2061743,2026-05-26 08:36
2026-05-26,일렉링크,"전기차동호회-아이오닉5 6 9,EV3 EV4 EV5 EV6 EV9,테슬라모델Y 3",sk일렉링크 충전 이벤트 후기,https://cafe.naver.com/allfm01/2061863,2026-05-26 08:36
2026-05-27,유튜브(영상),[YouTube] 웅교리뷰,[영상] 한달간 가정용 전기로 전기차 충전 해보면..? (조회수 4309회),https://www.youtube.com/watch?v=KFinrn2eDj8,2026-05-27 08:38
2026-05-27,유튜브(영상),[YouTube] 카트렌드 : CAR TREND,"[영상] 혼다 2,100만원 전기차, 사전예약 7,000대 돌파 대박?! (조회수 1244회)",https://www.youtube.com/watch?v=dVNmPXzc8y8,2026-05-27 08:38
2026-05-27,유튜브(영상),[YouTube] 오늘점검,[영상] 전기차 충전할 때  피해야 할 습관 5가지 (조회수 1079회),https://www.youtube.com/watch?v=slLJdAgzoNE,2026-05-27 08:38
2026-05-27,유튜브(영상),[YouTube] 티쓰리,"[영상] 테슬라 테슬라 4680 배터리, 드라이 캐소드 완성 — 공장 크기 절반·원가 50% 절감 시대 열린다2026년 테슬라가 배터리 업계를 뒤흔든 방법 — 특허 하나로 제조 속도 3배 (조회수 13회)",https://www.youtube.com/watch?v=-aDrlbc270Y,2026-05-27 08:38
2026-05-27,유튜브(영상),[YouTube] 새움에너지솔루션 에너지자립,[영상] #전기자동차 #레이전기차 150km정도 주행후 충전 #에너지발전장치 적용시 300km주행후 충전 #레이전기차 #경차 #출력향상 #소음저감 #토크향상 #CO2배출량저감 #에너지절약 (조회수 69회),https://www.youtube.com/watch?v=Bzco1Pbm8wA,2026-05-27 08:38
2026-05-27,유튜브(영상),[YouTube] 티쓰리,"[영상] 테슬라 테슬라 로보택시, 텍사스에 첫 전용 기지 짓는다 — 212대 동시 운용 규모 공개사이버캡 출격 기지 드디어 포착됐다 — 달라스 3만5천 평방피트 창고의 정체 (조회수 10회)",https://www.youtube.com/watch?v=JV7pUVovmAY,2026-05-27 08:38
2026-05-27,유튜브(영상),[YouTube] 새움에너지솔루션 에너지자립,[영상] #전기자동차 충전후 주행거리측정 #에너지발전장치 전기자동차에 적용시 연비변화 #레이전기차 #경차 #충전시간단축 #전력품질개선 에너지절약 #탄소중립 #에너지자립 #RE100대응 (조회수 467회),https://www.youtube.com/watch?v=TV1y7pcxKbE,2026-05-27 08:38
2026-05-27,채비,"#전기차맛집▶아이오닉5 6 9,테슬라모델3 Y,EV 3 6 9 장기렌트","채비, 창립 10주년 고객 이벤트 진행",https://cafe.naver.com/evkoreaplus/68303,2026-05-27 08:37
2026-05-27,일렉링크,현대 아이오닉9 오너스 - 나이너스,어제 출고 받았습니다 충전 관련해서 궁금한 점이 있어 선배님들 의견 부탁드립니다.,https://cafe.naver.com/ioniq9owners/27758,2026-05-27 08:36
2026-05-27,채비,"전기차동호회-아이오닉5 6 9,EV3 EV4 EV5 EV6 EV9,테슬라모델Y 3",어제 기아포인트로 채비에서 충전하는데,https://cafe.naver.com/allfm01/2063041,2026-05-27 08:37
2026-05-27,일렉링크,★테슬라 [TKC] 모델S 모델3 모델X 모델Y 사이버트럭 FSD 전기차,전북 김제휴게소 전기차 충전소 NACS 많아요!,https://cafe.naver.com/noljatravel/1683173,2026-05-27 08:36
2026-05-27,일렉링크,★테슬라 [TKC] 모델S 모델3 모델X 모델Y 사이버트럭 FSD 전기차,(요청)전기차 충전 카톡 내용 부탁드립니다.,https://cafe.naver.com/noljatravel/1683477,2026-05-27 08:36
2026-05-27,일렉링크,★테슬라 [TKC] 모델S 모델3 모델X 모델Y 사이버트럭 FSD 전기차,dc콤보 신형 추천,https://cafe.naver.com/noljatravel/1683710,2026-05-27 08:36
2026-05-27,일렉링크,"전기차동호회-아이오닉5 6 9,EV3 EV4 EV5 EV6 EV9,테슬라모델Y 3",일렉링크 급속 충전이벤트 충전기 오류로 1회는 천원충전하고 멈췄는데 ㅠㅠ,https://cafe.naver.com/allfm01/2062784,2026-05-27 08:36
2026-05-27,일렉링크,"전기차동호회-아이오닉5 6 9,EV3 EV4 EV5 EV6 EV9,테슬라모델Y 3",SK일렉링크 마지막 충전을 비를 맞으며...,https://cafe.naver.com/allfm01/2062954,2026-05-27 08:36
2026-05-28,채비,★테슬라 [TKC] 모델S 모델3 모델X 모델Y 사이버트럭 FSD 전기차,[이벤트] 채비 창립 10주년 BIG 페스타 최대 20% 페이백 & 2천만원 상당 경품 쏩니다!⚡,https://cafe.naver.com/noljatravel/1685506,2026-05-28 08:40
2026-05-28,유튜브(영상),[YouTube] 에너지하우징,[영상] 에어컨이 배터리를 식힌다. 거짓말 같죠? (조회수 2420회),https://www.youtube.com/watch?v=hJh0PyNHtzg,2026-05-28 08:41
2026-05-28,유튜브(영상),[YouTube] 티쓰리,"[영상] 테슬라 테슬라 로드스터 2.0, 드디어 텍사스에서 만든다 — 2025년 알파 프로토타입 주행 포착9년 만에 진짜 움직였다 — 테슬라 로드스터, 지금 이 순간 테스트 중 (조회수 15회)",https://www.youtube.com/watch?v=TXje0mUY154,2026-05-28 08:41
2026-05-28,유튜브(영상),[YouTube] 복현동 우재준,"[영상] 전기차 충전요금 급등, 지속 가능한 해법은 무엇인가? 토론회 (조회수 492회)",https://www.youtube.com/watch?v=mQYWw8Uypy8,2026-05-28 08:41
2026-05-28,유튜브(영상),[YouTube] 이볼루션_ EVolution,[영상] 전기차 충전 요금 할인 이거 모르면 나만 손해 (조회수 444회),https://www.youtube.com/watch?v=BrXNaZ67pfI,2026-05-28 08:41
2026-05-28,유튜브(영상),[YouTube] 머니크래프트,[영상] [*채비* 주가 전망] 신규 상장 이후 가격 안정화와 10주년 리워드 마케팅 효과 분석. 전기차 충전 인프라 독점으로 바닥 탈출하고 슈팅할까? (조회수 347회),https://www.youtube.com/watch?v=MtXlCUbc-xk,2026-05-28 08:41
2026-05-28,유튜브(영상),[YouTube] 티쓰리,"[영상] 테슬라 테슬라 로보택시, 텍사스에 첫 전용 기지 짓는다 — 212대 동시 운용 규모 공개사이버캡 출격 기지 드디어 포착됐다 — 달라스 3만5천 평방피트 창고의 정체 (조회수 10회)",https://www.youtube.com/watch?v=hiMyifjGz2M,2026-05-28 08:41
2026-05-28,채비,★ 아이오닉 공식 동호회 [아이오닉 멤버스] 아이오닉 5 6 7 9 N,채비 급속200kw입니다,https://cafe.naver.com/cafeclip/1308823,2026-05-28 08:40
2026-05-28,유튜브(영상),[YouTube] EV Pick | 이브이 픽,[영상] 전기차 충전도 안 됐는데 남 탓하는 역대급 빌런.. ㄷㄷ (조회수 1130회),https://www.youtube.com/watch?v=l6ai0XnZ0Tk,2026-05-28 08:41
2026-05-28,일렉링크,★테슬라 [TKC] 모델S 모델3 모델X 모델Y 사이버트럭 FSD 전기차,SK일렉링크 고속도로 휴게소 NACS 충전 서비스 시작,https://cafe.naver.com/noljatravel/1685441,2026-05-28 08:39
2026-05-28,일렉링크,"전기차동호회-아이오닉5 6 9,EV3 EV4 EV5 EV6 EV9,테슬라모델Y 3",지방 충전소 완속 고속 충전기 띵김현상,https://cafe.naver.com/allfm01/2063477,2026-05-28 08:39
2026-05-28,일렉링크,"전기차동호회-아이오닉5 6 9,EV3 EV4 EV5 EV6 EV9,테슬라모델Y 3",Sk일렉링크 마일리지 로밍 사용방법,https://cafe.naver.com/allfm01/2063449,2026-05-28 08:39
2026-05-28,일렉링크,"전기차동호회-아이오닉5 6 9,EV3 EV4 EV5 EV6 EV9,테슬라모델Y 3",일렉링크 52700>42700,https://cafe.naver.com/allfm01/2063226,2026-05-28 08:39
2026-05-28,일렉링크,현대 아이오닉9 오너스 - 나이너스,일렉링크 할인 파시는 분들,https://cafe.naver.com/ioniq9owners/27763,2026-05-28 08:39
2026-05-28,일렉링크,"전기차동호회-아이오닉5 6 9,EV3 EV4 EV5 EV6 EV9,테슬라모델Y 3",2400세대 전기차충전기가 이제 단1대도 없게되었습니다.,https://cafe.naver.com/allfm01/2063463,2026-05-28 08:39
2026-05-29,유튜브(영상),[YouTube] 머니크래프트,[영상] [*채비* 주가 전망] 전기차 인프라 고도화 및 상장 이후 최저점. 주가 바닥 다지고 슈팅할까? (조회수 246회),https://www.youtube.com/watch?v=P-KVpAEnRq8,2026-05-29 08:44
2026-05-29,유튜브(영상),[YouTube] 티쓰리,"[영상] 테슬라 테슬라 로보택시, 드디어 안드로이드 출시 — 아이폰 없어도 탈 수 있다 2026년 테슬라 로보택시 안드로이드 앱 공개 — 수억 명이 갑자기 탑승 가능해진 이유 (조회수 260회)",https://www.youtube.com/watch?v=Cw-Zj3fomuM,2026-05-29 08:44
2026-05-29,유튜브(영상),[YouTube] 티쓰리,"[영상] 테슬라 테슬라가 FSD 구매자들한테 결국 이 말 했습니다 | HW3 오너 전원 해당""우리가 틀렸습니다"" 머스크의 충격 발언 — (조회수 400회)",https://www.youtube.com/watch?v=aj4209IdO18,2026-05-29 08:44
2026-05-29,유튜브(영상),[YouTube] 티쓰리,"[영상] 테슬라 테슬라 슈퍼차저 줄서기 싸움, 이제 앱이 해결한다 — 가상 대기열 시스템 완전 분석슈퍼차저에서 주먹다짐까지 났던 이유, 테슬라가 드디어 손봤습니다 (조회수 515회)",https://www.youtube.com/watch?v=LlbXjsX9zs4,2026-05-29 08:44
2026-05-29,유튜브(영상),[YouTube] 아빠 리뷰 캐비닛,[영상] BMW i5 3500km 주행 실제 유지비!! #automobile #Shorts #bmw전기차 #bmw #bmwi5 #전기차라이프 #전기차충전 #유지비 #자동차리뷰 #전기차 (조회수 600회),https://www.youtube.com/watch?v=S8fBDTrbbzU,2026-05-29 08:44
2026-05-29,유튜브(영상),[YouTube] 티쓰리,"[영상] 테슬라 2026년 테슬라 자율주행의 가장 큰 약점, 드디어 잡힌다 — FSD 내비게이션 오류 리포트 전면 개편 (조회수 642회)",https://www.youtube.com/watch?v=iwxvF237e3o,2026-05-29 08:44
2026-05-29,유튜브(영상),[YouTube] EV Pick | 이브이 픽,[영상] 참다 참다 드디어 폭발한 전기차 충전기들 실화냐.. ㄷㄷ (조회수 1237회),https://www.youtube.com/watch?v=0Hqdqwy5TjA,2026-05-29 08:44
2026-05-29,이브이시스,■ 무쏘EV 토레스EVX 동호회 KGM 전기차 통합카페 픽업트럭 알파,첫 충전 도전기,https://cafe.naver.com/gosizone/351892,2026-05-29 08:44
2026-05-29,채비,★테슬라 [TKC] 모델S 모델3 모델X 모델Y 사이버트럭 FSD 전기차,이번 업뎃 후 채비 연결 문제,https://cafe.naver.com/noljatravel/1686760,2026-05-29 08:44
2026-05-29,일렉링크,현대 아이오닉9 오너스 - 나이너스,일렉링크 마지막 충전이네요 아쉽습니다 ㅠ,https://cafe.naver.com/ioniq9owners/28006,2026-05-29 08:42
2026-05-29,일렉링크,"전기차동호회-아이오닉5 6 9,EV3 EV4 EV5 EV6 EV9,테슬라모델Y 3",전기차 경험 무~ 충전은 어찌 하시나요?,https://cafe.naver.com/allfm01/2064287,2026-05-29 08:42
2026-05-29,일렉링크,★테슬라 [TKC] 모델S 모델3 모델X 모델Y 사이버트럭 FSD 전기차,일렉링크 구독 요금제 숨은 가격 찾기,https://cafe.naver.com/noljatravel/1686861,2026-05-29 08:42
2026-05-29,일렉링크,★테슬라 [TKC] 모델S 모델3 모델X 모델Y 사이버트럭 FSD 전기차,아파트 충전기 교체 관련 질문드려요.,https://cafe.naver.com/noljatravel/1687715,2026-05-29 08:42
2026-05-29,채비,현대 아이오닉9 오너스 - 나이너스,채비 충전 20% 적립 이벤트 있습니다,https://cafe.naver.com/ioniq9owners/27972,2026-05-29 08:44
2026-05-30,유튜브(영상),[YouTube] 개봉박두GaeBongBakDu,"[영상] 현시각, 경남 창원시 진해구 제황산동, 속천항공영주차장, *SK*일렉링크** 충전기, 전기차 급속충전중. #shorts (조회수 484회)",https://www.youtube.com/watch?v=idPTpr3-9BY,2026-05-30 08:43
2026-05-30,유튜브(영상),[YouTube] 채비,"[영상] 매번 다른 충전 속도의 비밀, 충전기가 아니라 OOO 때문? #전기차 #전기차충전속도 #*채비* (조회수 2768회)",https://www.youtube.com/watch?v=lDRYTgufl34,2026-05-30 08:43
2026-05-30,유튜브(영상),[YouTube] 더 스미스 아뜰리에,[영상] 와..드디어🥺 9월부터 전기차 충전기 꽂으면 결제까지 한 번에! 카드 필요❌ #pnc #pnc충전 #전기차충전 #전기차 #테슬라 #현대차 #슈퍼차저 (조회수 1449회),https://www.youtube.com/watch?v=5cBByalfcsw,2026-05-30 08:43
2026-05-30,유튜브(영상),[YouTube] 쏘빌라앤TV SoVilla&,[영상] 단독주택 마당에서 내 태양광으로 전기차 공짜 충전하기(V2G/홈충전) (조회수 260회),https://www.youtube.com/watch?v=noHB0yvsPqc,2026-05-30 08:43
2026-05-30,유튜브(영상),[YouTube] 에너지하우징,[영상] 오늘만 두번 급속충전했다... 괜찮은 걸까? (조회수 1185회),https://www.youtube.com/watch?v=RX9NjEWiRHk,2026-05-30 08:43
2026-05-30,유튜브(영상),[YouTube] 머니크래프트,"[영상] [*채비* 주가 전망] 대기업 제친 민간 1위 CPO의 30조 원 충전 시장 지배한 *채비*? ""지금 손절하면 평생 땅을 치고 후회합니다"" (조회수 263회)",https://www.youtube.com/watch?v=7J-o5rw9wNg,2026-05-30 08:43
2026-05-30,이브이시스,"전기차동호회-아이오닉5 6 9,EV3 EV4 EV5 EV6 EV9,테슬라모델Y 3",에러코드 [2611] (콤보에러)커넥터 잠김 오류 - 도움 및 조언 부탁 드립니다!,https://cafe.naver.com/allfm01/2064902,2026-05-30 08:43
2026-05-30,일렉링크,★테슬라 [TKC] 모델S 모델3 모델X 모델Y 사이버트럭 FSD 전기차,Ds콤보 급속충전기 급 질문입니다 형님덜,https://cafe.naver.com/noljatravel/1687901,2026-05-30 08:42
2026-05-30,일렉링크,"전기차동호회-아이오닉5 6 9,EV3 EV4 EV5 EV6 EV9,테슬라모델Y 3",전기차 충전어플 및 카드 어떤게 좋을까요??,https://cafe.naver.com/allfm01/2065360,2026-05-30 08:42
2026-05-30,일렉링크,"전기차동호회-아이오닉5 6 9,EV3 EV4 EV5 EV6 EV9,테슬라모델Y 3",차데모 어댑터 업데이트 버전 테스트(이마트 SK일렉링크),https://cafe.naver.com/allfm01/2065256,2026-05-30 08:42
2026-05-30,일렉링크,★ 아이오닉 공식 동호회 [아이오닉 멤버스] 아이오닉 5 6 7 9 N,sk 일렉링크 질문입니다,https://cafe.naver.com/cafeclip/1309061,2026-05-30 08:42
2026-05-30,일렉링크,★테슬라 [TKC] 모델S 모델3 모델X 모델Y 사이버트럭 FSD 전기차,"sk일렉링크 크래딧 45,000",https://cafe.naver.com/noljatravel/1688385,2026-05-30 08:42
2026-05-30,일렉링크,"★폴스타 공식 동호회 ★ 볼보 폴스타2, 폴스타3, 4, 5 전기차",아파트 지하 충전기 계약만료로 폐기유무 투표하네요.,https://cafe.naver.com/hamseang/119333,2026-05-30 08:42
2026-05-30,일렉링크,★테슬라 [TKC] 모델S 모델3 모델X 모델Y 사이버트럭 FSD 전기차,Sk일렉링크 45100>>>36000,https://cafe.naver.com/noljatravel/1688150,2026-05-30 08:42
2026-05-30,일렉링크,"전기차동호회-아이오닉5 6 9,EV3 EV4 EV5 EV6 EV9,테슬라모델Y 3",[SK일렉링크] 5월 이벤트 충전 후기,https://cafe.naver.com/allfm01/2064949,2026-05-30 08:42
2026-05-30,일렉링크,★ EV9 공식동호회 [EV9 오너스클럽] EV9 대표카페 전기차보조금,SK일렉링크 4번숙제 끝냈습니다.,https://cafe.naver.com/terror4u/1409942,2026-05-30 08:42
2026-05-30,일렉링크,"전기차동호회-아이오닉5 6 9,EV3 EV4 EV5 EV6 EV9,테슬라모델Y 3",sk일렉링크 숙제 끝냈습니다,https://cafe.naver.com/allfm01/2064922,2026-05-30 08:42
2026-05-31,유튜브(영상),[YouTube] 티쓰리,"[영상] 테슬라테슬라가 독일에서 FSD 93,000마일을 몰래 쌓은 방법 (규제도 없이)FSD 불법 국가에서 15만km 자율주행 달성한 테슬라의 꼼수 (조회수 899회)",https://www.youtube.com/watch?v=oM-6OH-Pl18,2026-05-31 08:35
2026-05-31,유튜브(영상),[YouTube] 이볼루션_ EVolution,[영상] 옆 단지는 100원인데 우리 아파트만 300원? 충전 요금 해결 방안은 진짜 없는 건가? (조회수 2005회),https://www.youtube.com/watch?v=EuMyoWYpVNI,2026-05-31 08:35
2026-05-31,유튜브(영상),[YouTube] 티쓰리,"[영상] 테슬라테슬라가 독일에서 FSD 93,000마일을 몰래 쌓은 방법 (규제도 없이)FSD 불법 국가에서 15만km 자율주행 달성한 테슬라의 꼼수 (조회수 1333회)",https://www.youtube.com/watch?v=UEsYL5ToA4Y,2026-05-31 08:35
2026-05-31,유튜브(영상),[YouTube] 티쓰리,"[영상] 테슬라테슬라가 독일에서 FSD 93,000마일을 몰래 쌓은 방법 (규제도 없이)FSD 불법 국가에서 15만km 자율주행 달성한 테슬라의 꼼수 (조회수 1117회)",https://www.youtube.com/watch?v=LAF5S2k7ZJk,2026-05-31 08:35
2026-05-31,유튜브(영상),[YouTube] 티쓰리,"[영상] 테슬라테슬라가 독일에서 FSD 93,000마일을 몰래 쌓은 방법 (규제도 없이)FSD 불법 국가에서 15만km 자율주행 달성한 테슬라의 꼼수 (조회수 1080회)",https://www.youtube.com/watch?v=qNvBgv5GVIs,2026-05-31 08:35
2026-05-31,유튜브(영상),[YouTube] 티쓰리,"[영상] 테슬라모델3보다 40% 더 효율적? 테슬라가 로보택시로 바꾸려는 것2026년 테슬라 사이버캡 양산 시작 — 165Wh/mi, 이 숫자가 전기차 역사를 다시 씁니다 (조회수 24회)",https://www.youtube.com/watch?v=6CZLNlp5Yaw,2026-05-31 08:35
2026-05-31,유튜브(영상),[YouTube] 티쓰리,"[영상] 테슬라테슬라가 독일에서 FSD 93,000마일을 몰래 쌓은 방법 (규제도 없이)FSD 불법 국가에서 15만km 자율주행 달성한 테슬라의 꼼수 (조회수 362회)",https://www.youtube.com/watch?v=zdhiSEo3BKc,2026-05-31 08:35
2026-05-31,유튜브(영상),[YouTube] 티쓰리,"[영상] 테슬라테슬라가 독일에서 FSD 93,000마일을 몰래 쌓은 방법 (규제도 없이)FSD 불법 국가에서 15만km 자율주행 달성한 테슬라의 꼼수 (조회수 558회)",https://www.youtube.com/watch?v=BidIaIjIc3s,2026-05-31 08:35
2026-05-31,유튜브(영상),[YouTube] 티쓰리,"[영상] 테슬라테슬라가 독일에서 FSD 93,000마일을 몰래 쌓은 방법 (규제도 없이)FSD 불법 국가에서 15만km 자율주행 달성한 테슬라의 꼼수 (조회수 456회)",https://www.youtube.com/watch?v=omlax_QVfOk,2026-05-31 08:35
2026-05-31,유튜브(영상),[YouTube] 티쓰리,"[영상] 테슬라테슬라가 독일에서 FSD 93,000마일을 몰래 쌓은 방법 (규제도 없이)FSD 불법 국가에서 15만km 자율주행 달성한 테슬라의 꼼수 (조회수 440회)",https://www.youtube.com/watch?v=NYAMf-A_MNE,2026-05-31 08:35
2026-05-31,유튜브(영상),[YouTube] 티쓰리,"[영상] 테슬라테슬라가 독일에서 FSD 93,000마일을 몰래 쌓은 방법 (규제도 없이)FSD 불법 국가에서 15만km 자율주행 달성한 테슬라의 꼼수 (조회수 417회)",https://www.youtube.com/watch?v=hY6kzT2wRkU,2026-05-31 08:35
2026-05-31,유튜브(영상),[YouTube] 티쓰리,"[영상] 테슬라테슬라가 독일에서 FSD 93,000마일을 몰래 쌓은 방법 (규제도 없이)FSD 불법 국가에서 15만km 자율주행 달성한 테슬라의 꼼수 (조회수 744회)",https://www.youtube.com/watch?v=wKHpEEh7vbg,2026-05-31 08:35
2026-05-31,이브이시스,"전기차동호회-아이오닉5 6 9,EV3 EV4 EV5 EV6 EV9,테슬라모델Y 3",저렴한 공용 충전기 추천좀 부탁드립니다.(완속/급속 상관 無),https://cafe.naver.com/allfm01/2066001,2026-05-31 08:35
2026-05-31,일렉링크,현대 아이오닉9 오너스 - 나이너스,첫충전..SK일렉링크,https://cafe.naver.com/ioniq9owners/28321,2026-05-31 08:34
2026-05-31,일렉링크,"전기차동호회-아이오닉5 6 9,EV3 EV4 EV5 EV6 EV9,테슬라모델Y 3",SK일렉링크 이벤트 참여,https://cafe.naver.com/allfm01/2065836,2026-05-31 08:34
2026-05-31,일렉링크,◈ 기아 EV9 공식 동호회 [클럽 EV9] 대표카페 EV9 공동구매,일렉링크 미션 성공!!!,https://cafe.naver.com/googlenexus7/348836,2026-05-31 08:34
2026-06-01,유튜브(영상),[YouTube] 티쓰리,"[영상] 테슬라테슬라가 독일에서 FSD 93,000마일을 몰래 쌓은 방법 (규제도 없이)FSD 불법 국가에서 15만km 자율주행 달성한 테슬라의 꼼수 (조회수 1156회)",https://www.youtube.com/watch?v=UdwSfK4BV14,2026-06-01 08:37
2026-06-01,채비,★테슬라 [TKC] 모델S 모델3 모델X 모델Y 사이버트럭 FSD 전기차,채비에서 콤보 대여도 해줍니다..,https://cafe.naver.com/noljatravel/1690749,2026-06-01 08:37
2026-06-01,유튜브(영상),[YouTube] EV Pick | 이브이 픽,[영상] 🚨 충전 안 하는데 충전구역 주차... 이게 맞나요? (조회수 2135회),https://www.youtube.com/watch?v=esiUYJ9xPm4,2026-06-01 08:37
2026-06-01,유튜브(영상),[YouTube] EV Pick | 이브이 픽,[영상] 🚨 전기차 충전할 때 '이것' 모르면 수리비 폭탄 맞습니다;; (조회수 1435회),https://www.youtube.com/watch?v=ywClZjOf-4Q,2026-06-01 08:37
2026-06-01,유튜브(영상),[YouTube] 티쓰리,"[영상] 테슬라테슬라가 독일에서 FSD 93,000마일을 몰래 쌓은 방법 (규제도 없이)FSD 불법 국가에서 15만km 자율주행 달성한 테슬라의 꼼수 (조회수 924회)",https://www.youtube.com/watch?v=tDHiJDABEYA,2026-06-01 08:37
2026-06-01,유튜브(영상),[YouTube] 양저씨,[영상] 기름값 VS 충전비 총정리!! (조회수 42회),https://www.youtube.com/watch?v=Uuk5UIk8ysw,2026-06-01 08:37
2026-06-01,유튜브(영상),[YouTube] 티쓰리,"[영상] 테슬라테슬라가 독일에서 FSD 93,000마일을 몰래 쌓은 방법 (규제도 없이)FSD 불법 국가에서 15만km 자율주행 달성한 테슬라의 꼼수 (조회수 677회)",https://www.youtube.com/watch?v=gk3xg_gYYRs,2026-06-01 08:37
2026-06-01,유튜브(영상),[YouTube] 머니크래프트,[영상] [*채비* 주가전망] 🚨전기차 급속충전 1위 대기업 압도! 메가와트급 충전(MCS) 혁신상 수혜주 2차 슈팅 시작!!🔥 (조회수 289회),https://www.youtube.com/watch?v=eVbMJZTL95M,2026-06-01 08:37
2026-06-01,유튜브(영상),[YouTube] 티쓰리,"[영상] 테슬라테슬라가 독일에서 FSD 93,000마일을 몰래 쌓은 방법 (규제도 없이)FSD 불법 국가에서 15만km 자율주행 달성한 테슬라의 꼼수 (조회수 189회)",https://www.youtube.com/watch?v=pdenj1Pmu9M,2026-06-01 08:37
2026-06-01,유튜브(영상),[YouTube] 여의도부자개미,[영상] [*채비* 주가전망] 🚨전기차 급속충전 1위 대기업 압도! 메가와트급 충전(MCS) 혁신상 수혜주 2차 슈팅 시작!!🔥 (조회수 138회),https://www.youtube.com/watch?v=qBTNYb97_TI,2026-06-01 08:37
2026-06-01,유튜브(영상),[YouTube] 티쓰리,[영상] 테슬라테슬라 2026.14.6 업데이트 — 한국만 먼저 받은 기능의 정체한국 고속도로 요금이 테슬라 네비에 뜬다 — EV 할인까지 자동 계산테슬라가 한국을 실험 대상으로 선택한 (조회수 37회),https://www.youtube.com/watch?v=0G2lhrAenrg,2026-06-01 08:37
2026-06-01,유튜브(영상),[YouTube] 티쓰리,"[영상] 테슬라테슬라가 독일에서 FSD 93,000마일을 몰래 쌓은 방법 (규제도 없이)FSD 불법 국가에서 15만km 자율주행 달성한 테슬라의 꼼수 (조회수 19회)",https://www.youtube.com/watch?v=dP6poWaJ3CI,2026-06-01 08:37
2026-06-01,유튜브(영상),[YouTube] 티쓰리,"[영상] 테슬라테슬라가 독일에서 FSD 93,000마일을 몰래 쌓은 방법 (규제도 없이)FSD 불법 국가에서 15만km 자율주행 달성한 테슬라의 꼼수 (조회수 792회)",https://www.youtube.com/watch?v=ET0LjURqWPE,2026-06-01 08:37
2026-06-01,워터,★기아 EV 동호회[EV오너스클럽] EV3 EV4 EV5 EV6 EV9 GT 보조금,워터무료충전~,https://cafe.naver.com/carmessenger/732488,2026-06-01 08:36
2026-06-01,워터,★기아 EV 동호회[EV오너스클럽] EV3 EV4 EV5 EV6 EV9 GT 보조금,"워터 충전기 5/30무료 5/31무료, 6/1 과연(?)",https://cafe.naver.com/carmessenger/732500,2026-06-01 08:36
2026-06-01,일렉링크,"전기차동호회-아이오닉5 6 9,EV3 EV4 EV5 EV6 EV9,테슬라모델Y 3",SK일렉링크 5월 충전시 이거질문~?,https://cafe.naver.com/allfm01/2066672,2026-06-01 08:36
2026-06-01,일렉링크,"전기차동호회-아이오닉5 6 9,EV3 EV4 EV5 EV6 EV9,테슬라모델Y 3",SK일렉링크 4번 드디어 다 채웠네요,https://cafe.naver.com/allfm01/2066486,2026-06-01 08:36
2026-06-01,일렉링크,"전기차동호회-아이오닉5 6 9,EV3 EV4 EV5 EV6 EV9,테슬라모델Y 3",새로운 충전 방해,https://cafe.naver.com/allfm01/2066485,2026-06-01 08:36
2026-06-01,일렉링크,클럽 테슬라 [Club Tesla] 모델S 모델3 모델X 모델Y RWD,급속 충전기 병렬의 이해,https://cafe.naver.com/foryoucom/378804,2026-06-01 08:36
2026-06-01,일렉링크,현대 아이오닉9 오너스 - 나이너스,마지막 충전!!,https://cafe.naver.com/ioniq9owners/28433,2026-06-01 08:36
2026-06-01,일렉링크,"전기차동호회-아이오닉5 6 9,EV3 EV4 EV5 EV6 EV9,테슬라모델Y 3",Sk일렉링크 요금 환급 이벤트,https://cafe.naver.com/allfm01/2066335,2026-06-01 08:36
2026-06-01,일렉링크,"전기차동호회-아이오닉5 6 9,EV3 EV4 EV5 EV6 EV9,테슬라모델Y 3",sk일렉링크 포인트45000점 35000원,https://cafe.naver.com/allfm01/2066315,2026-06-01 08:36
2026-06-01,일렉링크,★테슬라 [TKC] 모델S 모델3 모델X 모델Y 사이버트럭 FSD 전기차,dc콤보 충전속도 너무 빠른거 아입꽈??,https://cafe.naver.com/noljatravel/1690442,2026-06-01 08:36
2026-06-01,일렉링크,★BYD 비야디 전기차 공식동호회[BYD 오너스]아토3 씰 씨라이언7,sk일렉링크 이벤트 마지막 충전...,https://cafe.naver.com/rlfnrl2034/2105388,2026-06-01 08:36
2026-06-02,유튜브(영상),[YouTube] 킹깐만 자동차,[영상] 아..이거 잘못만든거 같은데 #폭스바겐 #id4  #폭스바겐전기차 (조회수 1406회),https://www.youtube.com/watch?v=p6CkO27i2ng,2026-06-02 08:45
2026-06-02,유튜브(영상),[YouTube] 포항MBC NEWS,[영상] 충·방전 반복해도 안 깨지는 실리콘 배터리 소재 개발 #shorts (포항MBC뉴스) (조회수 1206회),https://www.youtube.com/watch?v=n9SRCLYN6tw,2026-06-02 08:45
2026-06-02,유튜브(영상),[YouTube] EPI 전기차충전기,[영상] 테슬라 차주들 의외로 모릅니다... 국내 급속충전기 충전하는 방법 (조회수 13회),https://www.youtube.com/watch?v=7T6dpuCQDBU,2026-06-02 08:45
2026-06-02,유튜브(영상),[YouTube] EV Pick | 이브이 픽,[영상] 전기차 차주 99%가 공감하는 충전 불편한 순간 TOP10⚡ (조회수 676회),https://www.youtube.com/watch?v=yQd1vTIZVng,2026-06-02 08:45
2026-06-02,유튜브(영상),[YouTube] 개봉박두GaeBongBakDu,"[영상] 현시각, 경남 창원시 마산합포구 수산1길(오동동), 합포수변공원 제2주차장, *SK*일렉링크** 충전기, 전기차 급속충전중. #shorts, #실시간, #LIVE, #evtruck, (조회수 422회)",https://www.youtube.com/watch?v=FBUYvKboBM0,2026-06-02 08:45
2026-06-02,유튜브(영상),[YouTube] 티쓰리,"[영상] 테슬라② 2026년 가장 기다렸던 전기차, Rivian R2 드디어 나온다 — 예약자라면 지금 당장 확인하세요③ Tesla Grok 앞지른 AI, 앱스토어까지 — Rivian (조회수 22회)",https://www.youtube.com/watch?v=TIa9-ZLrTf4,2026-06-02 08:45
2026-06-02,유튜브(영상),[YouTube] 여의도부자개미,"[영상] [*채비* 주가전망]🔥외인 104만 주 폭발적 기습 매집! 가짜 폭락에 속지 마라, 세력의 N자형 눌림목 반등 타점 최초 공개 #*채비* #전기차충전소 #글로벌수급 (조회수 114회)",https://www.youtube.com/watch?v=96DYliXpcX8,2026-06-02 08:45
2026-06-02,유튜브(영상),[YouTube] 티쓰리,"[영상] 테슬라""정상 범위입니다"" 말 바꾼 테슬라 — 모델 Y 삐걱 소음, 보증 수리 확정된 이유서비스 센터가 거절했던 그 소음 — 테슬라 공식 bulletin 2종으로 완전히 바뀐 것 (조회수 44회)",https://www.youtube.com/watch?v=FNiQzaJTRQ8,2026-06-02 08:45
2026-06-02,유튜브(영상),[YouTube] 미디어협동조합 국민TV,"[영상] 한세경 교수, '전기차 충전 요금, 이용자-사업자-관리자 균형이 핵심' (조회수 19회)",https://www.youtube.com/watch?v=7uJQ4TRpGqI,2026-06-02 08:45
2026-06-02,유튜브(영상),[YouTube] 오늘점검,[영상] 전기차 충전 습관과  배터리 관리 (조회수 1737회),https://www.youtube.com/watch?v=nb8xdV2yME8,2026-06-02 08:45
2026-06-02,유튜브(영상),[YouTube] NSAI Idea,[영상] 충전 시간만 바꿨더니 월 3만원 아꼈다 (조회수 240회),https://www.youtube.com/watch?v=-MPxlKh25bg,2026-06-02 08:45
2026-06-02,유튜브(영상),[YouTube] 에너지하우징,[영상] 급속충전만 3년 했는데 배터리 수명 95% — 대부분이 모르느  진짜 이유 (조회수 2001회),https://www.youtube.com/watch?v=3DFDXMg7rc4,2026-06-02 08:45
2026-06-02,이브이시스,포항전기차협의회,홈플러스 영업 중단 지점 충전 및 주차 안내,https://cafe.naver.com/pohangevclub/45092,2026-06-02 08:45
2026-06-02,유튜브(영상),[YouTube] Volkswagen by 박과장,"[영상] 👉 폭스바겐 ID.4 충전, 주유보다 쉽다 ⚡ 전기차 충전 방법 초간단 정리 ㅣ 폭스바겐 박과장  #폭스바겐 #ID4 #전기차충전방법 (조회수 3004회)",https://www.youtube.com/watch?v=Q4NAv5Pvy64,2026-06-02 08:45
2026-06-02,일렉링크,현대 아이오닉9 오너스 - 나이너스,SK일렉링크 4회 충전 완료,https://cafe.naver.com/ioniq9owners/28500,2026-06-02 08:44
2026-06-02,일렉링크,현대 아이오닉9 오너스 - 나이너스,일렉링크 3회로 마무리,https://cafe.naver.com/ioniq9owners/28495,2026-06-02 08:44
2026-06-02,일렉링크,"전기차동호회-아이오닉5 6 9,EV3 EV4 EV5 EV6 EV9,테슬라모델Y 3",일렉링크 105300>87300원,https://cafe.naver.com/allfm01/2067254,2026-06-02 08:44
2026-06-03,유튜브(영상),[YouTube] 경욱이형 전기차 상담소,[영상] 전기차 충전비… 왜 이렇게 욕먹을까? (조회수 676회),https://www.youtube.com/watch?v=kKzDs3IRqYg,2026-06-03 08:50
2026-06-03,유튜브(영상),[YouTube] 돈을보다,[영상] 전기차 충전기 뒤에 숨겨진 돈의 흐름 (조회수 21회),https://www.youtube.com/watch?v=zimTS8M1X4A,2026-06-03 08:50
2026-06-03,유튜브(영상),[YouTube] 쏘빌라앤TV SoVilla&,[영상] 아파트 전기차 충전 전쟁 끝! 마당에서 내 태양광으로 공짜 충전하는 5억대 파주 숲세권 단독주택 | SV422 (조회수 46회),https://www.youtube.com/watch?v=LkneTCiVrzE,2026-06-03 08:50
2026-06-03,유튜브(영상),[YouTube] 정부혁신,[영상] 전기차 충전!🚗 이제 전기차 플러스 DR 서비스로 할인받으세요!☝️ (조회수 212회),https://www.youtube.com/watch?v=ov-06ODeWag,2026-06-03 08:50
2026-06-03,유튜브(영상),[YouTube] Sammy The Nomad,[영상] 유럽에선 전기 쓰면 돈을 받는 시간이 있어요 (조회수 574회),https://www.youtube.com/watch?v=5fgY2NmGJhE,2026-06-03 08:50
2026-06-03,유튜브(영상),[YouTube] EV Pick | 이브이 픽,"[영상] 전기차 충전기, 고장인 줄 알았던 순간들⚡ (조회수 1340회)",https://www.youtube.com/watch?v=OFxLyFtKbVI,2026-06-03 08:50
2026-06-03,일렉링크,"전기차동호회-아이오닉5 6 9,EV3 EV4 EV5 EV6 EV9,테슬라모델Y 3",sk일렉링크 5월이벤트 참여,https://cafe.naver.com/allfm01/2067571,2026-06-03 08:49
2026-06-03,일렉링크,★BYD 비야디 전기차 공식동호회[BYD 오너스]아토3 씰 씨라이언7,"전기차 초보들을 위한, 필수앱+충전가이드",https://cafe.naver.com/rlfnrl2034/2106310,2026-06-03 08:49
2026-06-03,일렉링크,★테슬라 [TKC] 모델S 모델3 모델X 모델Y 사이버트럭 FSD 전기차,sk일렉링크 350kW 테슬라 막아놓았나요?,https://cafe.naver.com/noljatravel/1693729,2026-06-03 08:49
2026-06-03,유튜브(영상),[YouTube] 유채꽃밭세상,[영상] 378km 해운대~용인 레이EV 전기차 충전비용 얼마나 나올까? 몇번이나 충전해야될까? (조회수 1705회),https://www.youtube.com/watch?v=2AJ_h6VLEA8,2026-06-03 08:50
2026-06-04,이브이시스,"전기차동호회-아이오닉5 6 9,EV3 EV4 EV5 EV6 EV9,테슬라모델Y 3",전기차 1만 킬로 넘었는데 충전비 계산해봤습니다.,https://cafe.naver.com/allfm01/2068927,2026-06-04 08:50
2026-06-04,유튜브(영상),[YouTube] (주)디젤트럭 영업용번호판시세 ,[영상] 10분 충전에 325km？ 벤츠가 서울서 공개한 역대급 전기차의 정체 (조회수 912회),https://www.youtube.com/watch?v=nZy9hbQcjnQ,2026-06-04 08:50
2026-06-04,유튜브(영상),[YouTube] 진짜비엠 BMW 박병하,[영상] 10분만 충전해도 200 iX2 압도적 충전 속도 (조회수 49회),https://www.youtube.com/watch?v=w4LGkonHAMY,2026-06-04 08:50
2026-06-04,유튜브(영상),[YouTube] 윤느 YUNE lifestyle🩵,[영상] 전기차 합리적일까? (결말포함) (조회수 2282회),https://www.youtube.com/watch?v=kI-GTf3GiWw,2026-06-04 08:50
2026-06-04,채비,"전기차동호회-아이오닉5 6 9,EV3 EV4 EV5 EV6 EV9,테슬라모델Y 3",채비앱 아우디 카드 등록시,https://cafe.naver.com/allfm01/2068756,2026-06-04 08:49
2026-06-04,일렉링크,현대 아이오닉9 오너스 - 나이너스,첫 완속충전⚡️,https://cafe.naver.com/ioniq9owners/28819,2026-06-04 08:48
2026-06-04,일렉링크,★ 캐스퍼ev 전기차 공식 동호회 [캐스퍼 일렉트릭 클럽] 보조금,충전 중 이런적 있으신분?,https://cafe.naver.com/lastchaos2/410372,2026-06-04 08:48
2026-06-04,일렉링크,"전기차동호회-아이오닉5 6 9,EV3 EV4 EV5 EV6 EV9,테슬라모델Y 3",SK 일렉링크 포인트 정책변경으로 50만원까지 소유된다는 문자 받으신분?,https://cafe.naver.com/allfm01/2068814,2026-06-04 08:48
2026-06-04,일렉링크,"전기차동호회-아이오닉5 6 9,EV3 EV4 EV5 EV6 EV9,테슬라모델Y 3",충전비용 이거 왜 다른가요~?,https://cafe.naver.com/allfm01/2069087,2026-06-04 08:48
2026-06-05,이브이시스,★BYD 비야디 전기차 공식동호회[BYD 오너스]아토3 씰 씨라이언7,EVSIS 구독권,https://cafe.naver.com/rlfnrl2034/2107083,2026-06-05 08:41
2026-06-05,이브이시스,◈ 기아 EV9 공식 동호회 [클럽 EV9] 대표카페 EV9 공동구매,요즘 충전앱 뭐 쓰세요?~~ 뭐가 좋을까요,https://cafe.naver.com/googlenexus7/348942,2026-06-05 08:41
2026-06-05,이브이시스,스타리아 EV & ST1 전기차 전용 동호회 [스타리아 전기차 카페],스타리아ev 충전은 어디서 할 계획이세요?,https://cafe.naver.com/steamgunz/32409,2026-06-05 08:41
2026-06-05,이브이시스,★ EV9 공식동호회 [EV9 오너스클럽] EV9 대표카페 전기차보조금,7월 충전비 변화점 때문에 여러가지 찾아봤네요,https://cafe.naver.com/terror4u/1410682,2026-06-05 08:41
2026-06-05,채비,★ 기아 EV5 공식 동호회 [EV5 클럽] EV5 GT 롱레인지 보조금,채비 충전기 말이 안됩니다,https://cafe.naver.com/300200/677503,2026-06-05 08:40
2026-06-05,일렉링크,"전기차동호회-아이오닉5 6 9,EV3 EV4 EV5 EV6 EV9,테슬라모델Y 3",혹시 sk일렉링크 충전기 쓰시는분?,https://cafe.naver.com/allfm01/2069319,2026-06-05 08:39
2026-06-05,일렉링크,★ EV9 공식동호회 [EV9 오너스클럽] EV9 대표카페 전기차보조금,7월 충전비 변화점 때문에 여러가지 찾아봤네요,https://cafe.naver.com/terror4u/1410682,2026-06-05 08:39
2026-06-06,유튜브(영상),[YouTube] 주식슈타인,[영상] *채비* 월요일 장 전 꼭 보세요! 9천 원대 바닥 신호와 대응 전략 #*채비* #전기차관련주 #신규상장 (조회수 12회),https://www.youtube.com/watch?v=S2PWgLEQ7Yc,2026-06-06 08:41
2026-06-06,유튜브(영상),[YouTube] 배털도사,[영상] 배터리는 왜 추위에 약할까? (조회수 96회),https://www.youtube.com/watch?v=tjRU_fzSOJo,2026-06-06 08:41
2026-06-06,유튜브(영상),[YouTube] 주식슈타인,"[영상] *채비* 만원마저 붕괴.. 하지만 현대차, SK, 롯데도 이긴 압도적 호재와 다음 주 반등 시나리오 #*채비* #전기차관련주 #신규상장 (조회수 153회)",https://www.youtube.com/watch?v=xJAD2vcwq3g,2026-06-06 08:41
2026-06-06,유튜브(영상),[YouTube] 렌트냥 리스냥,"[영상] 전기차 충전, 이제는 간편하게 바뀝니다. 🤯 (조회수 366회)",https://www.youtube.com/watch?v=Y42Vr5UkdOk,2026-06-06 08:41
2026-06-06,유튜브(영상),[YouTube] 용싸부,"[영상] 아이오닉5 배터리 77%, 서울→부산 한방에 가능할까? (조회수 665회)",https://www.youtube.com/watch?v=mN9qWftffsI,2026-06-06 08:41
2026-06-06,일렉링크,★테슬라 [TKC] 모델S 모델3 모델X 모델Y 사이버트럭 FSD 전기차,일렉링크 어플 이상하네요.,https://cafe.naver.com/noljatravel/1697191,2026-06-06 08:40
2026-06-06,일렉링크,현대 아이오닉9 오너스 - 나이너스,Sk일렉링크 이벤트 포인트 들어왔습니다.,https://cafe.naver.com/ioniq9owners/29107,2026-06-06 08:40
2026-06-06,일렉링크,현대 아이오닉9 오너스 - 나이너스,sk일렉링크 5월 포인트,https://cafe.naver.com/ioniq9owners/29113,2026-06-06 08:40
2026-06-06,일렉링크,"전기차동호회-아이오닉5 6 9,EV3 EV4 EV5 EV6 EV9,테슬라모델Y 3",SK일렉링크 캐시백 받았어요~^^,https://cafe.naver.com/allfm01/2070677,2026-06-06 08:40
2026-06-07,유튜브(영상),[YouTube] 티쓰리,"[영상] 테슬라 모델Y 2026, 드디어 바뀐 것들 — 저가 트림에 생긴 변화$39,990짜리 모델Y가 프리미엄이랑 같아졌다? 달라진 점 직접 비교 (조회수 13회)",https://www.youtube.com/watch?v=ZzUjscg8r0o,2026-06-07 08:36
2026-06-07,유튜브(영상),[YouTube] EVNode,"[영상] 😵‍💫충전하다 속터지고, 💸지갑 털리는 나라, ⛩️일본! 🚗전기차의 충격적인 실체 #전기차 #일본 #충전 #ev #japan #charge (조회수 293회)",https://www.youtube.com/watch?v=Lfaq0hkFrrs,2026-06-07 08:36
2026-06-07,유튜브(영상),[YouTube] 티쓰리,"[영상] 테슬라테슬라가 독일에서 FSD 93,000마일을 몰래 쌓은 방법 (규제도 없이)FSD 불법 국가에서 15만km 자율주행 달성한 테슬라의 꼼수 (조회수 641회)",https://www.youtube.com/watch?v=w9_MklROwck,2026-06-07 08:36
2026-06-07,유튜브(영상),[YouTube] 티쓰리,"[영상] 테슬라테슬라가 독일에서 FSD 93,000마일을 몰래 쌓은 방법 (규제도 없이)FSD 불법 국가에서 15만km 자율주행 달성한 테슬라의 꼼수 (조회수 849회)",https://www.youtube.com/watch?v=ZZilDaxj7gA,2026-06-07 08:36
2026-06-07,유튜브(영상),[YouTube] 티쓰리,"[영상] 테슬라테슬라가 독일에서 FSD 93,000마일을 몰래 쌓은 방법 (규제도 없이)FSD 불법 국가에서 15만km 자율주행 달성한 테슬라의 꼼수 (조회수 929회)",https://www.youtube.com/watch?v=N-e5tRarAwY,2026-06-07 08:36
2026-06-07,유튜브(영상),[YouTube] 경제학달님이,[영상] 7월부터 전기차 충전 전 꼭 보세요! 내 차 스펙 모르면 당하는 이유는? 충전기 스펙' 기준으로 과금! (조회수 1531회),https://www.youtube.com/watch?v=1vtI_1sny6I,2026-06-07 08:36
2026-06-07,유튜브(영상),[YouTube] 티쓰리,"[영상] 테슬라테슬라가 독일에서 FSD 93,000마일을 몰래 쌓은 방법 (규제도 없이)FSD 불법 국가에서 15만km 자율주행 달성한 테슬라의 꼼수 (조회수 1184회)",https://www.youtube.com/watch?v=ZMfgorXjR7s,2026-06-07 08:36
2026-06-07,일렉링크,『 아우디 e트론 공식 카페 』 아우디 이트론 Q4 Q6 A6 전기차,충전시스템 오류 점검후기 공유 +오류시 충전팁,https://cafe.naver.com/qkffks1/31602,2026-06-07 08:35
2026-06-07,일렉링크,"전기차동호회-아이오닉5 6 9,EV3 EV4 EV5 EV6 EV9,테슬라모델Y 3",SK 일렉링크 이벤트로 받은 포인트로 완속충전,https://cafe.naver.com/allfm01/2071114,2026-06-07 08:35
2026-06-07,일렉링크,"전기차동호회-아이오닉5 6 9,EV3 EV4 EV5 EV6 EV9,테슬라모델Y 3",급속 충전 속도 문의,https://cafe.naver.com/allfm01/2071148,2026-06-07 08:35
2026-06-08,유튜브(영상),[YouTube] EV Pick | 이브이 픽,[영상] 아직도 가짜 뉴스에 속아서 전기차 욕하고 계신가요? (조회수 1420회),https://www.youtube.com/watch?v=ivCSYyEXJTw,2026-06-08 08:36
2026-06-08,유튜브(영상),[YouTube] 티쓰리,"[영상] 테슬라테슬라가 독일에서 FSD 93,000마일을 몰래 쌓은 방법 (규제도 없이)FSD 불법 국가에서 15만km 자율주행 달성한 테슬라의 꼼수 (조회수 1369회)",https://www.youtube.com/watch?v=msa6sQdjatk,2026-06-08 08:36
2026-06-08,유튜브(영상),[YouTube] 티쓰리,"[영상] 테슬라""정상 범위입니다"" 말 바꾼 테슬라 — 모델 Y 삐걱 소음, 보증 수리 확정된 이유서비스 센터가 거절했던 그 소음 — 테슬라 공식 bulletin 2종으로 완전히 바뀐 것 (조회수 1231회)",https://www.youtube.com/watch?v=Gd5GYTdhN30,2026-06-08 08:36
2026-06-08,유튜브(영상),[YouTube] 티쓰리,"[영상] 테슬라테슬라가 독일에서 FSD 93,000마일을 몰래 쌓은 방법 (규제도 없이)FSD 불법 국가에서 15만km 자율주행 달성한 테슬라의 꼼수 (조회수 1184회)",https://www.youtube.com/watch?v=qzWXOcfEwQg,2026-06-08 08:36
2026-06-08,유튜브(영상),[YouTube] 개봉박두GaeBongBakDu,"[영상] 현시각, 경남 창녕군 영산면 장척호수길(신제리), 영산휴게소(창원방향), 브라이트에너지파트너스, *워터*(WATER)초급속충전기, 전기차 급속충전중. #shorts, #evtruck, (조회수 1163회)",https://www.youtube.com/watch?v=mK3g91LxDGo,2026-06-08 08:36
2026-06-08,유튜브(영상),[YouTube] 1열 직관 경제,"[영상] ""충전을 왜 해요?"" 안 하는 전기차, 근데 중고로 팔 때가 진짜였다 (조회수 53회)",https://www.youtube.com/watch?v=7pMZ1uCBteo,2026-06-08 08:36
2026-06-08,유튜브(영상),[YouTube] 티쓰리,"[영상] 테슬라테슬라가 독일에서 FSD 93,000마일을 몰래 쌓은 방법 (규제도 없이)FSD 불법 국가에서 15만km 자율주행 달성한 테슬라의 꼼수 (조회수 1140회)",https://www.youtube.com/watch?v=4LJC4-NWT6k,2026-06-08 08:36
2026-06-08,유튜브(영상),[YouTube] 티쓰리,[영상] 테슬라테슬라 2026.14.6 업데이트 — 한국만 먼저 받은 기능의 정체한국 고속도로 요금이 테슬라 네비에 뜬다 — EV 할인까지 자동 계산테슬라가 한국을 실험 대상으로 선택한 (조회수 371회),https://www.youtube.com/watch?v=G77pOxNTUJI,2026-06-08 08:36
2026-06-08,유튜브(영상),[YouTube] 티쓰리,"[영상] 테슬라테슬라 모델3, 1년 무료 충전 혜택 6월 15일 종료 — 지금 사야 할까?모델3 사면 슈퍼차저 1년 공짜? 트림별 가격·혜택 총정리 2026 (조회수 20회)",https://www.youtube.com/watch?v=GRQ4lHESErU,2026-06-08 08:36
2026-06-08,유튜브(영상),[YouTube] 개봉박두GaeBongBakDu,"[영상] 현시각, 대구시 달성군 현풍읍 비슬로(성하리), 현풍휴게소(대구방면), 브라이트에너지파트너스,*워터*(WATER)초급속 충전기, 전기차 급속충전중. #shorts, #evtruck, (조회수 1516회)",https://www.youtube.com/watch?v=hYsqkWROecw,2026-06-08 08:36
2026-06-08,유튜브(영상),[YouTube] 티쓰리,"[영상] 테슬라테슬라가 독일에서 FSD 93,000마일을 몰래 쌓은 방법 (규제도 없이)FSD 불법 국가에서 15만km 자율주행 달성한 테슬라의 꼼수 (조회수 1144회)",https://www.youtube.com/watch?v=ThIBtTcv_hY,2026-06-08 08:36
2026-06-08,유튜브(영상),[YouTube] 티쓰리,"[영상] 테슬라""정상 범위입니다"" 말 바꾼 테슬라 — 모델 Y 삐걱 소음, 보증 수리 확정된 이유서비스 센터가 거절했던 그 소음 — 테슬라 공식 bulletin 2종으로 완전히 바뀐 것 (조회수 1606회)",https://www.youtube.com/watch?v=HrMfjFnV-kc,2026-06-08 08:36
2026-06-08,일렉링크,★ 기아 EV5 공식 동호회 [EV5 클럽] EV5 GT 롱레인지 보조금,무료 포인트 충전중!!,https://cafe.naver.com/300200/678133,2026-06-08 08:35
2026-06-08,일렉링크,현대 아이오닉9 오너스 - 나이너스,"슬기로운 ev 생활10, 왜 200kw에 꽂았는데 속도는 130~ 140 kw 언저리만 나올까?",https://cafe.naver.com/ioniq9owners/29397,2026-06-08 08:35
2026-06-08,유튜브(영상),[YouTube] 에너지하우징,[영상] 3년간 매일 급속충전했더니 벌어진 일 (조회수 5270회),https://www.youtube.com/watch?v=-993OcfIB2E,2026-06-08 08:36
2026-06-08,일렉링크,"폭스바겐 전기차 대표 동호회[폭스바겐 ID 클럽] ID4, ID5 , ID7",이 휴게소 충전기만 이렇네요,https://cafe.naver.com/happyhappybirthday/96852,2026-06-08 08:35
2026-06-08,일렉링크,★기아 EV 동호회[EV오너스클럽] EV3 EV4 EV5 EV6 EV9 GT 보조금,고속도로는 sk일렉링크 나쁘지않네요,https://cafe.naver.com/carmessenger/732989,2026-06-08 08:35
2026-06-08,일렉링크,★테슬라 [TKC] 모델S 모델3 모델X 모델Y 사이버트럭 FSD 전기차,[정보공유] 일렉링크 양팔형 사용 관련 - 2026.06.05 기준,https://cafe.naver.com/noljatravel/1699055,2026-06-08 08:35
2026-06-09,유튜브(영상),[YouTube] 티쓰리,"[영상] 테슬라테슬라 Model Y 무선충전 과열 문제, 한 엔지니어가 200달러로 직접 고쳤다중국산 부품으로 테슬라 고질병 해결한 DIY 레트로핏 – Model YL 쿨링 패드 이식기 (조회수 24회)",https://www.youtube.com/watch?v=-O6lfL-PqGc,2026-06-09 08:41
2026-06-09,유튜브(영상),[YouTube] 드라이브덱,[영상] 전기차 계약 전에 이것만 확인하세요 | 모르면 매번 충전할 때마다 후회합니다 (조회수 31회),https://www.youtube.com/watch?v=Ozj8J8ABhDM,2026-06-09 08:41
2026-06-09,유튜브(영상),[YouTube] 티쓰리,"[영상] 테슬라테슬라 로드스터, 드디어 2026년 공개 확정? 수석 디자이너가 직접 말했다9년의 기다림 끝 — 테슬라 로드스터 공개 임박, 0→100 1.9초의 진실 (조회수 20회)",https://www.youtube.com/watch?v=tqidPD593CY,2026-06-09 08:41
2026-06-09,일렉링크,"전기차동호회-아이오닉5 6 9,EV3 EV4 EV5 EV6 EV9,테슬라모델Y 3",볼트업 완속 충전요금 인하 안내,https://cafe.naver.com/allfm01/2072377,2026-06-09 08:39
2026-06-09,일렉링크,"전기차동호회-아이오닉5 6 9,EV3 EV4 EV5 EV6 EV9,테슬라모델Y 3",이런 충전 방식이 나오면 사용하시겠습니까?,https://cafe.naver.com/allfm01/2072617,2026-06-09 08:39
2026-06-10,유튜브(영상),[YouTube] 드라이브의 모든 것,[영상] 전기차 3년 타면 배터리 이만큼 줄어요 #Shorts (조회수 1149회),https://www.youtube.com/watch?v=wTWI4Zun2xY,2026-06-10 08:44
2026-06-10,유튜브(영상),[YouTube] 1톤클럽,[영상] 젤라 전기차급속충전 (조회수 1727회),https://www.youtube.com/watch?v=IGCQl650Owk,2026-06-10 08:44
2026-06-10,유튜브(영상),[YouTube] EV Pick | 이브이 픽,[영상] 모르면 무조건 손해 보는 전기차 초신박 비밀⚡ (조회수 1966회),https://www.youtube.com/watch?v=34NyNNaBneg,2026-06-10 08:44
2026-06-10,유튜브(영상),[YouTube] 웅교리뷰,[영상] 테슬라 콘센트 충전기로 충전시 실제 전기요금은? (조회수 3371회),https://www.youtube.com/watch?v=_b-3fenkmro,2026-06-10 08:44
2026-06-10,이브이시스,★ EV9 공식동호회 [EV9 오너스클럽] EV9 대표카페 전기차보조금,여행 가실 때는 충전 어디서 하시나요,https://cafe.naver.com/terror4u/1411155,2026-06-10 08:44
2026-06-10,일렉링크,"전기차동호회-아이오닉5 6 9,EV3 EV4 EV5 EV6 EV9,테슬라모델Y 3","SK일렉링크 45,000포인트(34,000원)",https://cafe.naver.com/allfm01/2072910,2026-06-10 08:42
2026-06-10,일렉링크,"전기차동호회-아이오닉5 6 9,EV3 EV4 EV5 EV6 EV9,테슬라모델Y 3",충전소 질문드립니다.,https://cafe.naver.com/allfm01/2073045,2026-06-10 08:42
2026-06-10,일렉링크,★테슬라 [TKC] 모델S 모델3 모델X 모델Y 사이버트럭 FSD 전기차,입장거봉포도휴게소 충전 새치기,https://cafe.naver.com/noljatravel/1701839,2026-06-10 08:42
2026-06-10,일렉링크,★ 기아 EV3 공식동호회 [ EV3 오너스클럽 ] 전기차 보조금 가격,sk일렉링크 350KW 충전,https://cafe.naver.com/musicdomain/880098,2026-06-10 08:42
2026-06-11,채비,"전기차동호회-아이오닉5 6 9,EV3 EV4 EV5 EV6 EV9,테슬라모델Y 3",오늘 채비에서 충전했는데 페이백 20퍼 이벤트 좋네요,https://cafe.naver.com/allfm01/2074031,2026-06-11 08:47
2026-06-11,채비,포르쉐 타이칸 동호회 ■ 더타이칸 클럽 ■ 카이엔EV 전기차,포르쉐 채비카드 정보,https://cafe.naver.com/inhelia/34454,2026-06-11 08:47
2026-06-11,유튜브(영상),[YouTube] AI코알라,"[영상] 전기차 1000km 주행?! 🚗💨 전고체 배터리, 게임체인저 등판! ⚡ (조회수 710회)",https://www.youtube.com/watch?v=fRnSkoN2ayk,2026-06-11 08:47
2026-06-11,유튜브(영상),[YouTube] 탁대연,"[영상] ⚡ 전기차 충전, 이것만 알면 끝입니다 (조회수 1297회)",https://www.youtube.com/watch?v=DBdSvhCZKQI,2026-06-11 08:47
2026-06-11,유튜브(영상),[YouTube] 월드뉴스사파리,"[영상] BYD, 유럽 내 5분 급속 충전망 확대와 생산 계획 공개 - 2026년 6월 11일 해외 기업 브리핑 (조회수 732회)",https://www.youtube.com/watch?v=1B-Bob6kvUA,2026-06-11 08:47
2026-06-11,유튜브(영상),[YouTube] 티쓰리,"[영상] 테슬라테슬라 모델3, EPA 예상 주행거리를 50km나 뛰어넘었다 — 에드먼즈 2026 최고 EV 선정3만6천 달러짜리 보급형이 벤츠·아우디를 꺾었다 — 2026 가장 효율적 (조회수 10회)",https://www.youtube.com/watch?v=EtlEPVOKCn0,2026-06-11 08:47
2026-06-11,일렉링크,★BYD 비야디 전기차 공식동호회[BYD 오너스]아토3 씰 씨라이언7,집밥이 없는데 126m에 급속 충전소 있으면 괜찮을까요?,https://cafe.naver.com/rlfnrl2034/2110413,2026-06-11 08:45
2026-06-12,유튜브(영상),[YouTube] 배터와이,[영상] 전기차 충전량이 실제 충전된 양과 다르다? #전기차충전 #차연비 #전기차라이프 (조회수 297회),https://www.youtube.com/watch?v=jtBWQ7RzczU,2026-06-12 08:49
2026-06-12,유튜브(영상),[YouTube] Ai가 알려주는 유용한팁,[영상] 전기차 배터리 수명 2배 늘리는 열관리 비밀 3가지 (조회수 317회),https://www.youtube.com/watch?v=mAJ1juZw4Kg,2026-06-12 08:49
2026-06-12,유튜브(영상),[YouTube] 이볼루션_ EVolution,[영상] 옆집은 100원인데 우리만 300원인 이유 (조회수 1569회),https://www.youtube.com/watch?v=RJZC7BgQKdk,2026-06-12 08:49
2026-06-12,유튜브(영상),[YouTube] 오늘의주도주,"[영상] *채비* 주가전망, 코스닥 입성 후 시장 판도 흔든다… 기술력과 미래 성장 가치 전격 분석! (조회수 2096회)",https://www.youtube.com/watch?v=fvsV8xhpBPo,2026-06-12 08:49
2026-06-12,이브이시스,"전기차동호회-아이오닉5 6 9,EV3 EV4 EV5 EV6 EV9,테슬라모델Y 3",에버온 급속 좋네요 276 스마트온,https://cafe.naver.com/allfm01/2075143,2026-06-12 08:49
2026-06-12,일렉링크,★테슬라 [TKC] 모델S 모델3 모델X 모델Y 사이버트럭 FSD 전기차,Sk일렉링크 무료충전 된거같은데.. 뭘까요;,https://cafe.naver.com/noljatravel/1703878,2026-06-12 08:47
2026-06-12,일렉링크,"전기차동호회-아이오닉5 6 9,EV3 EV4 EV5 EV6 EV9,테슬라모델Y 3",5월 sk일렉링크 무료충전으로 받은 포인트 다른 충전기에 쓸 수 있나요?,https://cafe.naver.com/allfm01/2074962,2026-06-12 08:47
2026-06-12,일렉링크,★ 아이오닉 공식 동호회 [아이오닉 멤버스] 아이오닉 5 6 7 9 N,sk일렉링크 결제가 안됐네요..?,https://cafe.naver.com/cafeclip/1310517,2026-06-12 08:47
2026-06-12,유튜브(영상),[YouTube] 100km도 못가는 레이EV,"[영상] 레이EV 충전시간, 충전요금 (조회수 19회)",https://www.youtube.com/watch?v=Rf7-X-LFYzU,2026-06-12 08:49
2026-06-12,유튜브(영상),[YouTube] 에너지테라피연구소,[영상] 전기차 충전하듯이 사람의 주유구는 여기! (조회수 11회),https://www.youtube.com/watch?v=31imefHPtss,2026-06-12 08:49
2026-06-13,일렉링크,"전기차동호회-아이오닉5 6 9,EV3 EV4 EV5 EV6 EV9,테슬라모델Y 3",요즘 휴게소 충전기들 관리가 안되는지...,https://cafe.naver.com/allfm01/2076141,2026-06-13 08:45
2026-06-13,일렉링크,★기아 EV 동호회[EV오너스클럽] EV3 EV4 EV5 EV6 EV9 GT 보조금,350kw 왔습니다^^,https://cafe.naver.com/carmessenger/733336,2026-06-13 08:45
2026-06-13,채비,★테슬라 [TKC] 모델S 모델3 모델X 모델Y 사이버트럭 FSD 전기차,경부 추풍령휴게소 부산방향 채비 NACS 설치공사중,https://cafe.naver.com/noljatravel/1705912,2026-06-13 08:46
2026-06-13,유튜브(영상),[YouTube] 차플레이 Chaplay,[영상] 아이오닉 9으로 24시간 안에 전국일주 도전해봤습니다. 1216km 시승기 (조회수 28977회),https://www.youtube.com/watch?v=zNs3P8EzfI0,2026-06-13 08:46
2026-06-13,유튜브(영상),[YouTube] 채비,[영상] 전기차 충전도 배달 OK! *채비*가 달려갑니다 #*채비* #전기차충전 #이동식충전서비스 (조회수 3126회),https://www.youtube.com/watch?v=FowgSuM2rr0,2026-06-13 08:46
2026-06-13,유튜브(댓글),[YouTube] @나혼자산다-z4p,💬 이야~너무좋네  *채비*,https://www.youtube.com/watch?v=FowgSuM2rr0,2026-06-13 08:46
2026-06-13,유튜브(영상),[YouTube] ev김실장,[영상] #전기차충전기   #기후에너지환경부  #공공충전요금 #전기차오너   #전기차  #ev김실장 (조회수 221회),https://www.youtube.com/watch?v=tCySZkF7Y0s,2026-06-13 08:46
2026-06-13,유튜브(영상),[YouTube] 티쓰리,"[영상] 테슬라 테슬라 FSD, 레벨4 달성했다 — 월가 애널리스트가 직접 몬태나에서 미네소타까지 타봤다한국에서 현대·기아 제치고 1등 된 테슬라 — 모델Y 8,762대의 진짜 의미 (조회수 40회)",https://www.youtube.com/watch?v=dMpZR8wmU6U,2026-06-13 08:46
2026-06-13,유튜브(영상),[YouTube] 티쓰리,"[영상] 테슬라 테슬라 FSD, 이틀 만에 유럽 2개국 연속 승인 — 다음은 어디?유럽이 테슬라 자율주행을 허가하기 시작했다 — 벨기에까지 5개국 돌파 (조회수 14회)",https://www.youtube.com/watch?v=vz6zxNzLBBA,2026-06-13 08:46
2026-06-14,일렉링크,"전기차동호회-아이오닉5 6 9,EV3 EV4 EV5 EV6 EV9,테슬라모델Y 3",아이오닉5 첫 완속 풀 충전 연비 주행가능거리,https://cafe.naver.com/allfm01/2076763,2026-06-14 08:37
2026-06-14,유튜브(영상),[YouTube] 루멘,[영상] 전기차 충전할 때마다 화나는 이유 (할인 조건 개편) (조회수 1132회),https://www.youtube.com/watch?v=K4RBogeUl_g,2026-06-14 08:38
2026-06-14,유튜브(영상),[YouTube] 알고보니과학,"[영상] 전기차 1초 충전, 진짜 가능할까? (조회수 382회)",https://www.youtube.com/watch?v=raEEVcWfyks,2026-06-14 08:38
2026-06-14,유튜브(영상),[YouTube] LFR gamer,[영상] *채비* 따블 후 공모가 붕괴 왜  4분기 흑자 전환 타이밍이 관건 (조회수 183회),https://www.youtube.com/watch?v=Df4H8WQZc-c,2026-06-14 08:38
2026-06-14,유튜브(영상),[YouTube] CarZone,[영상] 2027 BYD 돌핀 SUV 공개 전기차 시장 뒤흔든다 (조회수 18회),https://www.youtube.com/watch?v=F6Z4dpOp2SE,2026-06-14 08:38
2026-06-15,일렉링크,★테슬라 [TKC] 모델S 모델3 모델X 모델Y 사이버트럭 FSD 전기차,다들 dc콤보 어뎁터 하나씩 있으신가요?,https://cafe.naver.com/noljatravel/1708721,2026-06-15 08:39
2026-06-15,일렉링크,"전기차동호회-아이오닉5 6 9,EV3 EV4 EV5 EV6 EV9,테슬라모델Y 3",보통 전기차 충전 앱 어떤거 사용하시나요?,https://cafe.naver.com/allfm01/2077216,2026-06-15 08:39
2026-06-15,일렉링크,"전기차동호회-아이오닉5 6 9,EV3 EV4 EV5 EV6 EV9,테슬라모델Y 3",급속충전은 고속도로 휴게소에서(sk일렉링크),https://cafe.naver.com/allfm01/2077066,2026-06-15 08:39
2026-06-15,일렉링크,■ 무쏘EV 토레스EVX 동호회 KGM 전기차 통합카페 픽업트럭 알파,(급속충전 종료 후)전기차시스템점검 메세지 발현 정비 후기,https://cafe.naver.com/gosizone/353242,2026-06-15 08:39
2026-06-15,일렉링크,★테슬라 [TKC] 모델S 모델3 모델X 모델Y 사이버트럭 FSD 전기차,"채비 nacs (남성주 휴게소, 창원 방향)",https://cafe.naver.com/noljatravel/1707972,2026-06-15 08:39
2026-06-15,채비,★테슬라 [TKC] 모델S 모델3 모델X 모델Y 사이버트럭 FSD 전기차,채비 충전기 70프로 멈춤,https://cafe.naver.com/noljatravel/1708231,2026-06-15 08:40
2026-06-15,채비,★테슬라 [TKC] 모델S 모델3 모델X 모델Y 사이버트럭 FSD 전기차,"채비 nacs (남성주 휴게소, 창원 방향)",https://cafe.naver.com/noljatravel/1707972,2026-06-15 08:40
2026-06-15,유튜브(영상),[YouTube] 이볼루션_ EVolution,[영상] 58만km 급속 충전만 배터리 수명 기적의 결과 (조회수 1784회),https://www.youtube.com/watch?v=FvDQIXAwBbA,2026-06-15 08:41
2026-06-15,유튜브(영상),[YouTube] BMW민타니,[영상] 7월 국내 정식출시까지 얼마 남지 않은 BMW iX3 50 xDrive에 대한 이야기 (조회수 1213회),https://www.youtube.com/watch?v=jHGDBDwDde8,2026-06-15 08:41
2026-06-15,유튜브(영상),[YouTube] 티쓰리,[영상] 테슬라테슬라 2026.14.6 업데이트 — 한국만 먼저 받은 기능의 정체한국 고속도로 요금이 테슬라 네비에 뜬다 — EV 할인까지 자동 계산테슬라가 한국을 실험 대상으로 선택한 (조회수 1076회),https://www.youtube.com/watch?v=tIK2vvuzw04,2026-06-15 08:41
2026-06-15,유튜브(영상),[YouTube] Ai쇼츠공장,[영상] 전기차 배터리 수명 반토막 나는 의외의 습관 3가지 (몰랐으면 손해) (조회수 462회),https://www.youtube.com/watch?v=RkBAsbJPlZ8,2026-06-15 08:41
2026-06-15,유튜브(영상),[YouTube] 쇼핑 가이드 XX,[영상] 사람들이 착각한 게 있습니다. 몰락하고 있는 건 전기차가 아니라 (조회수 28회),https://www.youtube.com/watch?v=wwpPA9Vr2QU,2026-06-15 08:41
2026-06-16,일렉링크,"전기차동호회-아이오닉5 6 9,EV3 EV4 EV5 EV6 EV9,테슬라모델Y 3",충전사 모두를 가입해 놔야 할런지....,https://cafe.naver.com/allfm01/2078175,2026-06-16 08:49
2026-06-16,일렉링크,★테슬라 [TKC] 모델S 모델3 모델X 모델Y 사이버트럭 FSD 전기차,대구 - 광주 고속도로 nacs 가 한 곳도 없네요 ㅠㅠㅠㅠ,https://cafe.naver.com/noljatravel/1709869,2026-06-16 08:49
2026-06-16,일렉링크,★테슬라 [TKC] 모델S 모델3 모델X 모델Y 사이버트럭 FSD 전기차,(nacs)서해안 고창고인돌 하행선에 충전기 설치하네요,https://cafe.naver.com/noljatravel/1709771,2026-06-16 08:49
2026-06-16,일렉링크,★테슬라 [TKC] 모델S 모델3 모델X 모델Y 사이버트럭 FSD 전기차,환경부 카드로 로밍시 인증이 실패한 카드라고 떠요,https://cafe.naver.com/noljatravel/1709330,2026-06-16 08:49
2026-06-16,일렉링크,"전기차동호회-아이오닉5 6 9,EV3 EV4 EV5 EV6 EV9,테슬라모델Y 3",sk일렉링크 10만포인트(8만),https://cafe.naver.com/allfm01/2077686,2026-06-16 08:49
2026-06-16,일렉링크,현대 아이오닉9 오너스 - 나이너스,[SK일렉링크] 포인트 소진시 참고하세요,https://cafe.naver.com/ioniq9owners/30288,2026-06-16 08:49
2026-06-16,채비,"#전기차맛집▶아이오닉5 6 9,테슬라모델3 Y,EV 3 6 9 장기렌트","채비, 전기차 충전기 대상 CE 사이버보안 NB 인증 획득",https://cafe.naver.com/evkoreaplus/69372,2026-06-16 08:50
2026-06-16,유튜브(영상),[YouTube] 전차남 : 전기차 알려주는 남자,"[영상] 농민에게 경유는 50% 할인, 전기차 충전은 일반 요금? [26.06.14] (조회수 928회)",https://www.youtube.com/watch?v=KmvkMWxuc1M,2026-06-16 08:50
2026-06-16,유튜브(영상),[YouTube] 수어로 보는 대한민국정부,[영상] [수어로 알려주는 정책] 주말 낮 시간대 공공 전기차 충전 요금 할인(4.18~) (조회수 107회),https://www.youtube.com/watch?v=BJy6Pwo7OoQ,2026-06-16 08:50
2026-06-17,채비,■ 무쏘EV 토레스EVX 동호회 KGM 전기차 통합카페 픽업트럭 알파,채비 급속 충전기에서 충전 시스템 오류 관련질문입니다.(EVX),https://cafe.naver.com/gosizone/353376,2026-06-17 08:47
2026-06-17,유튜브(영상),[YouTube] 카제로 Carzero,"[영상] 올 뉴 RAV4, 전기차와 하이브리드 사이 정답이 왔습니다 #토요타RAV4 #올뉴RAV4 #RAV4풀체인지 #automobile #카제로 (조회수 2008회)",https://www.youtube.com/watch?v=yJcflGAOUcM,2026-06-17 08:47
2026-06-17,유튜브(영상),[YouTube] EV Pick | 이브이 픽,[영상] 전기차 초보가 출고 전에 무조건 해야 하는 4가지 #하이패스 #톨게이트 #30%할인 (조회수 1756회),https://www.youtube.com/watch?v=Q7AF2fBKvMk,2026-06-17 08:47
2026-06-17,유튜브(영상),[YouTube] All carzero 올카제로,"[영상] 수입 전기 SUV의 문턱, ID.5가 다시 낮췄습니다 #폭스바겐ID5 #2026ID5 #ID5프로라이트 #automobile #카제로 (조회수 694회)",https://www.youtube.com/watch?v=9O3RvydISyA,2026-06-17 08:47
2026-06-17,유튜브(영상),[YouTube] 캐도녀,"[영상] 캐스퍼 EV, 남해와 변산에 가다 | 전기차 배터리 1%의 기적?! 실제 오너가 추천하는 캐스퍼 일렉트릭 필수 옵션이 궁금하다면? 4박 5일 장거리 자동차 여행기 2 편 🚗🔋 (조회수 328회)",https://www.youtube.com/watch?v=awhRfjYZ7lc,2026-06-17 08:47
2026-06-17,유튜브(영상),[YouTube] 티쓰리,"[영상] 테슬라테슬라 사이버캡, EPA 인증 완료 핸들 없는 로보택시 2026년 드디어 도로 달린다주행거리 675km, 가격 4만 달러 미만 테슬라 사이버캡이 미국 규제를 통과한 진짜 의미 (조회수 14회)",https://www.youtube.com/watch?v=8uaSreDeXhQ,2026-06-17 08:47
2026-06-18,일렉링크,"전기차동호회-아이오닉5 6 9,EV3 EV4 EV5 EV6 EV9,테슬라모델Y 3",신차 구입때 받은 SK일렉링크포인트를 옮길순 없죠?,https://cafe.naver.com/allfm01/2079719,2026-06-18 08:47
2026-06-18,이브이시스,볼보 전기차 통합동호회 EX30 EX40 EX60 EX90 ES90 Volvo EV카페,EVSIS 완속 충전이 안 되셨던 분 계신가요?,https://cafe.naver.com/volvoev/11071,2026-06-18 08:48
2026-06-18,유튜브(영상),[YouTube] 배터와이,[영상] 전기차 초급속 충전 속도 안 나오는 진짜 이유 ⚡ (feat. 이브이체크) #전기차배터리 (조회수 1809회),https://www.youtube.com/watch?v=8K8PVvOvMl4,2026-06-18 08:48
2026-06-18,유튜브(댓글),[YouTube] @hwankim8052,💬 저거 충전업체마다 충전기 컨디션에 따라 다른것도 많더라고요. 저는 그래서 믿을만한데서만 충전함. 롯데계열사에 *이브이시스* 있는데 여기는 충전기...,https://www.youtube.com/watch?v=8K8PVvOvMl4,2026-06-18 08:48
2026-06-18,유튜브(영상),[YouTube] 에너지하우징,[영상] 아이오닉6 배터리 관리 — 800V 있어도 집밥이 필요한 이유 (조회수 329회),https://www.youtube.com/watch?v=h5D59EWWgDY,2026-06-18 08:48
2026-06-18,유튜브(영상),[YouTube] 이지로우,[영상] 주택관리사 기출문제 | 주택관리관계법규 2025년 63번. 전기신사업과 보편적 공급 (조회수 24회),https://www.youtube.com/watch?v=8STdnxC5Qyg,2026-06-18 08:48
2026-06-19,일렉링크,★BYD 비야디 전기차 공식동호회[BYD 오너스]아토3 씰 씨라이언7,국내 상위 10개 충전기 회사별 충전 요금 안내 (26년 6월 기준),https://cafe.naver.com/rlfnrl2034/2114277,2026-06-19 08:48
2026-06-19,일렉링크,"전기차동호회-아이오닉5 6 9,EV3 EV4 EV5 EV6 EV9,테슬라모델Y 3",EV차주분들께 궁금합니다. 혹시 내차와 궁합이 좋은 충전기/CPO가 있나요?,https://cafe.naver.com/allfm01/2080341,2026-06-19 08:48
2026-06-19,채비,"전기차동호회-아이오닉5 6 9,EV3 EV4 EV5 EV6 EV9,테슬라모델Y 3",채비 양팔형..속도 문제,https://cafe.naver.com/allfm01/2080677,2026-06-19 08:49
2026-06-19,채비,"#전기차맛집▶아이오닉5 6 9,테슬라모델3 Y,EV 3 6 9 장기렌트","채비, KT 손잡고 AI 충전 플랫폼 고도화…“인프라·서비스 전방위 협력”",https://cafe.naver.com/evkoreaplus/69638,2026-06-19 08:49
2026-06-19,채비,"전기차동호회-아이오닉5 6 9,EV3 EV4 EV5 EV6 EV9,테슬라모델Y 3",채비 사용하시는 분들,https://cafe.naver.com/allfm01/2080505,2026-06-19 08:49
2026-06-19,유튜브(영상),[YouTube] All carzero 올카제로,"[영상] 노이어 클라쎄 첫 모델, BMW iX3가 중요한 이유 #BMWiX3 #더뉴BMWiX3 #BMWiX3출시 #노이어클라쎄 #automobile #카제로 (조회수 1872회)",https://www.youtube.com/watch?v=njXT8eS97gA,2026-06-19 08:50
2026-06-19,유튜브(영상),[YouTube] EV 모빌리티 마스터 (EV Mobility Master),[영상] 여름철 급속 충전 중 에어컨 켜두기? 300만 원 날리는 지름길입니다! 🚫 #쇼츠 (조회수 1230회),https://www.youtube.com/watch?v=pAvVBIOtES8,2026-06-19 08:50
2026-06-19,유튜브(영상),[YouTube] 김다마 퀵서비스 화물,[영상] 전기차 충전 지옥... 1월에 겪은 충격 실화 (조회수 912회),https://www.youtube.com/watch?v=niP__Q8UfYs,2026-06-19 08:50
2026-06-19,유튜브(영상),[YouTube] 비터 VITER,"[영상] *채비* + KT, AI전기차 충전소 등장! #*채비* #KT #전기차충전소 (조회수 218회)",https://www.youtube.com/watch?v=t0k413NiRQo,2026-06-19 08:50
2026-06-19,유튜브(영상),[YouTube] 인스타모터스,[영상] 전기차 죽은메인배터리도 살릴수있는기술!!! (조회수 51회),https://www.youtube.com/watch?v=H2P_fNaQNQI,2026-06-19 08:50
2026-06-20,일렉링크,BMW i CLUB [BMW i 전기차 동호회] iX1 iX3 iX i3 i4 i5 i7 i8,BMW 충전카드 고속도로 충전 실패,https://cafe.naver.com/old13/84639,2026-06-20 08:35
2026-06-20,일렉링크,★테슬라 [TKC] 모델S 모델3 모델X 모델Y 사이버트럭 FSD 전기차,일렉링크 42000포인트 33000,https://cafe.naver.com/noljatravel/1715452,2026-06-20 08:35
2026-06-20,일렉링크,"전기차동호회-아이오닉5 6 9,EV3 EV4 EV5 EV6 EV9,테슬라모델Y 3",충전카드 발급종류,https://cafe.naver.com/allfm01/2080850,2026-06-20 08:35
2026-06-20,채비,"전기차동호회-아이오닉5 6 9,EV3 EV4 EV5 EV6 EV9,테슬라모델Y 3",채비 완속 30% 할인된 가격에 충전 해드립니다.,https://cafe.naver.com/allfm01/2081124,2026-06-20 08:36
2026-06-20,유튜브(영상),[YouTube] 채비,[영상] ⚡️급속 충전 314.5원? 기후부 요금보다 훨씬 저렴한 역대급 이벤트 떴다(~8/25) #*채비* #*채비*10주년 #전기차충전 (조회수 13610회),https://www.youtube.com/watch?v=x_NXtdKhhrc,2026-06-20 08:36
2026-06-20,유튜브(영상),[YouTube] 에너지하우징,[영상] EV6 배터리 관리 — 차박 후 100% 충전해야 하는 이유 (조회수 1577회),https://www.youtube.com/watch?v=58A6MEY4mGQ,2026-06-20 08:36
2026-06-20,유튜브(영상),[YouTube] 한국전자기술연구원(KETI),[영상] 전기차 충전 시간을 바꿀 기술🚗 #shorts #keti #전기차배터리 (조회수 1036회),https://www.youtube.com/watch?v=0cwiagaHQU0,2026-06-20 08:36
2026-06-20,유튜브(영상),[YouTube] 카미경,"[영상] 신형 토요타 라브4 3종 시승…PHEV는 전기차 같고 GR 스포츠는 뭐가 다르나 (ADAS, 가속능력 테스트) (조회수 378회)",https://www.youtube.com/watch?v=PU9XAPetBzI,2026-06-20 08:36
2026-06-21,일렉링크,★테슬라 [TKC] 모델S 모델3 모델X 모델Y 사이버트럭 FSD 전기차,일렉링크,https://cafe.naver.com/noljatravel/1717095,2026-06-21 08:39
2026-06-21,유튜브(영상),[YouTube] Motorian모터리언,"[영상] 전기차를 왜 타? 급속충전 되는 토요타 라브4 시승기 Toyota RAV4 HEV, PHEV (조회수 19631회)",https://www.youtube.com/watch?v=UL2C_C99rvA,2026-06-21 08:40
2026-06-21,유튜브(영상),[YouTube] 이안카,"[영상] 전기차 배터리, 진짜 몇 년이나 쓸 수 있을까? 오래 타는 충전 습관 총정리 (조회수 90회)",https://www.youtube.com/watch?v=ck2nKJwcPQU,2026-06-21 08:40
2026-06-22,일렉링크,"전기차동호회-아이오닉5 6 9,EV3 EV4 EV5 EV6 EV9,테슬라모델Y 3",충전기 관리소홀 어디다 신고가능한가요?,https://cafe.naver.com/allfm01/2082257,2026-06-22 08:43
2026-06-22,채비,"전기차동호회-아이오닉5 6 9,EV3 EV4 EV5 EV6 EV9,테슬라모델Y 3",SK일렉포인트로 육백마지기를 가는데... 결국 채비로 결재....,https://cafe.naver.com/allfm01/2082695,2026-06-22 08:44
2026-06-22,이브이시스,★테슬라 [TKC] 모델S 모델3 모델X 모델Y 사이버트럭 FSD 전기차,dc콤보 미리사둘까 하는데,https://cafe.naver.com/noljatravel/1717840,2026-06-22 08:44
2026-06-22,이브이시스,"전기차동호회-아이오닉5 6 9,EV3 EV4 EV5 EV6 EV9,테슬라모델Y 3","EVSIS, 현대차 블루멤버스 함께 '전용 충전권' 선보였다",https://cafe.naver.com/allfm01/2082460,2026-06-22 08:44
2026-06-22,유튜브(영상),[YouTube] 이안카,[영상] 전기차 장기 주차시 베터리 완충 해야 하나요? (조회수 12779회),https://www.youtube.com/watch?v=Deqxm9l0poU,2026-06-22 08:44
2026-06-23,채비,"전기차동호회-아이오닉5 6 9,EV3 EV4 EV5 EV6 EV9,테슬라모델Y 3",채비 10주년 이벤트,https://cafe.naver.com/allfm01/2083233,2026-06-23 08:44
2026-06-23,유튜브(영상),[YouTube] 에너지하우징,[영상] 국산 전기차 NCM 배터리 관리법 완전정리 — 아이오닉·EV·코나 전 차종 적용 (조회수 1418회),https://www.youtube.com/watch?v=1m-xyOFA27Y,2026-06-23 08:44
2026-06-23,유튜브(영상),[YouTube] 럭키위키,[영상] 전기차가 더 쌀까 (조회수 1135회),https://www.youtube.com/watch?v=oHTE1oODIWU,2026-06-23 08:44
2026-06-23,유튜브(영상),[YouTube] EV 모빌리티 마스터 (EV Mobility Master),[영상] 여름철 충전기 꽂았는데 속도 안 나오고 끊기죠? 충전소 탓 아닙니다! 🔌#shorts (조회수 548회),https://www.youtube.com/watch?v=ET0ym050Gqk,2026-06-23 08:44
2026-06-23,유튜브(영상),[YouTube] 이안카,[영상] 물컵으로 이해하는 전기차 배터리 셀 밸런스 (조회수 265회),https://www.youtube.com/watch?v=B-Oy4tri_-U,2026-06-23 08:44
2026-06-23,유튜브(영상),[YouTube] 송파우디[SongpAudi],"[영상] [신형 아우디 출고 메뉴얼]  A6 e-tron, Q6 e-tron 충전구 몰랐던 이야기 & 비상해제 메뉴얼  // 구매했으면 제대로 쓰자!! (조회수 44회)",https://www.youtube.com/watch?v=3DD0vs9i340,2026-06-23 08:44
2026-06-23,유튜브(영상),[YouTube] 티쓰리,[영상] 테슬라 골드만삭스가 테슬라 목표치를 올렸다 — 근데 주가는 이미 그걸 넘어섰다2026년 테슬라 2분기 인도량 42만 대? 유럽이 90% 급등한 진짜 이유 (조회수 18회),https://www.youtube.com/watch?v=tl21OMKmvps,2026-06-23 08:44
2026-06-23,유튜브(영상),[YouTube] 티쓰리,"[영상] 테슬라 테슬라 사이버트럭, 영국에서 압수당한 이유 — UK 도로법이 막은 것영국 경찰이 사이버트럭을 바로 견인한 이유 (2026년 최신) (조회수 10회)",https://www.youtube.com/watch?v=LPVuEodYASU,2026-06-23 08:44
2026-06-23,유튜브(영상),[YouTube] 효수Car상담소,[영상] 현대차가 알아서 내 차 충전하고 세차까지 해서 배달해 준다고?! 🚙💨#현대자동차 #전기차특화서비스 #픽업앤충전 #올케어서비스 @HyundaiLive @genesis_kor (조회수 10회),https://www.youtube.com/watch?v=NAzDhWlbEqc,2026-06-23 08:44
2026-06-24,일렉링크,"전기차동호회-아이오닉5 6 9,EV3 EV4 EV5 EV6 EV9,테슬라모델Y 3","미니 전기차 충전 호환성 문제, 미니코리아 답변 이후 추가 안내 없음",https://cafe.naver.com/allfm01/2084350,2026-06-24 08:35
2026-06-24,일렉링크,클럽 테슬라 [Club Tesla] 모델S 모델3 모델X 모델Y RWD,50kw 급속 충전기와 100kw 급속 충전기 비교,https://cafe.naver.com/foryoucom/379241,2026-06-24 08:35
2026-06-24,일렉링크,★테슬라 [TKC] 모델S 모델3 모델X 모델Y 사이버트럭 FSD 전기차,다음주 출고인데 dc콤보 구입이 고민됩니다...,https://cafe.naver.com/noljatravel/1720579,2026-06-24 08:35
2026-06-24,일렉링크,"전기차동호회-아이오닉5 6 9,EV3 EV4 EV5 EV6 EV9,테슬라모델Y 3",환경부 충전기에 일렉링크 로밍시,https://cafe.naver.com/allfm01/2084078,2026-06-24 08:35
2026-06-24,채비,킬로와트 - 플러그를 꽂는 사람들 (전기차 오너 모임),울주. 외동휴게소에 채비 설치중,https://cafe.naver.com/elecmembers/2856,2026-06-24 08:36
2026-06-24,유튜브(영상),[YouTube] 내팔 NAEPAL,"[영상] 세계 신기록 세운 전기차의 정체, 1회 충전 1,205km!, 삼성 배터리의 놀라운 기록 #전기차 #삼성SDI #루시드에어 #전기차배터리 #기네스북 (조회수 1564회)",https://www.youtube.com/watch?v=FQeqSXnZ244,2026-06-24 08:36
2026-06-24,유튜브(영상),[YouTube] 럭키위키,[영상] 충전소가 답일까 (조회수 1473회),https://www.youtube.com/watch?v=T413covx9jA,2026-06-24 08:36
2026-06-24,유튜브(영상),[YouTube] 테크피디아,"[영상] 전기차 급속충전, 진짜 배터리 수명 갉아먹을까 (조회수 1298회)",https://www.youtube.com/watch?v=xulcRuOMvgA,2026-06-24 08:36
2026-06-24,유튜브(댓글),[YouTube] @황곰이,💬 솔직히 충전은 속도보다 이제 가격이나 청결 같아요. 전 참고로 *이브이시스* 쓰고 있는데 월 충전량 350kWh 이상 사용해서 인피니티 구독하니...,https://www.youtube.com/watch?v=xulcRuOMvgA,2026-06-24 08:36
2026-06-24,유튜브(영상),[YouTube] (주)디젤트럭 영업용번호판시세,[영상] 전기차 충전비 9%의 비밀… 차주들 몰렸다 (조회수 871회),https://www.youtube.com/watch?v=y0P86_cslU4,2026-06-24 08:36
2026-06-24,유튜브(영상),[YouTube] 미라클주식TV,"[영상] [*채비* 주가분석]🔥※공공급속 충전기 제작구매 4권역 사업 공급계약도대체 주가는 언제쯤 갈까?""일정 보면 미래 보인다 ""ㅇㅇ종목과 같은 흐름""#*채비* #*채비*주가 #*채비* 분석 #*채비*주식 (조회수 368회)",https://www.youtube.com/watch?v=e12potxfHkk,2026-06-24 08:36
2026-06-24,유튜브(영상),[YouTube] 세력사냥꾼,[영상] [*채비* 주가전망] 판뒤집혔다!! 전기차 급속충전기 103억 공급 계약 발표 나왔다 장마감후 대규모 호재 공시 떴다 외인 기관 물량 싹쓸이중 #*채비* #*채비*주가 #*채비*주가전망 (조회수 319회),https://www.youtube.com/watch?v=vxGJy9pOMqE,2026-06-24 08:36
2026-06-24,유튜브(영상),[YouTube] ev김실장,[영상] 아파트가 충전기를 직접 운영하면 충전요금이 더 쌀까  #전기차충전기#충전기직접운영#충전기위탁운영#아파트관리#입주자대표회의#관리사무소#공동주택#EV김실장#전기차충전#전기차생활 (조회수 287회),https://www.youtube.com/watch?v=LbZzIvYVFJo,2026-06-24 08:36
2026-06-24,유튜브(영상),[YouTube] GOLDWHALE 골드웨일,[영상] [카읽남] 2027 아이오닉 5 핵심정리｜가격·주행거리·충전까지 한 번에 보기 (조회수 36회),https://www.youtube.com/watch?v=wX9uDkOu1F0,2026-06-24 08:36
2026-06-24,유튜브(영상),[YouTube] 티쓰리,"[영상] 테슬라 에어포스원 2026, 트럼프가 공개한 4억 달러 전용기에 머스크 스타링크가 들어간 진짜 이유새 에어포스원에 일론 머스크 기술 탑재, 트럼프 ""이런 통신장비 본 (조회수 10회)",https://www.youtube.com/watch?v=aCrJcxzejT4,2026-06-24 08:36
2026-06-25,일렉링크,"전기차동호회-아이오닉5 6 9,EV3 EV4 EV5 EV6 EV9,테슬라모델Y 3",횡성휴게소 인천방향 충전기 의문,https://cafe.naver.com/allfm01/2085548,2026-06-25 08:37
2026-06-25,일렉링크,★테슬라 [TKC] 모델S 모델3 모델X 모델Y 사이버트럭 FSD 전기차,일렉링크 오토차징 이런 문자 받으신분 계신가요,https://cafe.naver.com/noljatravel/1722226,2026-06-25 08:37
2026-06-25,이브이시스,★BYD 비야디 전기차 공식동호회[BYD 오너스]아토3 씰 씨라이언7,왕초보)과금형 충전기 사용 관련 문의 드려요,https://cafe.naver.com/rlfnrl2034/2117535,2026-06-25 08:39
2026-06-25,유튜브(영상),[YouTube] 테슬라타는가족,"[영상] 테슬라, 일반 급속 충전기도 됨 (조회수 2529회)",https://www.youtube.com/watch?v=dGFGbidhQ3I,2026-06-25 08:39
2026-06-25,유튜브(댓글),[YouTube] @황곰이,💬 저도 집밥 없는데 전 *이브이시스* 앱 씁니다 350kwh이상 충전해서 인피니트 구독 박으니까 괜찮더라고요 충전소도 은근 많고 깔끔해서 여러가지...,https://www.youtube.com/watch?v=dGFGbidhQ3I,2026-06-25 08:39
2026-06-25,유튜브(영상),[YouTube] CUST CAR NEWS,[영상] 전기차 급속충전 80% 뒤 느려지는 이유 #전기차충전 #급속충전 #EV (조회수 79회),https://www.youtube.com/watch?v=vlO0E9eSSR8,2026-06-25 08:39
2026-06-26,채비,"#전기차맛집▶아이오닉5 6 9,테슬라모델3 Y,EV 3 6 9 장기렌트","채비, 공공 급속충전 사업 잇단 수주…260대 공급",https://cafe.naver.com/evkoreaplus/69981,2026-06-26 08:45
2026-06-26,이브이시스,"전기차동호회-아이오닉5 6 9,EV3 EV4 EV5 EV6 EV9,테슬라모델Y 3",택시기사님 충전요금가격은?,https://cafe.naver.com/allfm01/2086088,2026-06-26 08:45
2026-06-26,유튜브(영상),[YouTube] ev김실장,"[영상] 전기차 충전요금, 반값도 가능합니다!전기차 충전 할인카드 TOP3 #전기차 #전기차충전 #충전요금  #전기차할인카드 #신한EV카드 #삼성iDPLUGIN #BC어디로든그린카드 (조회수 265회)",https://www.youtube.com/watch?v=-23OeKw0EIk,2026-06-26 08:45
2026-06-26,유튜브(영상),[YouTube] 티쓰리,"[영상] 테슬라 일론 머스크 ""전기 로켓은 불가능하다"" — 스페이스X ESG 최저 등급 사태 (조회수 10회)",https://www.youtube.com/watch?v=N90dZZTO6_k,2026-06-26 08:45
2026-06-27,일렉링크,"전기차동호회-아이오닉5 6 9,EV3 EV4 EV5 EV6 EV9,테슬라모델Y 3",앞으로 일렉링크 카드로 EPIT충전안됨,https://cafe.naver.com/allfm01/2086728,2026-06-27 08:37
2026-06-27,이브이시스,★테슬라 [TKC] 모델S 모델3 모델X 모델Y 사이버트럭 FSD 전기차,비공용 완속충전기 추천부탁드립니다.,https://cafe.naver.com/noljatravel/1724858,2026-06-27 08:39
2026-06-27,유튜브(영상),[YouTube] 에너지하우징,"[영상] ""내 차에 이 버튼 있나요? — 현대 기아 전기차 25년형 전후로 완전히 갈립니다"" (조회수 1197회)",https://www.youtube.com/watch?v=DaMKc1yVHYQ,2026-06-27 08:39
2026-06-27,유튜브(영상),[YouTube] 택스앤카의 미래입니다,[영상] 전기차 처음이면 충전카드부터 헷갈립니다 (조회수 670회),https://www.youtube.com/watch?v=uqI_sUdTtuE,2026-06-27 08:39
2026-06-27,유튜브(영상),[YouTube] ev김실장,"[영상] 신한 EV카드, 최대 50% 캐시백? 직접 확인해봤습니다!｜전기차 충전 할인카드 2편  #전기차충전기 #신한EV카드 #전기차할인카드 #충전요금  #전기차꿀팁#EV김실장  #캐시백 (조회수 197회)",https://www.youtube.com/watch?v=LsVEAFyIC-o,2026-06-27 08:39
2026-06-27,유튜브(영상),[YouTube] 알고타,[영상] 전기차 장거리 비싸다고요? 아이오닉5 대전 삼척 왕복 611km 실충전비 공개합니다 (조회수 75회),https://www.youtube.com/watch?v=nWnDQE9Bcc4,2026-06-27 08:39
2026-06-27,유튜브(영상),[YouTube] 티쓰리,"[영상] 테슬라 테슬라 'MEGAPOD' 상표 출원, AI 데이터센터 정체 드디어 풀렸다테슬라 AI 컴퓨팅 인프라, 메가팩 다음은 '메가팟'이다테슬라 신규 상표 MEGAPOD (조회수 18회)",https://www.youtube.com/watch?v=-7f_Qf49TMg,2026-06-27 08:39
2026-06-28,일렉링크,"전기차동호회-아이오닉5 6 9,EV3 EV4 EV5 EV6 EV9,테슬라모델Y 3",충전 관련 팁을 알고 싶습니다.,https://cafe.naver.com/allfm01/2087880,2026-06-28 08:34
2026-06-28,일렉링크,★테슬라 [TKC] 모델S 모델3 모델X 모델Y 사이버트럭 FSD 전기차,충전카드 !,https://cafe.naver.com/noljatravel/1726448,2026-06-28 08:34
2026-06-28,일렉링크,★테슬라 [TKC] 모델S 모델3 모델X 모델Y 사이버트럭 FSD 전기차,"테슬라 y, DC콤보만있으면 우리나라 어디서든 충전가능한가요?",https://cafe.naver.com/noljatravel/1726336,2026-06-28 08:34
2026-06-28,채비,★테슬라 [TKC] 모델S 모델3 모델X 모델Y 사이버트럭 FSD 전기차,영천휴게소 (포항방면) 채비 NACS~!!,https://cafe.naver.com/noljatravel/1726206,2026-06-28 08:35
2026-06-28,유튜브(영상),[YouTube] 신차올림픽_CAR PICK,[영상] 그래서 전기차 얼마 절약되는데? (조회수 3587회),https://www.youtube.com/watch?v=G0-vR27oayw,2026-06-28 08:35
2026-06-28,유튜브(영상),[YouTube] 신차올림픽_CAR PICK,"[영상] 💡[완벽비교] 쏘렌토 하브 vs 기아 EV5  기름값 2,000원 시대 유지비 종결 (조회수 1547회)",https://www.youtube.com/watch?v=fdZIAQiVEzk,2026-06-28 08:35
2026-06-28,유튜브(영상),[YouTube] 티쓰리,"[영상] 테슬라테슬라 오토파일럿 또 사망사고, 73마일 충돌 진실은? | 텍사스 소송 전말76세 마사 아빌라 사망사건, 일론 머스크가 직접 반박한 이유 (조회수 15회)",https://www.youtube.com/watch?v=RhcqDIwCm04,2026-06-28 08:35
2026-06-29,일렉링크,"전기차동호회-아이오닉5 6 9,EV3 EV4 EV5 EV6 EV9,테슬라모델Y 3",급속요금관련,https://cafe.naver.com/allfm01/2088451,2026-06-29 08:36
2026-06-29,일렉링크,★테슬라 [TKC] 모델S 모델3 모델X 모델Y 사이버트럭 FSD 전기차,오늘자 충전업체의 망한 이벤트,https://cafe.naver.com/noljatravel/1727497,2026-06-29 08:36
2026-06-29,일렉링크,"전기차동호회-아이오닉5 6 9,EV3 EV4 EV5 EV6 EV9,테슬라모델Y 3",회사에 sk일렉링크인데 다른회원분게 포인트 할인가로 사서 쓰는거 어떨가요,https://cafe.naver.com/allfm01/2088274,2026-06-29 08:36
2026-06-29,일렉링크,"전기차동호회-아이오닉5 6 9,EV3 EV4 EV5 EV6 EV9,테슬라모델Y 3",일렉링크 크래딧 질문,https://cafe.naver.com/allfm01/2088123,2026-06-29 08:36
2026-06-29,채비,★테슬라 [TKC] 모델S 모델3 모델X 모델Y 사이버트럭 FSD 전기차,"포항,울산간 외동휴게소 채비 충전기 신설..",https://cafe.naver.com/noljatravel/1727363,2026-06-29 08:37
2026-06-29,채비,★BYD 비야디 전기차 공식동호회[BYD 오너스]아토3 씰 씨라이언7,집 근처 채비 급속충전!,https://cafe.naver.com/rlfnrl2034/2119803,2026-06-29 08:37
2026-06-29,유튜브(영상),[YouTube] 알고타,"[영상] 아이오닉5 611km 35,450원 (조회수 2481회)",https://www.youtube.com/watch?v=lWcjFhZuKSM,2026-06-29 08:37
2026-06-29,유튜브(영상),[YouTube] 티쓰리,[영상] 테슬라 골드만삭스가 테슬라 목표치를 올렸다 — 근데 주가는 이미 그걸 넘어섰다2026년 테슬라 2분기 인도량 42만 대? 유럽이 90% 급등한 진짜 이유 (조회수 17회),https://www.youtube.com/watch?v=kxAFYDxxKF4,2026-06-29 08:37
2026-06-29,유튜브(영상),[YouTube] 티쓰리,"[영상] 테슬라테슬라 슈퍼차저 2026, 평생 무공급 충전 노리는 9명의 승자, 조건 완전 정리테슬라 2026 무료 슈퍼차징 콘테스트, 1월부터 12월까지 충전 데이터가 곧 상품권 (조회수 12회)",https://www.youtube.com/watch?v=H21LwAiehYA,2026-06-29 08:37
2026-06-29,유튜브(영상),[YouTube] 티쓰리,[영상] 테슬라 골드만삭스가 테슬라 목표치를 올렸다 — 근데 주가는 이미 그걸 넘어섰다2026년 테슬라 2분기 인도량 42만 대? 유럽이 90% 급등한 진짜 이유 (조회수 11회),https://www.youtube.com/watch?v=_GAsUd-7Obo,2026-06-29 08:37
2026-06-29,유튜브(영상),[YouTube] 티쓰리,[영상] 테슬라 골드만삭스가 테슬라 목표치를 올렸다 — 근데 주가는 이미 그걸 넘어섰다2026년 테슬라 2분기 인도량 42만 대? 유럽이 90% 급등한 진짜 이유 (조회수 10회),https://www.youtube.com/watch?v=Dd8PyMsYSRw,2026-06-29 08:37
2026-06-29,유튜브(영상),[YouTube] 티쓰리,[영상] 테슬라 골드만삭스가 테슬라 목표치를 올렸다 — 근데 주가는 이미 그걸 넘어섰다2026년 테슬라 2분기 인도량 42만 대? 유럽이 90% 급등한 진짜 이유 (조회수 10회),https://www.youtube.com/watch?v=VDQcoqryXbk,2026-06-29 08:37
2026-06-30,일렉링크,★테슬라 [TKC] 모델S 모델3 모델X 모델Y 사이버트럭 FSD 전기차,sk일렉링크 구독 질문있어요,https://cafe.naver.com/noljatravel/1729511,2026-06-30 08:34
2026-06-30,일렉링크,★테슬라 [TKC] 모델S 모델3 모델X 모델Y 사이버트럭 FSD 전기차,일렉링크포인트 43000원>33000원,https://cafe.naver.com/noljatravel/1729289,2026-06-30 08:34
2026-06-30,일렉링크,★테슬라 [TKC] 모델S 모델3 모델X 모델Y 사이버트럭 FSD 전기차,선불 결제(포인트) 가능한 전기차 충전카드는 무엇이 있나요?,https://cafe.naver.com/noljatravel/1728151,2026-06-30 08:34
2026-06-30,채비,"#전기차맛집▶아이오닉5 6 9,테슬라모델3 Y,EV 3 6 9 장기렌트","현대차그룹·채비, 전기차 충전 생태계 경험 강화 나서",https://cafe.naver.com/evkoreaplus/70149,2026-06-30 08:35
2026-06-30,채비,"#전기차맛집▶아이오닉5 6 9,테슬라모델3 Y,EV 3 6 9 장기렌트","현대차그룹, 채비와 손잡고 전기차 ‘PnC’ 충전 생태계 넓힌다",https://cafe.naver.com/evkoreaplus/70123,2026-06-30 08:35
2026-06-30,이브이시스,"전기차동호회-아이오닉5 6 9,EV3 EV4 EV5 EV6 EV9,테슬라모델Y 3",VPC 업데이트 후 완속 충전 시 자동으로 종료되요,https://cafe.naver.com/allfm01/2089266,2026-06-30 08:35
2026-06-30,이브이시스,★테슬라 [TKC] 모델S 모델3 모델X 모델Y 사이버트럭 FSD 전기차,공동주택 완속충전요금 보니 답이 없어보이네요,https://cafe.naver.com/noljatravel/1729077,2026-06-30 08:35
2026-06-30,유튜브(영상),[YouTube] 신차올림픽_CAR PICK,[영상] 전기차 vs 하브 고민중인 사람만 보세요 (조회수 3743회),https://www.youtube.com/watch?v=NTSme_sD7LU,2026-06-30 08:35
2026-06-30,유튜브(영상),[YouTube] 에너지하우징,"[영상] 전기차 배터리 수명, 달리는 시간보다 세워두는 시간이 결정합니다 (조회수 1334회)",https://www.youtube.com/watch?v=uEOB86thvFs,2026-06-30 08:35
2026-06-30,유튜브(영상),[YouTube] 홈에너지,[영상] 태양광 설치하고 전기차 충전까지 용인 전원주택 3kW 시공 (조회수 827회),https://www.youtube.com/watch?v=NhwKeqduTtc,2026-06-30 08:35
2026-06-30,유튜브(영상),[YouTube] 그롱브,[영상] 전기차 충전요금 아끼는 신박한 방법 (조회수 749회),https://www.youtube.com/watch?v=y41TCjHKqlo,2026-06-30 08:35
2026-06-30,유튜브(영상),[YouTube] 택스앤카의 미래입니다,[영상] 전기차 장거리 운전이 걱정된다면 꼭 보세요! (조회수 616회),https://www.youtube.com/watch?v=jZxTG3hSyBc,2026-06-30 08:35
2026-06-30,유튜브(영상),[YouTube] 세력주공식TV,"[영상] *채비*, '현대차'가 선택했다.. '이때' 주가 무섭게 폭발한다 #*채비* #*채비*주가 #*채비*주가전망 (조회수 239회)",https://www.youtube.com/watch?v=rF2ib_1iRm8,2026-06-30 08:35
2026-06-30,유튜브(댓글),[YouTube] @gongsik,💬 📲 *채비* 전기차 충전 대응표 받기 👉 https://blogsms.net/010-7703-7768 문자 전송: *채비*  *채비*는 지금 단...,https://www.youtube.com/watch?v=rF2ib_1iRm8,2026-06-30 08:35
2026-06-30,유튜브(영상),[YouTube] ev김실장,[영상] 전기차 충전 할인카드! 신한 vs 삼성 뭐가 다를까?  #전기차충전 #전기차충전카드 #신한EV카드 #삼성iDPLUGIN #충전요금 #충전할인 #신용카드추천 #전기차꿀팁 #EV김실장 (조회수 228회),https://www.youtube.com/watch?v=2UxSYhvdWbw,2026-06-30 08:35
2026-07-01,일렉링크,"전기차동호회-아이오닉5 6 9,EV3 EV4 EV5 EV6 EV9,테슬라모델Y 3",급속 충전 첫경험,https://cafe.naver.com/allfm01/2090123,2026-07-01 08:39
2026-07-01,일렉링크,★테슬라 [TKC] 모델S 모델3 모델X 모델Y 사이버트럭 FSD 전기차,"일렉링크 52,630",https://cafe.naver.com/noljatravel/1730162,2026-07-01 08:39
2026-07-01,채비,★테슬라 [TKC] 모델S 모델3 모델X 모델Y 사이버트럭 FSD 전기차,채비 홈충전기로 예약충전 잘 되시나요?,https://cafe.naver.com/noljatravel/1729946,2026-07-01 08:40
2026-07-01,이브이시스,"★폴스타 공식 동호회 ★ 볼보 폴스타2, 폴스타3, 4, 5 전기차",진짜 집밥(비공용 충전기) 설치비 지원,https://cafe.naver.com/hamseang/122350,2026-07-01 08:41
2026-07-01,이브이시스,"전기차동호회-아이오닉5 6 9,EV3 EV4 EV5 EV6 EV9,테슬라모델Y 3",충전 어플 어떤거 쓰시나요~?,https://cafe.naver.com/allfm01/2089662,2026-07-01 08:41
2026-07-01,유튜브(영상),[YouTube] 오늘의주도주,"[영상] *채비* 주가전망, 역사적 바닥권 황금 물량 여기서 뺏기면 평생 후회합니다! 국내 1위 충전 플랫폼 뒤에 감춰진 적정 목표가 공개 (조회수 1267회)",https://www.youtube.com/watch?v=HR3-GQtHAtc,2026-07-01 08:41
2026-07-01,유튜브(영상),[YouTube] 이고,"[영상] 무상 교체 뒤 요금 올랐다면, 이유가 있습니다 (조회수 1149회)",https://www.youtube.com/watch?v=U1kFiCPXkEo,2026-07-01 08:41
2026-07-01,유튜브(영상),[YouTube] 알고타,[영상] 전기차 충전소 같은 장소 다른 요금 (조회수 1076회),https://www.youtube.com/watch?v=MXd4paMZ7Uw,2026-07-01 08:41
2026-07-01,유튜브(댓글),[YouTube] @황곰이,💬 앱에 따라 다르긴 하더라고요 전 *이브이시스* 앱 씁니다. 참고로 월 350kwh 이상 충전하면 인피니티 구독하면 저것보다 훨 싸게 나와요. 충...,https://www.youtube.com/watch?v=MXd4paMZ7Uw,2026-07-01 08:41
2026-07-01,유튜브(영상),[YouTube] 양지바른보호작업장,[영상] #양지바른보호작업장 #데일리루시커피 #용인특례시 #사회복지법인_양지바른 #교통약자편의제공_저상형급속충전시설 #기후에너지환경부 #전기차 #전기차충전시설_사고예방_안전관리계획 (조회수 401회),https://www.youtube.com/watch?v=muYqyAc2dtg,2026-07-01 08:41
2026-07-01,유튜브(영상),[YouTube] EVSIS,[영상] 충전할수록 이득! EVSIS 200% 활용법 #evsis #*이브이시스*#전기차충전 (조회수 393회),https://www.youtube.com/watch?v=WD-wGGrPcX4,2026-07-01 08:41
2026-07-01,유튜브(영상),[YouTube] EVSIS,[영상] 충전비 아끼는 꿀팁 ⚡ EVSIS 구독하고 주차까지 무료로! #evsis #*이브이시스* #전기차충전 #급속충전 (조회수 369회),https://www.youtube.com/watch?v=vxwk7UgqhoU,2026-07-01 08:41
2026-07-01,유튜브(영상),[YouTube] ev김실장,"[영상] 기후부 충전카드, 아직도 인증카드로만 쓰시나요? 🚗⚡#전기차 #전기차충전 #전기차충전기 #충전요금 #충전비절약 #기후부 #기후에너지부 #공공충전요금 #전기차할인카드  #충전꿀팁 (조회수 211회)",https://www.youtube.com/watch?v=4JcqrHi3fuo,2026-07-01 08:41
2026-07-01,유튜브(영상),[YouTube] EVSIS,[영상] 전기차 오너 필독! EVSIS(*이브이시스*) 전기차 충전 혜택 (조회수 27회),https://www.youtube.com/watch?v=XkUKwHRRM7g,2026-07-01 08:41
2026-07-02,일렉링크,★테슬라 [TKC] 모델S 모델3 모델X 모델Y 사이버트럭 FSD 전기차,SK일렉링크 이서휴게소 양방향 NACS 추가,https://cafe.naver.com/noljatravel/1732972,2026-07-02 08:42
2026-07-02,일렉링크,"전기차동호회-아이오닉5 6 9,EV3 EV4 EV5 EV6 EV9,테슬라모델Y 3",집밥 설치 관련...충전기는 있습니다,https://cafe.naver.com/allfm01/2090946,2026-07-02 08:42
2026-07-02,일렉링크,★테슬라 [TKC] 모델S 모델3 모델X 모델Y 사이버트럭 FSD 전기차,12.5개월 충전 정리 (롱20),https://cafe.naver.com/noljatravel/1732290,2026-07-02 08:42
2026-07-02,채비,★테슬라 [TKC] 모델S 모델3 모델X 모델Y 사이버트럭 FSD 전기차,채비 고속도로 휴게소 NACS 서비스 시작,https://cafe.naver.com/noljatravel/1732445,2026-07-02 08:43
2026-07-02,채비,"#전기차맛집▶아이오닉5 6 9,테슬라모델3 Y,EV 3 6 9 장기렌트","토요타, 하늘 나는 택시 양산 채비…조비와 합작사 설립",https://cafe.naver.com/evkoreaplus/70277,2026-07-02 08:43
2026-07-02,유튜브(영상),[YouTube] 배터와이,[영상] 급속충전 자주 하면 배터리 수명 진짜 줄어들까? #전기차급속충전 (조회수 2259회),https://www.youtube.com/watch?v=759w1zGr44Y,2026-07-02 08:43
2026-07-02,유튜브(영상),[YouTube] 에너지하우징,[영상] EV9 배터리 관리법 — 카니발이랑 계산법이 다릅니다 (조회수 617회),https://www.youtube.com/watch?v=uJQrrJDZhWo,2026-07-02 08:43
2026-07-02,유튜브(영상),[YouTube] 경제 공부 30초 요약,[영상] 8월부터 전기차 충전 요금 바뀝니다! 완속 vs 초급속 뭐가 더 이득일까?  #경제뉴스 #경제공부 (조회수 325회),https://www.youtube.com/watch?v=yPgrzaz5XKI,2026-07-02 08:43
2026-07-02,유튜브(영상),[YouTube] 연합인포맥스뉴스,"[영상] 기후부, 전기차 공공 충전요금 체계 개편…완속 인하·초급속 인상 (조회수 31회)",https://www.youtube.com/watch?v=c9xTimsTSkE,2026-07-02 08:43
2026-07-02,유튜브(영상),[YouTube] 티쓰리,[영상] 테슬라 테슬라 폰은 없다 — 근데 머스크가 준비한 건 그보다 더 크다Elon Musk 폰 루머의 진실 2026 — Starlink가 스마트폰을 대체한다?테슬라 (조회수 12회),https://www.youtube.com/watch?v=74s50VAIz58,2026-07-02 08:43
2026-07-03,일렉링크,★ 아이오닉 공식 동호회 [아이오닉 멤버스] 아이오닉 5 6 7 9 N,망할 이지차저때문에 다산이핏에서 충전하네요.,https://cafe.naver.com/cafeclip/1312686,2026-07-03 08:35
2026-07-03,일렉링크,★테슬라 [TKC] 모델S 모델3 모델X 모델Y 사이버트럭 FSD 전기차,갑자기 궁금해졌는데 우리나라는 대부분 DC콤보 죠?,https://cafe.naver.com/noljatravel/1734103,2026-07-03 08:35
2026-07-03,일렉링크,"전기차동호회-아이오닉5 6 9,EV3 EV4 EV5 EV6 EV9,테슬라모델Y 3",충전소어플 어떤거 많이 사용하시나요?,https://cafe.naver.com/allfm01/2091635,2026-07-03 08:35
2026-07-03,일렉링크,★테슬라 [TKC] 모델S 모델3 모델X 모델Y 사이버트럭 FSD 전기차,채비 성주휴게소 양평방향 NACS 추가,https://cafe.naver.com/noljatravel/1733803,2026-07-03 08:35
2026-07-03,일렉링크,"전기차동호회-아이오닉5 6 9,EV3 EV4 EV5 EV6 EV9,테슬라모델Y 3",급속충전 무슨 오류인가요?,https://cafe.naver.com/allfm01/2091484,2026-07-03 08:35
2026-07-03,채비,★테슬라 [TKC] 모델S 모델3 모델X 모델Y 사이버트럭 FSD 전기차,채비 성주휴게소 양평방향 NACS 추가,https://cafe.naver.com/noljatravel/1733803,2026-07-03 08:36
2026-07-03,이브이시스,"전기차동호회-아이오닉5 6 9,EV3 EV4 EV5 EV6 EV9,테슬라모델Y 3",충전소어플 어떤거 많이 사용하시나요?,https://cafe.naver.com/allfm01/2091635,2026-07-03 08:36
2026-07-03,유튜브(영상),[YouTube] 세종대왕,"[영상] 전기차 충전비 개편, 내 차는 싸질까 비싸질까 #전기차 #생활경제 #shorts (조회수 898회)",https://www.youtube.com/watch?v=Ka5QjMTBBZs,2026-07-03 08:36
2026-07-03,유튜브(영상),[YouTube] ev김실장,[영상] 급속충전기... 왜 내 차만 느린 것 같지?#전기차 #급속충전 #전기차충전 #충전속도 #BMS #배터리관리시스템  #전기차정보 #EV충전 #전기차배터리  #충전기 #EV김실장 (조회수 247회),https://www.youtube.com/watch?v=5HFjOLum_XY,2026-07-03 08:36
2026-07-03,유튜브(영상),[YouTube] 세력주공식TV,"[영상] *채비*, 상장 후 첫 반등 구간 다가온다.. 놓치면 땅을 치고 후회한다 #*채비* #*채비*주가 #*채비*주가전망 (조회수 217회)",https://www.youtube.com/watch?v=w_XZUPOUWiU,2026-07-03 08:36
2026-07-03,유튜브(댓글),[YouTube] @gongsik,"💬 📲 *채비* 대응표 무료로 받기 👉 https://blogsms.net/010-7703-7768 문자 전송: *채비*  🚨 *채비* 보유자분들,...",https://www.youtube.com/watch?v=w_XZUPOUWiU,2026-07-03 08:36
2026-07-03,유튜브(영상),[YouTube] 워터 Water,"[영상] 장거리 전기차 충전, 이제 이거 모르면 진짜 고생합니다 🚗 *워터* 익스프레스 출시! (조회수 81회)",https://www.youtube.com/watch?v=qls8-Xf8R6s,2026-07-03 08:36
2026-07-03,유튜브(영상),[YouTube] 티쓰리,"[영상] 테슬라테슬라 사이버캡, 공식 문서로 확인된 충격적 사실 — 스티어링 휠 영구 삭제 확정테슬라 사이버캡 핸들 없다, 진짜였다 — 소방관용 가이드북에서 드러난 결정적 증거 (조회수 11회)",https://www.youtube.com/watch?v=RXaTUYm_fM4,2026-07-03 08:36
2026-07-04,일렉링크,★테슬라 [TKC] 모델S 모델3 모델X 모델Y 사이버트럭 FSD 전기차,채비 평사휴게소 부산방향 NACS 추가,https://cafe.naver.com/noljatravel/1735918,2026-07-04 08:34
2026-07-04,일렉링크,"전기차동호회-아이오닉5 6 9,EV3 EV4 EV5 EV6 EV9,테슬라모델Y 3",일렉링크 포인트 (4.6C -> 3.6만),https://cafe.naver.com/allfm01/2092350,2026-07-04 08:34
2026-07-04,채비,"전기차동호회-아이오닉5 6 9,EV3 EV4 EV5 EV6 EV9,테슬라모델Y 3",채비 충전소 진짜 화딱지 나네요,https://cafe.naver.com/allfm01/2092668,2026-07-04 08:35
2026-07-04,채비,★테슬라 [TKC] 모델S 모델3 모델X 모델Y 사이버트럭 FSD 전기차,채비 평사휴게소 부산방향 NACS 추가,https://cafe.naver.com/noljatravel/1735918,2026-07-04 08:35
2026-07-04,이브이시스,"전기차동호회-아이오닉5 6 9,EV3 EV4 EV5 EV6 EV9,테슬라모델Y 3",롯데 이브이시스 7kwh 설치 및 비용 인증 有,https://cafe.naver.com/allfm01/2092183,2026-07-04 08:36
2026-07-04,유튜브(영상),[YouTube] I'm양곰,"[영상] ""유지비가 더 든다?"" 전기차 차주들 분노…8월부터 또 오른다 (조회수 1347회)",https://www.youtube.com/watch?v=9isCrDniA5w,2026-07-04 08:36
2026-07-04,유튜브(영상),[YouTube] 대한 해석소,[영상] 전기차 샀다가 멘붕…결국 올 것이 왔습니다. (조회수 1005회),https://www.youtube.com/watch?v=kM85-bxEaDQ,2026-07-04 08:36
2026-07-04,유튜브(영상),[YouTube] 오늘도 괜찮은 하루,"[영상] 전기차는 덜 싸지고, 적금은 오늘 막차입니다 (조회수 797회)",https://www.youtube.com/watch?v=GsYmoL3cWAI,2026-07-04 08:36
2026-07-04,유튜브(영상),[YouTube] 에너지하우징,"[영상] 전기차 배터리 수명, 충전 방식보다 이 습관이 3년을 가릅니다 (조회수 746회)",https://www.youtube.com/watch?v=Ph6yJO2yiYg,2026-07-04 08:36
2026-07-04,유튜브(영상),[YouTube] 만화일상,[영상] 👨‍👩‍👧‍👦 만화일상 | 남편 차 바꿈! EV5 전기차로 바꿔보니🚗⚡ (조회수 273회),https://www.youtube.com/watch?v=CthAnR7OU9A,2026-07-04 08:36
2026-07-04,유튜브(영상),[YouTube] 채널V,[영상] 전기차 오너 주목! 🔋여름철 전기차 관리법 (조회수 266회),https://www.youtube.com/watch?v=L6qlm6Gpopc,2026-07-04 08:36
2026-07-04,유튜브(영상),[YouTube] 신차연구소_카랩,[영상] 2026 아우디 Q6 e-tron… BMW·벤츠 차주들 흔들릴 이유 (조회수 207회),https://www.youtube.com/watch?v=aH20jX2EcwU,2026-07-04 08:36
2026-07-04,유튜브(영상),[YouTube] 기깔나는 정보,"[영상] ""전기차 유지비 끝판왕? 충전비·통행료까지 다 올랐다"" (조회수 163회)",https://www.youtube.com/watch?v=qIPbSNqkJLk,2026-07-04 08:36
2026-07-04,유튜브(영상),[YouTube] 티쓰리,"[영상] 테슬라""FSD v14 라이트 공개, HW3 차주들이 기다리던 업데이트 내용 총정리""""테슬라 자율주행 HW3에도 적용, v14 라이트 신기능 전체 분석"" (조회수 72회)",https://www.youtube.com/watch?v=sPQZcdLtxl8,2026-07-04 08:36
2026-07-05,일렉링크,★ 기아 EV3 공식동호회 [ EV3 오너스클럽 ] 전기차 보조금 가격,sk일렉링크 100kw 충전기 속도,https://cafe.naver.com/musicdomain/883694,2026-07-05 08:33
2026-07-05,일렉링크,★테슬라 [TKC] 모델S 모델3 모델X 모델Y 사이버트럭 FSD 전기차,일렉링크 충전한도 80%제한 있나요??,https://cafe.naver.com/noljatravel/1737017,2026-07-05 08:33
2026-07-05,유튜브(영상),[YouTube] 티쓰리,[영상] 테슬라 골드만삭스가 테슬라 목표치를 올렸다 — 근데 주가는 이미 그걸 넘어섰다2026년 테슬라 2분기 인도량 42만 대? 유럽이 90% 급등한 진짜 이유 (조회수 998회),https://www.youtube.com/watch?v=9t2Lt44VgrI,2026-07-05 08:35
2026-07-05,유튜브(영상),[YouTube] 티쓰리,[영상] 테슬라 골드만삭스가 테슬라 목표치를 올렸다 — 근데 주가는 이미 그걸 넘어섰다2026년 테슬라 2분기 인도량 42만 대? 유럽이 90% 급등한 진짜 이유 (조회수 13회),https://www.youtube.com/watch?v=2zOnX8qcEOQ,2026-07-05 08:35
2026-07-06,워터,★테슬라 [TKC] 모델S 모델3 모델X 모델Y 사이버트럭 FSD 전기차,워터 무료충전 이벤트 후기,https://cafe.naver.com/noljatravel/1738125,2026-07-06 08:34
2026-07-06,채비,★테슬라 [TKC] 모델S 모델3 모델X 모델Y 사이버트럭 FSD 전기차,고속도로휴게소 환경부충전기가 채비충전기로 변하나요?,https://cafe.naver.com/noljatravel/1738017,2026-07-06 08:35
2026-07-06,채비,포르쉐 타이칸 동호회 ■ 더타이칸 클럽 ■ 카이엔EV 전기차,미등록 채비카드,https://cafe.naver.com/inhelia/35268,2026-07-06 08:35
2026-07-06,이브이시스,"전기차동호회-아이오닉5 6 9,EV3 EV4 EV5 EV6 EV9,테슬라모델Y 3",지금 제 상황이면 어디서 충전하는게 좋을까요? 투표한번만 부탁드립니다!,https://cafe.naver.com/allfm01/2093540,2026-07-06 08:35
2026-07-06,유튜브(영상),[YouTube] 동그라미,"[영상] 전기차 충전요금 개편, 완속은 내리고 초급속은 올립니다 (조회수 425회)",https://www.youtube.com/watch?v=oxNuR9dSpKw,2026-07-06 08:35
2026-07-06,유튜브(영상),[YouTube] 티쓰리,[영상] 테슬라 골드만삭스가 테슬라 목표치를 올렸다 — 근데 주가는 이미 그걸 넘어섰다2026년 테슬라 2분기 인도량 42만 대? 유럽이 90% 급등한 진짜 이유 (조회수 12회),https://www.youtube.com/watch?v=K2syxhr3HUA,2026-07-06 08:35
2026-07-06,유튜브(영상),[YouTube] 티쓰리,[영상] 테슬라 골드만삭스가 테슬라 목표치를 올렸다 — 근데 주가는 이미 그걸 넘어섰다2026년 테슬라 2분기 인도량 42만 대? 유럽이 90% 급등한 진짜 이유 (조회수 10회),https://www.youtube.com/watch?v=nfmLB31E_R4,2026-07-06 08:35
2026-07-07,일렉링크,★테슬라 [TKC] 모델S 모델3 모델X 모델Y 사이버트럭 FSD 전기차,채비 문산휴게소 순천방향 NACS 충전기 오픈,https://cafe.naver.com/noljatravel/1740381,2026-07-07 08:35
2026-07-07,일렉링크,"전기차동호회-아이오닉5 6 9,EV3 EV4 EV5 EV6 EV9,테슬라모델Y 3",sk일렉링크 앱,https://cafe.naver.com/allfm01/2094504,2026-07-07 08:35
2026-07-07,일렉링크,『 아우디 e트론 공식 카페 』 아우디 이트론 Q4 Q6 A6 전기차,집밥이 에버온인데 충전이안돼요 ㅠ도와주세요,https://cafe.naver.com/qkffks1/32342,2026-07-07 08:35
2026-07-07,일렉링크,★테슬라 [TKC] 모델S 모델3 모델X 모델Y 사이버트럭 FSD 전기차,급속 속도 ㄷㄷㄷ 85 첨봐요,https://cafe.naver.com/noljatravel/1739439,2026-07-07 08:35
2026-07-07,일렉링크,★테슬라 [TKC] 모델S 모델3 모델X 모델Y 사이버트럭 FSD 전기차,채비 거창휴게소 광주방향 NACS 추가,https://cafe.naver.com/noljatravel/1738828,2026-07-07 08:35
2026-07-07,워터,★BYD 비야디 전기차 공식동호회[BYD 오너스]아토3 씰 씨라이언7,워터 충전기가 짱인듯요.,https://cafe.naver.com/rlfnrl2034/2124558,2026-07-07 08:36
2026-07-07,채비,★테슬라 [TKC] 모델S 모델3 모델X 모델Y 사이버트럭 FSD 전기차,채비 문산휴게소 순천방향 NACS 충전기 오픈,https://cafe.naver.com/noljatravel/1740381,2026-07-07 08:36
2026-07-07,채비,"#전기차맛집▶아이오닉5 6 9,테슬라모델3 Y,EV 3 6 9 장기렌트","채비, 고속도로 휴게소 급속충전망 본격 가동…테슬라 충전 편의성 확대",https://cafe.naver.com/evkoreaplus/70528,2026-07-07 08:36
2026-07-07,채비,★테슬라 [TKC] 모델S 모델3 모델X 모델Y 사이버트럭 FSD 전기차,대구 - 포항 영천 휴게소 채비 nacs 고속2기,https://cafe.naver.com/noljatravel/1739042,2026-07-07 08:36
2026-07-07,채비,★테슬라 [TKC] 모델S 모델3 모델X 모델Y 사이버트럭 FSD 전기차,대구 - 포항 와촌 휴게소 채비 nacs 3기 고속 2기,https://cafe.naver.com/noljatravel/1738978,2026-07-07 08:36
2026-07-07,채비,"전기차동호회-아이오닉5 6 9,EV3 EV4 EV5 EV6 EV9,테슬라모델Y 3",채비 공지 올라왔네요 ㅋㅋ,https://cafe.naver.com/allfm01/2094115,2026-07-07 08:36
2026-07-07,채비,★테슬라 [TKC] 모델S 모델3 모델X 모델Y 사이버트럭 FSD 전기차,채비 거창휴게소 광주방향 NACS 추가,https://cafe.naver.com/noljatravel/1738828,2026-07-07 08:36
2026-07-07,이브이시스,★ EV9 공식동호회 [EV9 오너스클럽] EV9 대표카페 전기차보조금,전기차 요금 개편 보셨나요?,https://cafe.naver.com/terror4u/1413532,2026-07-07 08:37
2026-07-07,이브이시스,"전기차동호회-아이오닉5 6 9,EV3 EV4 EV5 EV6 EV9,테슬라모델Y 3",전면주차 충전관련,https://cafe.naver.com/allfm01/2094389,2026-07-07 08:37
2026-07-07,이브이시스,★테슬라 [TKC] 모델S 모델3 모델X 모델Y 사이버트럭 FSD 전기차,충전 강제 중단 반복 (펌업 이후?),https://cafe.naver.com/noljatravel/1738639,2026-07-07 08:37
2026-07-07,이브이시스,★ EV9 공식동호회 [EV9 오너스클럽] EV9 대표카페 전기차보조금,급속충전관련 문의,https://cafe.naver.com/terror4u/1413436,2026-07-07 08:37
2026-07-07,유튜브(영상),[YouTube] 전차남 : 전기차 알려주는 남자,[영상] 테슬라 충전구는 왜 다르게 생겼나? 핀 5개 역할·급속충전 원리 #Shorts (2026.7.6) (조회수 1994회),https://www.youtube.com/watch?v=KJ-WT_k4zDA,2026-07-07 08:37
2026-07-07,유튜브(영상),[YouTube] 이영민의 개인택시,[영상] 이래도 쏘나타 계속 타시겠어요? EV4 총비용이 5년동안 무려 1천만원 이상 저렴하네요 (조회수 1646회),https://www.youtube.com/watch?v=egYNIRqHBhQ,2026-07-07 08:37
2026-07-07,유튜브(영상),[YouTube] 복지GO,[영상] 전기차 충전비 8월부터 바뀝니다 | #전기차충전요금 #전기차충전소 #공공충전요금 #충전요금개편 #복지 (조회수 1292회),https://www.youtube.com/watch?v=ESDPxluAGYc,2026-07-07 08:37
2026-07-07,유튜브(영상),[YouTube] newsarea,[영상] ⚡전기차 샀더니 뒤통수?! 유지비 폭탄 터졌다💣 #전기차 #유지비 #전기차충전 #하이패스 #자동차뉴스 #카푸어 #카스타그램 #전기차혜택 (조회수 667회),https://www.youtube.com/watch?v=Jl6JqBXGB18,2026-07-07 08:37
2026-07-07,유튜브(영상),[YouTube] 택스앤카의 미래입니다,"[영상] 전기차 배터리, 이것부터 알아야 합니다 - 5｜급속충전만 하면 안 좋을까? (조회수 513회)",https://www.youtube.com/watch?v=wDUgsqmZENg,2026-07-07 08:37
2026-07-07,유튜브(영상),[YouTube] 서울경제TV,"[영상] 19.1분 급속충전의 팩트, 테슬라를 앞지른 샤오펑의 기술적 성과 (조회수 319회)",https://www.youtube.com/watch?v=8oDGfDHq3oc,2026-07-07 08:37
2026-07-07,유튜브(영상),[YouTube] 전차남 : 전기차 알려주는 남자,[영상] 급속충전 잭은 왜 해골 모양? 구멍 속 '유리'의 정체 #Shorts (2026.7.6) (조회수 155회),https://www.youtube.com/watch?v=Fxa6my_fdog,2026-07-07 08:37
2026-07-07,유튜브(영상),[YouTube] 티쓰리,"[영상] 테슬라모델 Y L 미국 출시 초읽기, 테슬라가 SNS에 두 번이나 흘린 결정적 힌트테슬라 모델 Y L 미국행 확정 임박, 이번 주말 깜짝 공개설의 근거2026년 모델 (조회수 11회)",https://www.youtube.com/watch?v=SjpsC7uG9_8,2026-07-07 08:37
2026-07-07,유튜브(영상),[YouTube] 티쓰리,"[영상] 테슬라모델X 단종 몇 달 만에, 테슬라가 꺼낸 6인승 카드 모델Y L테슬라 모델Y L 가격 공개, 프리미엄 모델Y에도 없는 기능까지 (조회수 11회)",https://www.youtube.com/watch?v=gt2wooluJx4,2026-07-07 08:37
2026-07-08,일렉링크,★테슬라 [TKC] 모델S 모델3 모델X 모델Y 사이버트럭 FSD 전기차,채비 외동휴게소 부산방향 NACS 4개 추가,https://cafe.naver.com/noljatravel/1742263,2026-07-08 08:31
2026-07-08,일렉링크,"전기차동호회-아이오닉5 6 9,EV3 EV4 EV5 EV6 EV9,테슬라모델Y 3",택시LPG 충전소 전기 충전시설 이용해도 되는건가요?,https://cafe.naver.com/allfm01/2095302,2026-07-08 08:31
2026-07-08,채비,★테슬라 [TKC] 모델S 모델3 모델X 모델Y 사이버트럭 FSD 전기차,채비 외동휴게소 부산방향 NACS 4개 추가,https://cafe.naver.com/noljatravel/1742263,2026-07-08 08:33
2026-07-08,채비,★ 캐스퍼ev 전기차 공식 동호회 [캐스퍼 일렉트릭 클럽] 보조금,급속(채비) 접속연결안됨,https://cafe.naver.com/lastchaos2/414028,2026-07-08 08:33
2026-07-08,이브이시스,"전기차동호회-아이오닉5 6 9,EV3 EV4 EV5 EV6 EV9,테슬라모델Y 3",이브이시스 바뀌었네요,https://cafe.naver.com/allfm01/2095256,2026-07-08 08:33
2026-07-08,이브이시스,"전기차동호회-아이오닉5 6 9,EV3 EV4 EV5 EV6 EV9,테슬라모델Y 3",전기차 충전카드 질문이용 !,https://cafe.naver.com/allfm01/2094886,2026-07-08 08:33
2026-07-08,유튜브(영상),[YouTube] 김한용의 MOCAR,[영상] 10초 꽂고 10초 빼기! 전기차 충전은 사실 주유보다 빠릅니다...급속충전만 더 잘 만들어주세요! (조회수 42858회),https://www.youtube.com/watch?v=4W1hbp9Y0io,2026-07-08 08:33
2026-07-08,유튜브(영상),[YouTube] 은빛유랑,"[영상] 스타리아ev와 함께할 행복한 시간, 충전/밧데리 관련 꼭 알아야 할 상식 #스타리아ev (조회수 2785회)",https://www.youtube.com/watch?v=caktARgLNTc,2026-07-08 08:33
2026-07-08,유튜브(영상),[YouTube] 신차연구소_카랩,[영상] 첫차를 전기차로 산 이유… EV4 차주의 현실 후기 (조회수 1571회),https://www.youtube.com/watch?v=17Irk7TdDAU,2026-07-08 08:33
2026-07-08,유튜브(영상),[YouTube] 1분 뉴스톡,"[영상] 전기차 유지비, 이제는 비싸진다? 🚗⚡ (조회수 1280회)",https://www.youtube.com/watch?v=2IigTAoJj5Y,2026-07-08 08:33
2026-07-08,유튜브(영상),[YouTube] 손안에 브랜디노트,"[영상] 전기차 충전비 15% 인상, 보완재 개념으로 30초 이해 #경제용어 (조회수 49회)",https://www.youtube.com/watch?v=ignoAvPF60Q,2026-07-08 08:33
2026-07-09,일렉링크,"전기차동호회-아이오닉5 6 9,EV3 EV4 EV5 EV6 EV9,테슬라모델Y 3",첫충전,https://cafe.naver.com/allfm01/2096579,2026-07-09 08:34
2026-07-09,일렉링크,★현대 아이오닉9 공식 동호회-아이오닉9 클럽 [나인클] 보조금,아오9 충전 최저가 가능방법 질문입니다,https://cafe.naver.com/optimusex119/213195,2026-07-09 08:34
2026-07-09,일렉링크,"전기차동호회-아이오닉5 6 9,EV3 EV4 EV5 EV6 EV9,테슬라모델Y 3",기후에너지환경부 충전을 하는데 이게 맞을까요?,https://cafe.naver.com/allfm01/2096283,2026-07-09 08:34
2026-07-09,일렉링크,"전기차동호회-아이오닉5 6 9,EV3 EV4 EV5 EV6 EV9,테슬라모델Y 3",알리산 dc콤보 어댑터 사서 잘 다니고 있습니다.,https://cafe.naver.com/allfm01/2096211,2026-07-09 08:34
2026-07-09,일렉링크,★테슬라 [TKC] 모델S 모델3 모델X 모델Y 사이버트럭 FSD 전기차,"일렉링크 52,630",https://cafe.naver.com/noljatravel/1743123,2026-07-09 08:34
2026-07-09,일렉링크,★테슬라 [TKC] 모델S 모델3 모델X 모델Y 사이버트럭 FSD 전기차,채비 남성주참외휴게소 창원방향 NACS 3개 오픈,https://cafe.naver.com/noljatravel/1743042,2026-07-09 08:34
2026-07-09,일렉링크,현대 아이오닉9 오너스 - 나이너스,급속 먹이는 중입니다,https://cafe.naver.com/ioniq9owners/33372,2026-07-09 08:34
2026-07-09,일렉링크,★테슬라 [TKC] 모델S 모델3 모델X 모델Y 사이버트럭 FSD 전기차,채비 함평천지휴게소 서울방향 NACS 3개 추가,https://cafe.naver.com/noljatravel/1742763,2026-07-09 08:34
2026-07-09,일렉링크,"전기차동호회-아이오닉5 6 9,EV3 EV4 EV5 EV6 EV9,테슬라모델Y 3",장거리 운전할 때 다들 충전소 정보를 어떻게 확인하시나요?,https://cafe.naver.com/allfm01/2095956,2026-07-09 08:34
2026-07-09,일렉링크,★ 캐스퍼ev 전기차 공식 동호회 [캐스퍼 일렉트릭 클럽] 보조금,캐스퍼 얘 원래 충전이 이렇게 느리나요,https://cafe.naver.com/lastchaos2/414070,2026-07-09 08:35
2026-07-09,채비,★테슬라 [TKC] 모델S 모델3 모델X 모델Y 사이버트럭 FSD 전기차,채비 남성주참외휴게소 창원방향 NACS 3개 오픈,https://cafe.naver.com/noljatravel/1743042,2026-07-09 08:36
2026-07-09,채비,★테슬라 [TKC] 모델S 모델3 모델X 모델Y 사이버트럭 FSD 전기차,채비 함평천지휴게소 서울방향 NACS 3개 추가,https://cafe.naver.com/noljatravel/1742763,2026-07-09 08:36
2026-07-09,이브이시스,★BYD 비야디 전기차 공식동호회[BYD 오너스]아토3 씰 씨라이언7,충전기 설치후 처음으로 밥을 먹였습니다.,https://cafe.naver.com/rlfnrl2034/2125410,2026-07-09 08:36
2026-07-09,유튜브(영상),[YouTube] 신차연구소_카랩,[영상] EV4 GT-Line… “그 돈이면 다른 차 산다?” 여러분 생각은? (조회수 1245회),https://www.youtube.com/watch?v=91_-Ya73X00,2026-07-09 08:36
2026-07-09,유튜브(영상),[YouTube] 뉴스아시아 NewsAsia,"[영상] 전기차 충전요금, 속도 따라 달라진다 (조회수 1229회)",https://www.youtube.com/watch?v=o_01-mLK19c,2026-07-09 08:36
2026-07-09,유튜브(영상),[YouTube] 울산MBC뉴스,[영상] 전기차 충전기 '먹통'‥경영난에 '단전' (2026.07.08/뉴스데스크/울산MBC) (조회수 1134회),https://www.youtube.com/watch?v=r_2-AKZxr-o,2026-07-09 08:36
2026-07-09,유튜브(영상),[YouTube] 개봉박두GaeBongBakDu,"[영상] 현시각, 경남 김해시 생림면 나전로, 생림나전농공단지, 한전충전기, 전기차 급속충전중. #shorts, #evcar, #evtruck, #korea (조회수 1021회)",https://www.youtube.com/watch?v=BkbkDTglX6Q,2026-07-09 08:36
2026-07-09,유튜브(영상),[YouTube] 카팁스,"[영상] 전기차 배터리 수명 2배 늘리는 3가지 방법"" (조회수 396회)",https://www.youtube.com/watch?v=H365DG_1ddI,2026-07-09 08:36
2026-07-09,유튜브(영상),[YouTube] 택스앤카의 미래입니다,"[영상] 전기차 배터리, 이것부터 알아야 합니다 - 6｜100% 충전해도 괜찮을까? (조회수 284회)",https://www.youtube.com/watch?v=uKKFXi70ryI,2026-07-09 08:36
2026-07-10,일렉링크,★테슬라 [TKC] 모델S 모델3 모델X 모델Y 사이버트럭 FSD 전기차,오 이런게 생겼네요 이제 dc콤보 없어도 될듯,https://cafe.naver.com/noljatravel/1745339,2026-07-10 08:39
2026-07-10,일렉링크,★테슬라 [TKC] 모델S 모델3 모델X 모델Y 사이버트럭 FSD 전기차,고속도로 NACS 충전기 증설.,https://cafe.naver.com/noljatravel/1745087,2026-07-10 08:39
2026-07-10,일렉링크,현대 아이오닉9 오너스 - 나이너스,sk 일렉링크 문의드려요,https://cafe.naver.com/ioniq9owners/33532,2026-07-10 08:39
2026-07-10,채비,★ 캐스퍼ev 전기차 공식 동호회 [캐스퍼 일렉트릭 클럽] 보조금,채비 충전안돼서 블루핸즈 출동,https://cafe.naver.com/lastchaos2/414276,2026-07-10 08:40
2026-07-10,유튜브(영상),[YouTube] 울산MBC뉴스,[영상] 전기차 충전기 '먹통'‥경영난에 '단전' (조회수 5448회),https://www.youtube.com/watch?v=1Aj4N40OWP0,2026-07-10 08:41
2026-07-10,유튜브(영상),[YouTube] 김전기,[영상] 환경부에서 볼 수 있게 도와주세요. #전기차 (조회수 1144회),https://www.youtube.com/watch?v=1UlanmKY4OU,2026-07-10 08:41
2026-07-10,유튜브(영상),[YouTube] 신차정보 연못구름,[영상] 충전 답답했던 PHEV? 이제 급속 충전 됩니다! 씨라이언6 알아야 후회없어요! #PHEV #BYD (조회수 926회),https://www.youtube.com/watch?v=-ZYueteyutU,2026-07-10 08:41
2026-07-10,유튜브(영상),[YouTube] 카이렉트,[영상] 전기차 충전요금 8월부터 이렇게 바뀝니다 (조회수 440회),https://www.youtube.com/watch?v=eFL7Fgb8-kk,2026-07-10 08:41
2026-07-10,유튜브(영상),[YouTube] 이정식의 차트연구소,[영상] [*채비* 주가 전망] 대기업 철수 전기차 폭증으로 국내 1위 된 지금 5422원 이탈하면 어디까지 가나 #*채비* #*채비*주가전망 #*채비*목표가 (조회수 200회),https://www.youtube.com/watch?v=RLz9lRiz9T4,2026-07-10 08:41
2026-07-10,유튜브(영상),[YouTube] 이재성 성공투자,[영상] [*채비* 주가 전망] 3만원에서 5천원대 진짜 저점일까 #*채비* #*채비*주가전망 #*채비*목표가 (조회수 198회),https://www.youtube.com/watch?v=4u3t4P-DKlg,2026-07-10 08:41
2026-07-10,유튜브(영상),[YouTube] 고수스탁TV,[영상] [*채비* 주가 전망] 공모가 절반 아래서 이비이다 흑자전환 가시화  지금이 바닥인가 #*채비* #*채비*주가전망 #*채비*목표가 (조회수 196회),https://www.youtube.com/watch?v=HxI_ISVw_EY,2026-07-10 08:41
2026-07-11,일렉링크,★BYD 비야디 전기차 공식동호회[BYD 오너스]아토3 씰 씨라이언7,씨라7 충전속도,https://cafe.naver.com/rlfnrl2034/2126941,2026-07-11 08:32
2026-07-11,일렉링크,★ 기아 EV5 공식 동호회 [EV5 클럽] EV5 GT 롱레인지 보조금,에잇! 충전 때문에 당혹스러운 경함,https://cafe.naver.com/300200/687177,2026-07-11 08:32
2026-07-11,일렉링크,★테슬라 [TKC] 모델S 모델3 모델X 모델Y 사이버트럭 FSD 전기차,채비 영천휴게소 포항방향 NACS 3개 오픈,https://cafe.naver.com/noljatravel/1746813,2026-07-11 08:32
2026-07-11,일렉링크,★테슬라 [TKC] 모델S 모델3 모델X 모델Y 사이버트럭 FSD 전기차,채비 김천휴게소 서울방향 NACS 3개 오픈,https://cafe.naver.com/noljatravel/1746799,2026-07-11 08:32
2026-07-11,일렉링크,★BYD 비야디 전기차 공식동호회[BYD 오너스]아토3 씰 씨라이언7,SK일렉링크 사용하시는분,https://cafe.naver.com/rlfnrl2034/2126529,2026-07-11 08:32
2026-07-11,일렉링크,★ 캐스퍼ev 전기차 공식 동호회 [캐스퍼 일렉트릭 클럽] 보조금,감속기 오일 교체벙 [찬양하라 히나타] [SK일렉링크는 반성해라],https://cafe.naver.com/lastchaos2/414296,2026-07-11 08:32
2026-07-11,채비,클럽 테슬라 [Club Tesla] 모델S 모델3 모델X 모델Y RWD,채비 고속도로휴게소 설치현황(업데이트중),https://cafe.naver.com/foryoucom/379602,2026-07-11 08:33
2026-07-11,채비,★테슬라 [TKC] 모델S 모델3 모델X 모델Y 사이버트럭 FSD 전기차,채비 영천휴게소 포항방향 NACS 3개 오픈,https://cafe.naver.com/noljatravel/1746813,2026-07-11 08:33
2026-07-11,채비,★테슬라 [TKC] 모델S 모델3 모델X 모델Y 사이버트럭 FSD 전기차,채비 김천휴게소 서울방향 NACS 3개 오픈,https://cafe.naver.com/noljatravel/1746799,2026-07-11 08:33
2026-07-11,유튜브(영상),[YouTube] 배터와이,[영상] 전기차 SOH 숫자 하나만 믿으면 안 되는 이유 (제조사별 측정 방식의 비밀) #전기차SOH (조회수 1637회),https://www.youtube.com/watch?v=rVhEw1S1Diw,2026-07-11 08:34
2026-07-11,유튜브(영상),[YouTube] B tv 뉴스,[영상] 전기차 충전시설 '먹통' 증가 [전북] (조회수 32회),https://www.youtube.com/watch?v=Hj-XrUY917I,2026-07-11 08:34
2026-07-11,유튜브(영상),[YouTube] 전자신문 etnews,[영상] 8월 1일 전기차 완속충전 요금 내린다 (조회수 32회),https://www.youtube.com/watch?v=YEkU2yj1sSI,2026-07-11 08:34
2026-07-12,일렉링크,"전기차동호회-아이오닉5 6 9,EV3 EV4 EV5 EV6 EV9,테슬라모델Y 3",테슬라 부산여행 고속도로 급속 충전소 정보,https://cafe.naver.com/allfm01/2098555,2026-07-12 08:32
2026-07-12,일렉링크,★테슬라 [TKC] 모델S 모델3 모델X 모델Y 사이버트럭 FSD 전기차,익산 휴게소 nacs 충전기,https://cafe.naver.com/noljatravel/1749805,2026-07-12 08:32
2026-07-12,채비,포르쉐 타이칸 동호회 ■ 더타이칸 클럽 ■ 카이엔EV 전기차,채비카드,https://cafe.naver.com/inhelia/35485,2026-07-12 08:33
2026-07-12,채비,"전기차동호회-아이오닉5 6 9,EV3 EV4 EV5 EV6 EV9,테슬라모델Y 3",디올뉴 니로 채비 PnC,https://cafe.naver.com/allfm01/2098399,2026-07-12 08:33
2026-07-12,채비,포르쉐 타이칸 동호회 ■ 더타이칸 클럽 ■ 카이엔EV 전기차,미등록 채비카드,https://cafe.naver.com/inhelia/35470,2026-07-12 08:33
2026-07-12,유튜브(영상),[YouTube] 에너지하우징,[영상] EV9 충전이 느리다고 느끼신 적 있으신가요? (조회수 2014회),https://www.youtube.com/watch?v=w3DYfpOt2j8,2026-07-12 08:33
2026-07-12,유튜브(영상),[YouTube] 허석배,[영상] 급속충전기 핵심 안전 기술 IMD 자체개발 (조회수 16회),https://www.youtube.com/watch?v=8L99vAK-DsA,2026-07-12 08:33
2026-07-12,유튜브(영상),[YouTube] 허석배,[영상] 충전요금갈등 해법은 전력분배충전으로 경제성 확보가 필수 (조회수 14회),https://www.youtube.com/watch?v=QuicUqtBYaE,2026-07-12 08:33
2026-07-13,일렉링크,"폭스바겐 전기차 대표 동호회[폭스바겐 ID 클럽] ID4, ID5 , ID7",고속도로 급속충전 처음으로 해봤네요.,https://cafe.naver.com/happyhappybirthday/98285,2026-07-13 08:31
2026-07-13,일렉링크,★테슬라 [TKC] 모델S 모델3 모델X 모델Y 사이버트럭 FSD 전기차,DC콤보 정품vs알리 조언좀해주세요,https://cafe.naver.com/noljatravel/1751166,2026-07-13 08:31
2026-07-13,일렉링크,★테슬라 [TKC] 모델S 모델3 모델X 모델Y 사이버트럭 FSD 전기차,일렉링크 350kw속도,https://cafe.naver.com/noljatravel/1750993,2026-07-13 08:31
2026-07-13,일렉링크,★테슬라 [TKC] 모델S 모델3 모델X 모델Y 사이버트럭 FSD 전기차,sk 일렉링크 충전요금이 왜이럴까요?,https://cafe.naver.com/noljatravel/1750644,2026-07-13 08:31
2026-07-13,일렉링크,★테슬라 [TKC] 모델S 모델3 모델X 모델Y 사이버트럭 FSD 전기차,초급속 NACS 타입 이용 가능한건가요?,https://cafe.naver.com/noljatravel/1750359,2026-07-13 08:31
2026-07-13,유튜브(영상),[YouTube] 신차정보 연못구름,[영상] 씨라이언6 PHEV 진짜 30분 충전될까? 전기료 경제적인지 따져봤어요! #BYD (조회수 5802회),https://www.youtube.com/watch?v=WjTEm5Tt-w8,2026-07-13 08:33
2026-07-13,유튜브(영상),[YouTube] 알고타,[영상] 스타리아 전기차 외관 간단 리뷰 (조회수 2453회),https://www.youtube.com/watch?v=WN3QyYa7AAA,2026-07-13 08:33
2026-07-13,유튜브(영상),[YouTube] 에너지하우징,[영상] EV9 급속 충전 유리하다. (조회수 270회),https://www.youtube.com/watch?v=wBam47VDjRo,2026-07-13 08:33
2026-07-14,일렉링크,현대 아이오닉9 오너스 - 나이너스,sk 일렉링크 충전관련해서 문의드립니다.,https://cafe.naver.com/ioniq9owners/34104,2026-07-14 08:30
2026-07-14,일렉링크,"전기차동호회-아이오닉5 6 9,EV3 EV4 EV5 EV6 EV9,테슬라모델Y 3",[구오닉] 충전 할때 시동을 끄고 해도 되나요?,https://cafe.naver.com/allfm01/2099591,2026-07-14 08:30
2026-07-14,일렉링크,현대 아이오닉9 오너스 - 나이너스,특정 완속충전기 사용 후 모든 급속충전 안됩니다,https://cafe.naver.com/ioniq9owners/34012,2026-07-14 08:30
2026-07-14,채비,클럽 테슬라 [Club Tesla] 모델S 모델3 모델X 모델Y RWD,[공지] 채비 고속도로 휴게소 테슬라 NACS 충전기 안내,https://cafe.naver.com/foryoucom/379678,2026-07-14 08:31
2026-07-14,채비,"전기차동호회-아이오닉5 6 9,EV3 EV4 EV5 EV6 EV9,테슬라모델Y 3",김천휴게소 채비 충전기,https://cafe.naver.com/allfm01/2099835,2026-07-14 08:31
2026-07-14,채비,★ 기아 EV3 공식동호회 [ EV3 오너스클럽 ] 전기차 보조금 가격,채비 완속충전중인데,https://cafe.naver.com/musicdomain/884857,2026-07-14 08:31
2026-07-14,이브이시스,★BYD 비야디 전기차 공식동호회[BYD 오너스]아토3 씰 씨라이언7,돌핀 스탠다드 고속충전 속도,https://cafe.naver.com/rlfnrl2034/2128134,2026-07-14 08:31
2026-07-14,유튜브(영상),[YouTube] 김전기,[영상] 전기차 타면서 이런분은 또 처음봅니다 #전기차 (조회수 3610회),https://www.youtube.com/watch?v=pPeyAQr2eF0,2026-07-14 08:32
2026-07-14,유튜브(영상),[YouTube] ev김실장,[영상] 충전기는 멀쩡한데… 왜 충전이 안 될까요? 😨  #전기차충전기 #전기차충전 #충전사업자 #아파트충전기 #전기차충전소 #충전기먹통 #전기차뉴스 #충전인프라  #EV김실장 (조회수 1190회),https://www.youtube.com/watch?v=xHloFi8whL8,2026-07-14 08:32
2026-07-14,유튜브(영상),[YouTube] 이슈한입,"[영상] 낮에는 거의 공짜?"" 전기차 충전 요금 바뀌나 (조회수 1121회)",https://www.youtube.com/watch?v=IT7ZTBBL9ZQ,2026-07-14 08:32
2026-07-14,유튜브(영상),[YouTube] 신차연구소_카랩,"[영상] 사운드부터 디자인까지, Q6 e-tron 타보니 납득됐습니다 (조회수 1007회)",https://www.youtube.com/watch?v=pJ-pL9TaLaA,2026-07-14 08:32
2026-07-14,유튜브(영상),[YouTube] 에너지하우징,"[영상] BYD 5분 충전, 배터리 이론으로 계산해봤습니다 (조회수 511회)",https://www.youtube.com/watch?v=9yXLidtia6E,2026-07-14 08:32
2026-07-15,일렉링크,현대 아이오닉9 오너스 - 나이너스,급속충전과 완속충전,https://cafe.naver.com/ioniq9owners/34264,2026-07-15 08:29
2026-07-15,일렉링크,현대 아이오닉9 오너스 - 나이너스,충전기 문제라는데,https://cafe.naver.com/ioniq9owners/34193,2026-07-15 08:29
2026-07-15,유튜브(영상),[YouTube] 뉴이재명tv,[영상] 전기차 차주들 대환호! 낮 시간 '충전 요금 제로' 시장이 열린다  #이재명  #더불어민주당 (조회수 3653회),https://www.youtube.com/watch?v=5sqaPDsNL3M,2026-07-15 08:31
2026-07-15,유튜브(영상),[YouTube] 소식 돋보기,[영상] 낮에 충전하면 공짜? 조만간 터질 역대급 전기차 혜택 (조회수 3532회),https://www.youtube.com/watch?v=gMfIJ3FW1mw,2026-07-15 08:31
2026-07-15,유튜브(영상),[YouTube] 량덕벤츠,"[영상] 대박 주행거리 713km! 벤츠 GLC 전기차 드디어 국내 출시 보조금, 가격, 런칭 에디션 완벽 분석 #벤츠 #glc ev #glc전기차 #glc일렉트릭 (조회수 2449회)",https://www.youtube.com/watch?v=f_2YpvUYvxg,2026-07-15 08:31
2026-07-15,유튜브(영상),[YouTube] 정치한입TV,"[영상] [정치한입] ""버리는 전기로 전기차 공짜로 충전합시다!"" 남아도는 전력 활용해 국민 혜택 돌려주는 이재명 대통령의 파격 지시 #이재명 #전기차무료충전 #쇼츠 #Shorts (조회수 1722회)",https://www.youtube.com/watch?v=ax8nzk2_zUI,2026-07-15 08:31
2026-07-15,유튜브(영상),[YouTube] 오늘은청와대,[영상] 내년부터 전기차 충전 거의 공짜? (조회수 1503회),https://www.youtube.com/watch?v=mkTrQrBx1yQ,2026-07-15 08:31
2026-07-15,유튜브(영상),[YouTube] 대재명시대TV,[영상] 앞으로는 전기차 충전요금이 공짜라고? #이재명대통령 #전기차충전요금 #재생에너지 #전기차 #테슬라 (조회수 1438회),https://www.youtube.com/watch?v=wltSte3fw4E,2026-07-15 08:31
2026-07-15,유튜브(영상),[YouTube] 내팔 NAEPAL,[영상] 전기차 사고 싶다면~  충전기 설치비 최대 70% 지원 #전기차 #전기차충전기 #전기차지원금 #전기차보조금 #전기차구매 #서울시 (조회수 1084회),https://www.youtube.com/watch?v=MtPk0tkcCEM,2026-07-15 08:31
2026-07-15,유튜브(영상),[YouTube] 대한민국한줄,[영상] 전기차 충전 공짜 시대 (조회수 933회),https://www.youtube.com/watch?v=0ktb8mnrGQY,2026-07-15 08:31
2026-07-15,유튜브(영상),[YouTube] 배터와이,[영상] OTA 업데이트 했더니 충전 속도 빨라졌다? 전기차 오너의 착각 #전기차OTA (조회수 904회),https://www.youtube.com/watch?v=DzT0D76sD7M,2026-07-15 08:31
2026-07-15,유튜브(영상),[YouTube] 파란사이다,[영상] 잼프의 역발상! 전기차충전 무료?#이재명 #대통령 #뉴스 #정치 #시사 #실시간 #국회 #민주당#쇼츠 #Shorts (조회수 635회),https://www.youtube.com/watch?v=M-_wd3oEoFI,2026-07-15 08:31
2026-07-15,유튜브(영상),[YouTube] ev김실장,[영상] 테슬라 때문에 전기차 충전기가 바뀌고 있습니다.    #테슬라 #전기차충전기 #NACS #모델Y #전기차 #급속충전기 #전기차충전 #충전인프라 #*채비* #EV김실장 #전기차정보 (조회수 339회),https://www.youtube.com/watch?v=l7bLdrDTuMk,2026-07-15 08:31
2026-07-15,유튜브(영상),[YouTube] 자이언트Car (자카),[영상] 벤츠 GLC 전기차 나왔다! | 10분에 260km? 715km 주행? 483마력? 이게 진짜 9천만원?? (조회수 60회),https://www.youtube.com/watch?v=cIIklTy_9lk,2026-07-15 08:31
2026-07-15,유튜브(영상),[YouTube] 슈슬이네,[영상] 무쏘ev일상 | 전기차 타면 멀미 나세요? | 전기충전요금 정정합니다 (조회수 28회),https://www.youtube.com/watch?v=W8Wk_h51-B8,2026-07-15 08:31
2026-07-15,유튜브(영상),[YouTube] 국회털이,[영상] 낮에 충전하면 공짜? 이 대통령 파격 제안! #이재명 #이재명대통령 #전기차 #전기요금 (조회수 12회),https://www.youtube.com/watch?v=ja-GwKqWG2g,2026-07-15 08:31
2026-07-15,유튜브(영상),[YouTube] 엠바고,"[영상] ""낮에는 전기차 충전 무료"".. '제주도'부터 시행되는 '전기 혁명' 정책ㅣ실시간국무회의 (260713) (조회수 10회)",https://www.youtube.com/watch?v=g4g5HsQNFOA,2026-07-15 08:31
2026-07-16,일렉링크,클럽 테슬라 [Club Tesla] 모델S 모델3 모델X 모델Y RWD,SK일렉링크 무료충전 이벤트,https://cafe.naver.com/foryoucom/379708,2026-07-16 08:32
2026-07-16,채비,"전기차동호회-아이오닉5 6 9,EV3 EV4 EV5 EV6 EV9,테슬라모델Y 3",채비 쓰시는 회원님들 궁금한 점,https://cafe.naver.com/allfm01/2101536,2026-07-16 08:33
2026-07-16,유튜브(영상),[YouTube] 량덕벤츠,[영상] GLC electric 최대 713km｜10→80% 충전 22분이면 충분합니다 #벤츠 #glc ev #glc전기차 #glc일렉트릭 (조회수 1555회),https://www.youtube.com/watch?v=GApAdQCdUY8,2026-07-16 08:33
2026-07-16,유튜브(영상),[YouTube] Remember Now,"[영상] 이재명 대통령, 전기차 사면 낮에 시간 잘 맞추면 거의 공짜로 전기 에너지를 사용할 수 있다, 2026 국가재정전략회의, 07. 13. (조회수 1214회)",https://www.youtube.com/watch?v=OZPWzmojcPU,2026-07-16 08:33
2026-07-16,유튜브(영상),[YouTube] 신차연구소_카랩,[영상] 전기차 타던 사람이 가솔린차로 다시 돌아갈 수 있을까? (조회수 915회),https://www.youtube.com/watch?v=f8lpQp4lHkE,2026-07-16 08:33
2026-07-16,유튜브(영상),[YouTube] 시사한눈,"[영상] 위원장 결론은 속도가 안 되는 거 같아, 돈 핑계됐는데 안 하려잖아 발칵 #shorts (조회수 631회)",https://www.youtube.com/watch?v=hsdk6v9bXdE,2026-07-16 08:33
2026-07-16,유튜브(영상),[YouTube] 개봉박두GaeBongBakDu,"[영상] 현시각, 경남 남해군 삼동면 독일로(물건리), 남해독일마을 파독전시관, 환경부충전기, 전기차 급속충전중. #shorts, #evcartruck, #korea (조회수 200회)",https://www.youtube.com/watch?v=t644CM2wR0I,2026-07-16 08:33
2026-07-16,유튜브(영상),[YouTube] 티쓰리,"[영상] 테슬라테슬라 사이버캡, 마침내 직원 시승 시작 – 근데 왜 영상을 몰래 내렸을까사이버캡 무인 주행 첫 승객은 테슬라 직원이었다 (7월 11일 영상 삭제 사건) (조회수 18회)",https://www.youtube.com/watch?v=CyLqIDfPZMw,2026-07-16 08:34
2026-07-16,유튜브(영상),[YouTube] 티쓰리,"[영상] 테슬라테슬라 2분기 배송 48만 대, 제프리스 목표주가 400달러로 상향테슬라 TSLA 목표주가 400달러 상향, 2분기 배송 15% 서프라이즈의 정체월가 예상 (조회수 13회)",https://www.youtube.com/watch?v=zXWoRj6Ut8w,2026-07-16 08:34
2026-07-17,일렉링크,"전기차동호회-아이오닉5 6 9,EV3 EV4 EV5 EV6 EV9,테슬라모델Y 3",[SK일렉링크] 고속도로 첫 충전 100% 페이백& 해외여행 상품권(하나투어) 100만원 추첨 — 여....,https://cafe.naver.com/allfm01/2101830,2026-07-17 08:31
2026-07-17,채비,포르쉐 타이칸 동호회 ■ 더타이칸 클럽 ■ 카이엔EV 전기차,미등록 채비카드,https://cafe.naver.com/inhelia/35657,2026-07-17 08:32
2026-07-17,채비,"전기차동호회-아이오닉5 6 9,EV3 EV4 EV5 EV6 EV9,테슬라모델Y 3",대영채비 충전기 아이오닉5에 사용가능한가요?,https://cafe.naver.com/allfm01/2101858,2026-07-17 08:32
2026-07-17,이브이시스,"전기차동호회-아이오닉5 6 9,EV3 EV4 EV5 EV6 EV9,테슬라모델Y 3",중속 충전기 주차 가능 시간은 어느 정도 인가요?,https://cafe.naver.com/allfm01/2102139,2026-07-17 08:32
2026-07-17,유튜브(영상),[YouTube] 개봉박두GaeBongBakDu,"[영상] 현시각, 경북 경산시 와촌면 강학길, 와촌휴게소(포항방향), 대영*채비* 초급속충전기, 전기차 급속충전중. #shorts, #evcartruck, #korea (조회수 980회)",https://www.youtube.com/watch?v=haBGLg9DQUk,2026-07-17 08:33
2026-07-17,유튜브(영상),[YouTube] ev김실장,"[영상] ""심야 충전이 더 싸다는데... 도대체 누가 내려가요?😂""  #전기차충전 #전기차충전기 #심야충전 #충전요금 #스마트충전 #EV김실장 #공동주택 #아파트 #전기차생활 (조회수 898회)",https://www.youtube.com/watch?v=QjyaU8R8a6A,2026-07-17 08:33
2026-07-17,유튜브(영상),[YouTube] 기술사테레비,[영상] [충격고백] 배터리 10년 쓰는 충전 황금룰 | 기술사가 쏩니다 (조회수 11회),https://www.youtube.com/watch?v=wiwzdWDtOeg,2026-07-17 08:33
2026-07-18,일렉링크,"폭스바겐 전기차 대표 동호회[폭스바겐 ID 클럽] ID4, ID5 , ID7",급속충전속도 이상한거 같아요,https://cafe.naver.com/happyhappybirthday/98493,2026-07-18 08:31
2026-07-18,채비,포르쉐 타이칸 동호회 ■ 더타이칸 클럽 ■ 카이엔EV 전기차,미등록 채비카드,https://cafe.naver.com/inhelia/35671,2026-07-18 08:32
2026-07-18,이브이시스,★ 기아 EV3 공식동호회 [ EV3 오너스클럽 ] 전기차 보조금 가격,완속 충전중에 충전완료를 80%에서 100%로 변경했는데,https://cafe.naver.com/musicdomain/885406,2026-07-18 08:32
2026-07-18,유튜브(영상),[YouTube] 잼프꼭연임,[영상] 행정 천재 잼프 ㄷㄷ 전기차 요금 공짜 정책 도입?! (내년 초 제주 전라 시범 실시) (조회수 6397회),https://www.youtube.com/watch?v=ejfv8rOZ_H0,2026-07-18 08:32
2026-07-18,유튜브(영상),[YouTube] 은빛유랑,[영상] 전기차 충전하며 에어컨 켜고 자도 될까? (충전방해·과태료·주차장법 완벽 정리) #전기차 #스타리아ev #전기차충전 (조회수 3268회),https://www.youtube.com/watch?v=E9oQzL__xDo,2026-07-18 08:32
2026-07-18,유튜브(영상),[YouTube] 이볼루션_ EVolution,[영상] 대형 충전소 텅텅 진짜 필요한 건 집밥 (조회수 1881회),https://www.youtube.com/watch?v=OUt2D2S_fwE,2026-07-18 08:32
2026-07-18,유튜브(영상),[YouTube] 만땅 전기차 충전기,"[영상] 전기차 충전요금 가장 싼 곳 찾았습니다 집밥 설치하면 한달 요금2배이상 절약됩니다! 현대, 기아전기차, 테슬라, 벤츠, 볼보, 폴스타, 이트론, BMW (조회수 1715회)",https://www.youtube.com/watch?v=dDL3sTiG36s,2026-07-18 08:32
2026-07-18,유튜브(영상),[YouTube] 미디어협동조합 국민TV,"[영상] 이재명 ""낮에 버리는 전기로 전기차 공짜 충전 가능"" [국가재정전략회의] (조회수 1141회)",https://www.youtube.com/watch?v=_jPmuwldDpg,2026-07-18 08:32
2026-07-18,유튜브(영상),[YouTube] 티쓰리,[영상] 테슬라 골드만삭스가 테슬라 목표치를 올렸다 — 근데 주가는 이미 그걸 넘어섰다2026년 테슬라 2분기 인도량 42만 대? 유럽이 90% 급등한 진짜 이유 (조회수 1033회),https://www.youtube.com/watch?v=OjJ2DpTfebs,2026-07-18 08:32
2026-07-18,유튜브(영상),[YouTube] 만땅 전기차 충전기,"[영상] 전기차 충전요금 가장 싼 곳 찾았습니다 집밥 설치하면 한달 요금2배이상 절약됩니다! 현대, 기아전기차, 테슬라, 벤츠, 볼보, 폴스타, 이트론, BMW (조회수 130회)",https://www.youtube.com/watch?v=9ONSLoabou8,2026-07-18 08:32
2026-07-18,유튜브(영상),[YouTube] 티쓰리,"[영상] 테슬라루시드 파산설, 주가 55% 폭락 하루 만에 CEO가 입 열었다AlixPartners발 루시드 파산 루머, 실비오 나폴리 CEO “사실과 너무 다르다” (조회수 11회)",https://www.youtube.com/watch?v=-JahSENe1DI,2026-07-18 08:32
2026-07-19,일렉링크,★테슬라 [TKC] 모델S 모델3 모델X 모델Y 사이버트럭 FSD 전기차,고창고인돌(하행) nacs 8기.,https://cafe.naver.com/noljatravel/1762169,2026-07-19 08:31
2026-07-19,일렉링크,★테슬라 [TKC] 모델S 모델3 모델X 모델Y 사이버트럭 FSD 전기차,고속도로 강원도방향 NASC 고속충전기 없나요 ㅠㅠ,https://cafe.naver.com/noljatravel/1762107,2026-07-19 08:31
2026-07-19,일렉링크,"전기차동호회-아이오닉5 6 9,EV3 EV4 EV5 EV6 EV9,테슬라모델Y 3",전기차 충전소 검색 앱 문의,https://cafe.naver.com/allfm01/2103216,2026-07-19 08:31
2026-07-19,일렉링크,★테슬라 [TKC] 모델S 모델3 모델X 모델Y 사이버트럭 FSD 전기차,김제 새만금방향 휴게소 일렉링크 nacs 속도 잘나오네요,https://cafe.naver.com/noljatravel/1761383,2026-07-19 08:31
2026-07-19,이브이시스,★ 기아 EV5 공식 동호회 [EV5 클럽] EV5 GT 롱레인지 보조금,충전기마다 충전량이 차이나는 이유가 멀까요?,https://cafe.naver.com/300200/689086,2026-07-19 08:33
2026-07-19,유튜브(영상),[YouTube] 뉴스 에스프레소,[영상] 공짜 전기로 전기차 충전하게 해줘라 #정부 #정책 #이재명 (조회수 1412회),https://www.youtube.com/watch?v=OegdUnLtbsg,2026-07-19 08:33
2026-07-19,유튜브(영상),[YouTube] 안전사이트,[영상] [안전사이트] 전기차 충전요금 폭탄 예방 꿀팁 (조회수 644회),https://www.youtube.com/watch?v=aMrM2d_LBks,2026-07-19 08:33
2026-07-19,유튜브(영상),[YouTube] 전차남 : 전기차 알려주는 남자,[영상] 전기차 충전 공짜로 해도 손해 아니다? 대통령 발언 분석 #Shorts (2026.7.18) (조회수 631회),https://www.youtube.com/watch?v=1gYSPgz_bbE,2026-07-19 08:33
2026-07-19,유튜브(영상),[YouTube] 잇츠뉴스(IT's News),[영상] 600마일 달려보니…전기차 급속충전 확 좋아졌다 (조회수 247회),https://www.youtube.com/watch?v=OOMXFYyaXOQ,2026-07-19 08:33
2026-07-20,일렉링크,현대 아이오닉9 오너스 - 나이너스,동해안 여행중 충전 후 커텍터 분리 안되어서 애먹었네요,https://cafe.naver.com/ioniq9owners/34928,2026-07-20 08:32
2026-07-20,일렉링크,★테슬라 [TKC] 모델S 모델3 모델X 모델Y 사이버트럭 FSD 전기차,dc콤보 불가능한곳이 이핏과 이비랑? 인가요?,https://cafe.naver.com/noljatravel/1763242,2026-07-20 08:32
2026-07-20,일렉링크,★BYD 비야디 전기차 공식동호회[BYD 오너스]아토3 씰 씨라이언7,"집 밥 없는 유저가 SK일렉링크 1,000km / 5kwh 기준으로 코파일럿(MS AI)으로 요금 계산해 봤습니....",https://cafe.naver.com/rlfnrl2034/2131164,2026-07-20 08:32
2026-07-20,일렉링크,"전기차동호회-아이오닉5 6 9,EV3 EV4 EV5 EV6 EV9,테슬라모델Y 3",일렉링크 포인트도 선물하기 가능한가요?,https://cafe.naver.com/allfm01/2103851,2026-07-20 08:32
2026-07-20,일렉링크,현대 아이오닉9 오너스 - 나이너스,sk일렉링크 충전금액 결재금액 차이 아시는 분,https://cafe.naver.com/ioniq9owners/34846,2026-07-20 08:32
2026-07-20,채비,포르쉐 타이칸 동호회 ■ 더타이칸 클럽 ■ 카이엔EV 전기차,미사용 채비카드,https://cafe.naver.com/inhelia/35732,2026-07-20 08:33
2026-07-20,채비,포르쉐 타이칸 동호회 ■ 더타이칸 클럽 ■ 카이엔EV 전기차,미등록 채비카드,https://cafe.naver.com/inhelia/35723,2026-07-20 08:33
2026-07-20,이브이시스,"전기차동호회-아이오닉5 6 9,EV3 EV4 EV5 EV6 EV9,테슬라모델Y 3",전기차 충전이 생각보다 더 힘든거였군요...,https://cafe.naver.com/allfm01/2103756,2026-07-20 08:33
2026-07-20,이브이시스,"★폴스타 공식 동호회 ★ 볼보 폴스타2, 폴스타3, 4, 5 전기차",EVSIS 충전 방법 질문,https://cafe.naver.com/hamseang/124123,2026-07-20 08:33
2026-07-20,유튜브(영상),[YouTube] 아빠 리뷰 캐비닛,"[영상] 전기차, 이런 분들은 사면 안됩니다 #전기차 #전기차충전 #집밥충전 #급속충전 #BMWi5 #전기차유지비 #전기차장단점 #EV #아빠리뷰캐비닛 #shorts #automobile (조회수 1227회)",https://www.youtube.com/watch?v=-Egh33f6iG0,2026-07-20 08:34
2026-07-20,유튜브(영상),[YouTube] 정치언박싱,[영상] 버리는 전기가 아까우니까! 충전 요금 '0원'에 전기차 타세요! 🔋 (조회수 1047회),https://www.youtube.com/watch?v=fHxlQVPWS1g,2026-07-20 08:34
2026-07-20,유튜브(영상),[YouTube] 티쓰리,"[영상] 테슬라테슬라 사이버캡, 마침내 직원 시승 시작 – 근데 왜 영상을 몰래 내렸을까사이버캡 무인 주행 첫 승객은 테슬라 직원이었다 (7월 11일 영상 삭제 사건) (조회수 587회)",https://www.youtube.com/watch?v=qPktwjaoMmU,2026-07-20 08:34
2026-07-20,유튜브(영상),[YouTube] 경제스타,[영상] 중국 전기차 배터리 99초 교체…CATL이 진짜 노리는 건 자동차가 아니었다 (조회수 300회),https://www.youtube.com/watch?v=y0fa7qR82-8,2026-07-20 08:34
2026-07-20,유튜브(영상),[YouTube] 티쓰리,"[영상] 테슬라루시드 파산설, 주가 55% 폭락 하루 만에 CEO가 입 열었다AlixPartners발 루시드 파산 루머, 실비오 나폴리 CEO “사실과 너무 다르다” (조회수 11회)",https://www.youtube.com/watch?v=NVuMAa0nAVU,2026-07-20 08:34
2026-07-21,일렉링크,"전기차동호회-아이오닉5 6 9,EV3 EV4 EV5 EV6 EV9,테슬라모델Y 3",전기차 충전관련,https://cafe.naver.com/allfm01/2104832,2026-07-21 08:32
2026-07-21,일렉링크,"전기차동호회-아이오닉5 6 9,EV3 EV4 EV5 EV6 EV9,테슬라모델Y 3","아이오닉출고 인도완료, 환경부충전카드",https://cafe.naver.com/allfm01/2104734,2026-07-21 08:32
2026-07-21,일렉링크,"★폴스타 공식 동호회 ★ 볼보 폴스타2, 폴스타3, 4, 5 전기차",충전속도 좋습니다!,https://cafe.naver.com/hamseang/124219,2026-07-21 08:32
2026-07-21,일렉링크,"전기차동호회-아이오닉5 6 9,EV3 EV4 EV5 EV6 EV9,테슬라모델Y 3",Sk일렉링크 고속도로 첫 충전 이벤 참여후기,https://cafe.naver.com/allfm01/2104179,2026-07-21 08:32
2026-07-21,유튜브(영상),[YouTube] 광남일보iTV,"[영상] 충전료 오르고 할인 줄고…전기차, 이제 정말 이득일까? (조회수 1410회)",https://www.youtube.com/watch?v=NdWqeakWfVQ,2026-07-21 08:34
2026-07-21,유튜브(영상),[YouTube] 벤츠읽어주는남자,[영상] 전기차 GLC 사막에서 타기!!! 일렉트릭 glc 출시 #전기차 #glcev #electricglc #glc300 #ev #급속충전 #벤츠읽어주는남자 #벤읽남 (조회수 1215회),https://www.youtube.com/watch?v=neOMEy3Y9Kc,2026-07-21 08:34
2026-07-21,유튜브(영상),[YouTube] CAT16,[영상] 우리나라 도입 시급  급속1시간 완속14시간 다필요 없다  충전중 아니면 싹다 빼는걸로   (조회수 1129회),https://www.youtube.com/watch?v=Ap3sV7RqKJM,2026-07-21 08:34
2026-07-21,유튜브(영상),[YouTube] KCTV제주방송,"[영상] ""남는 전기로 무료 충전?""…제주 첫 실험대 (조회수 332회)",https://www.youtube.com/watch?v=WJhVQZMdDxY,2026-07-21 08:34
2026-07-21,유튜브(영상),[YouTube] 정치is뭔들,[영상] 전기차 낮에 충전하면 공짜? 대통령의 파격 지시!! (조회수 242회),https://www.youtube.com/watch?v=YwpoW5ScF1g,2026-07-21 08:34
2026-07-21,유튜브(영상),[YouTube] ev김실장,[영상] 에버온도 IPO 도전…우리 아파트 충전은 달라질까?  #전기차충전기 #전기차충전 #충전사업자 #에버온 #*채비* #IPO #코스닥상장 #아파트충전기  #충전요금  #EV김실장 (조회수 222회),https://www.youtube.com/watch?v=2Uq-DKkP13s,2026-07-21 08:34
2026-07-21,유튜브(영상),[YouTube] 볼보이규환,[영상] 전기차 처음이라면 꼭 보세요｜보조금·충전비·배터리·충전 총정리 (조회수 22회),https://www.youtube.com/watch?v=WMRUzgWpn7w,2026-07-21 08:34
2026-07-22,일렉링크,★ 기아 EV3 공식동호회 [ EV3 오너스클럽 ] 전기차 보조금 가격,Sk일렉링크 고속도로 충전 무료이벤트,https://cafe.naver.com/musicdomain/886002,2026-07-22 08:32
2026-07-22,일렉링크,"전기차동호회-아이오닉5 6 9,EV3 EV4 EV5 EV6 EV9,테슬라모델Y 3",충전앱 가입을 몇 개나 해야 되나요..,https://cafe.naver.com/allfm01/2105427,2026-07-22 08:32
2026-07-22,일렉링크,현대 아이오닉9 오너스 - 나이너스,sk일렉링크 포인트 사용문의,https://cafe.naver.com/ioniq9owners/35156,2026-07-22 08:32
2026-07-22,일렉링크,"★폴스타 공식 동호회 ★ 볼보 폴스타2, 폴스타3, 4, 5 전기차",첫 장거리 충전관련 질문드려요.,https://cafe.naver.com/hamseang/124281,2026-07-22 08:32
2026-07-22,일렉링크,★ 아이오닉 공식 동호회 [아이오닉 멤버스] 아이오닉 5 6 7 9 N,질문 Sk일렉링크 포인트,https://cafe.naver.com/cafeclip/1314418,2026-07-22 08:32
2026-07-22,채비,★테슬라 [TKC] 모델S 모델3 모델X 모델Y 사이버트럭 FSD 전기차,채비급속!!,https://cafe.naver.com/noljatravel/1766901,2026-07-22 08:33
2026-07-22,이브이시스,★BYD 비야디 전기차 공식동호회[BYD 오너스]아토3 씰 씨라이언7,무더위에 마트에서 충전 하실때,https://cafe.naver.com/rlfnrl2034/2132125,2026-07-22 08:33
2026-07-22,유튜브(영상),[YouTube] G1 News,"[영상] 내년부터 전기차 무료 충전, 이재명의 파격적인 지시 [G1현장영상] (조회수 17884회)",https://www.youtube.com/watch?v=viKGwqGPqFI,2026-07-22 08:33
2026-07-22,유튜브(영상),[YouTube] 서울경제TV,"[영상] 전기차 충전, ‘운영’ 경쟁…다른 길 택한 *채비*·에버온 (조회수 1219회)",https://www.youtube.com/watch?v=QJKftMus4sw,2026-07-22 08:33
2026-07-22,유튜브(영상),[YouTube] 비터 VITER,"[영상] 전기차로 버는 시대 안 쓰는 전기, 돈으로 바꾼다#현대차#전기차 (조회수 1171회)",https://www.youtube.com/watch?v=kMNeXXaQ7vs,2026-07-22 08:33
2026-07-22,유튜브(영상),[YouTube] 신차연구소_카랩,"[영상] GV70 전기차, 더 멀리 가고 더 빨리 채운다! 달라진 핵심 변화 총정리 (조회수 991회)",https://www.youtube.com/watch?v=JB0-uxVnHD4,2026-07-22 08:33
2026-07-22,유튜브(영상),[YouTube] 신차연구소_카랩,"[영상] 제네시스 GV70 전기차 상품성 개선, 살만해졌을까? (조회수 54회)",https://www.youtube.com/watch?v=PH6dRr-NKO8,2026-07-22 08:33
2026-07-22,유튜브(영상),[YouTube] 티쓰리,"[영상] 테슬라루시드 파산설, 주가 55% 폭락 하루 만에 CEO가 입 열었다AlixPartners발 루시드 파산 루머, 실비오 나폴리 CEO “사실과 너무 다르다” (조회수 11회)",https://www.youtube.com/watch?v=WTwVBJbSTrA,2026-07-22 08:33
2026-07-23,일렉링크,★BYD 비야디 전기차 공식동호회[BYD 오너스]아토3 씰 씨라이언7,충전 그냥 회원가입하고 하는게 최선인가요?,https://cafe.naver.com/rlfnrl2034/2132768,2026-07-23 08:32
2026-07-23,일렉링크,"전기차동호회-아이오닉5 6 9,EV3 EV4 EV5 EV6 EV9,테슬라모델Y 3",연휴 명절등 충전문제 궁금증,https://cafe.naver.com/allfm01/2106186,2026-07-23 08:32
2026-07-23,일렉링크,★ 아이오닉 공식 동호회 [아이오닉 멤버스] 아이오닉 5 6 7 9 N,아이오닉5 롱레인지 awd 3년간 충전비용.,https://cafe.naver.com/cafeclip/1314569,2026-07-23 08:32
2026-07-23,일렉링크,★ 기아 EV3 공식동호회 [ EV3 오너스클럽 ] 전기차 보조금 가격,SK일렉링크,https://cafe.naver.com/musicdomain/886038,2026-07-23 08:32
2026-07-23,일렉링크,★ 기아 EV5 공식 동호회 [EV5 클럽] EV5 GT 롱레인지 보조금,200kw 급속충전기에도 충전 가능한가요?,https://cafe.naver.com/300200/689973,2026-07-23 08:32
2026-07-23,채비,★BYD 비야디 전기차 공식동호회[BYD 오너스]아토3 씰 씨라이언7,채비 회원가입 아직 안 하신 분들~,https://cafe.naver.com/rlfnrl2034/2132784,2026-07-23 08:33
2026-07-23,채비,★ 아이오닉 공식 동호회 [아이오닉 멤버스] 아이오닉 5 6 7 9 N,채비라도 pnc모드로 하면 이핏으로 충전되는군요 ㅡ.-,https://cafe.naver.com/cafeclip/1314624,2026-07-23 08:33
2026-07-23,채비,클럽 테슬라 [Club Tesla] 모델S 모델3 모델X 모델Y RWD,칠서 휴게소 채비 NACS 충전,https://cafe.naver.com/foryoucom/379868,2026-07-23 08:33
2026-07-23,채비,포르쉐 타이칸 동호회 ■ 더타이칸 클럽 ■ 카이엔EV 전기차,채비 카드 1년 지났는데도 포인트 안 없어지고 그대로내요 저만 그런가요?,https://cafe.naver.com/inhelia/35829,2026-07-23 08:33
2026-07-23,이브이시스,★ 기아 EV5 공식 동호회 [EV5 클럽] EV5 GT 롱레인지 보조금,고속도로충전기회사정보,https://cafe.naver.com/300200/690208,2026-07-23 08:33
2026-07-23,유튜브(영상),[YouTube] LLumar 루마 썬팅 공식 계정,[영상] [EV투데이] 전기차 침수되면 감전되나요?ㅜ / 여름철 전기차 안전 수칙! (조회수 20818회),https://www.youtube.com/watch?v=WZmHr8ebD58,2026-07-23 08:34
2026-07-23,유튜브(영상),[YouTube] ev김실장,[영상] 8월부터 전기차 공공충전요금 바뀝니다! 충전 전 꼭 확인하세요.  #전기차 #전기차충전 #공공충전 #충전요금 #공공충전요금 #환경부 #전기차정보 #EV #전기차생활 #EV김실장 (조회수 1802회),https://www.youtube.com/watch?v=n1BZgu8LCzY,2026-07-23 08:34
2026-07-23,유튜브(댓글),[YouTube] @hwankim8052,💬 완속으로 충전하면 저렴해지고 급속은 비싸져서 사실상 외부에서 충전하니까 인상이라고 봐야되죠...이제 민간업체 구독해서 충전하는게 나을것 같습니다...,https://www.youtube.com/watch?v=n1BZgu8LCzY,2026-07-23 08:34
2026-07-23,유튜브(영상),[YouTube] 쓰리쎄븐,[영상] #전기차 #급속충전 세상에 이런 충전은 없었다 !!! 공짜 광속 충전 !!! (조회수 898회),https://www.youtube.com/watch?v=yf2T0Z3-u4Y,2026-07-23 08:34
2026-07-23,유튜브(영상),[YouTube] 채비,[영상] 테슬라 오너들 난리 난 *채비* NACS 전국 확대 소식!👀✨#*채비* #전기차충전 #*채비*충전 #테슬라 #NACS (조회수 746회),https://www.youtube.com/watch?v=y5w1o9M_Ac0,2026-07-23 08:34
2026-07-24,일렉링크,★테슬라 [TKC] 모델S 모델3 모델X 모델Y 사이버트럭 FSD 전기차,고속도로 충전속도 이게 맞나요?,https://cafe.naver.com/noljatravel/1770430,2026-07-24 08:31
2026-07-24,일렉링크,"전기차동호회-아이오닉5 6 9,EV3 EV4 EV5 EV6 EV9,테슬라모델Y 3",급속충전오류랑 완속충전 중지,https://cafe.naver.com/allfm01/2107219,2026-07-24 08:31
2026-07-24,일렉링크,"전기차동호회-아이오닉5 6 9,EV3 EV4 EV5 EV6 EV9,테슬라모델Y 3",SK일렉링크 로밍요금 변동공지 보니 더 짜증,https://cafe.naver.com/allfm01/2106910,2026-07-24 08:31
2026-07-24,일렉링크,★테슬라 [TKC] 모델S 모델3 모델X 모델Y 사이버트럭 FSD 전기차,sk일렉링크 50만포인트 초과시 충전불가,https://cafe.naver.com/noljatravel/1769408,2026-07-24 08:31
2026-07-24,일렉링크,현대 아이오닉9 오너스 - 나이너스,SK일렉링크 충전소,https://cafe.naver.com/ioniq9owners/35404,2026-07-24 08:31
2026-07-24,일렉링크,"전기차동호회-아이오닉5 6 9,EV3 EV4 EV5 EV6 EV9,테슬라모델Y 3",전기차 충전소 너무 많아요...,https://cafe.naver.com/allfm01/2106672,2026-07-24 08:31
2026-07-24,워터,"★폴스타 공식 동호회 ★ 볼보 폴스타2, 폴스타3, 4, 5 전기차",헐 충전기 이 속도 찍히는건 첨 봅니다. (feat.워터),https://cafe.naver.com/hamseang/124492,2026-07-24 08:32
2026-07-24,채비,킬로와트 - 플러그를 꽂는 사람들 (전기차 오너 모임),언양휴게소에 채비 입점됐습니다,https://cafe.naver.com/elecmembers/2880,2026-07-24 08:32
2026-07-24,이브이시스,★ 기아 EV5 공식 동호회 [EV5 클럽] EV5 GT 롱레인지 보조금,충전..너무 모르겠어요ㅠ,https://cafe.naver.com/300200/690491,2026-07-24 08:33
2026-07-24,유튜브(영상),[YouTube] 시장의 흐름,[영상] “에너지밀도 900Wh/L·충전 9분·수명 20년” 세계 완성차 거물들이 탐내는 삼성의 꿈의 배터리 (조회수 1397회),https://www.youtube.com/watch?v=m_uXGA_o7uc,2026-07-24 08:33
2026-07-24,유튜브(영상),[YouTube] 벤츠의 달인 김태엽,"[영상] 서울↔부산, 한 번 충전으로 가능할까요?⚡일렉트릭 GLC 핵심만 60초에 알려드립니다#벤츠 #일렉트릭GLC #ElectricGLC#전기차 #EV #급속충전#MercedesBenz (조회수 1353회)",https://www.youtube.com/watch?v=BeD-iX7Ve2k,2026-07-24 08:33
2026-07-24,유튜브(영상),[YouTube] 카제로 Carzero,"[영상] 볼보 ES90 가격 7,294만 원, 세단과 SUV를 다 잡은 전기 플래그십 #볼보ES90 #볼보ES90국내출시 #볼보전기세단 #ES90가격 #automobile #카제로 (조회수 516회)",https://www.youtube.com/watch?v=hqx_qG5Qhvs,2026-07-24 08:33
2026-07-24,유튜브(영상),[YouTube] 티쓰리,"[영상] 테슬라테슬라 2026 서머 업데이트 공개, 드디어 내비게이션 고쳤다 테슬라 2026년 여름 업데이트, 노래방부터 자동 내비까지 싹 다 바뀐다 (조회수 14회)",https://www.youtube.com/watch?v=ALxwhqPhn1c,2026-07-24 08:33
2026-07-24,유튜브(영상),[YouTube] 티쓰리,"[영상] 테슬라테슬라 사이버캡, 스타링크 탑재 진짜 이유는 라이더가 아니었다사이버캡 스타링크 탑재, AI 총괄 애쉬크 엘루스와미가 밝힌 반전 목적 (조회수 13회)",https://www.youtube.com/watch?v=WVhRKzgSsHU,2026-07-24 08:33
2026-07-25,일렉링크,★SEXY TESLA★ 테슬라 비영리 전기차 카페(모델3 모델Y 모델SX),SK일렉링크에서 이벤트하네요! 감사합니다!,https://cafe.naver.com/sexytesla/22594,2026-07-25 08:34
2026-07-25,일렉링크,★테슬라 [TKC] 모델S 모델3 모델X 모델Y 사이버트럭 FSD 전기차,수차이외에 다른 급속 충전기 사용전 프리컨디셔닝하는방법은 없나요?,https://cafe.naver.com/noljatravel/1771004,2026-07-25 08:34
2026-07-25,일렉링크,현대 아이오닉9 오너스 - 나이너스,SK 일렉링크 가격 올렸네요,https://cafe.naver.com/ioniq9owners/35564,2026-07-25 08:34
2026-07-25,일렉링크,★테슬라 [TKC] 모델S 모델3 모델X 모델Y 사이버트럭 FSD 전기차,충전중 끊김현상(sk일렉링크),https://cafe.naver.com/noljatravel/1770718,2026-07-25 08:34
2026-07-25,채비,★테슬라 [TKC] 모델S 모델3 모델X 모델Y 사이버트럭 FSD 전기차,채비 고속도로 NACS 충전기 피드백 요청,https://cafe.naver.com/noljatravel/1770684,2026-07-25 08:35
2026-07-25,이브이시스,"전기차동호회-아이오닉5 6 9,EV3 EV4 EV5 EV6 EV9,테슬라모델Y 3",이 충전기 뭔지 아시는 분 계시나요,https://cafe.naver.com/allfm01/2107599,2026-07-25 08:35
2026-07-25,유튜브(영상),[YouTube] 에너지하우징,[영상] 여름 주차 한 달이 급속충전 500번보다 나쁜 이유 (조회수 956회),https://www.youtube.com/watch?v=VHIw-hFvebc,2026-07-25 08:35
2026-07-25,유튜브(영상),[YouTube] 배터와이,[영상] 전기차 충전요금 반값 만들기 | 충전카드 혜택 & 무료주차 한 번에 찾는 꿀팁 (조회수 206회),https://www.youtube.com/watch?v=Bhw24tlHQko,2026-07-25 08:35
2026-07-25,유튜브(영상),[YouTube] MB Auto World,"[영상] 최초공개] BMW iX5 - 이 정도였어? 실물 깡패, 진짜 인생 SUV 찾았습니다. (조회수 13회)",https://www.youtube.com/watch?v=ZHIygZDbu3g,2026-07-25 08:35
2026-07-26,일렉링크,★BYD 비야디 전기차 공식동호회[BYD 오너스]아토3 씰 씨라이언7,고속도로 급속충전 문의 (아토3),https://cafe.naver.com/rlfnrl2034/2134078,2026-07-26 08:33
2026-07-26,일렉링크,"전기차동호회-아이오닉5 6 9,EV3 EV4 EV5 EV6 EV9,테슬라모델Y 3",차지비 충전요금 또 올랐던데 이번엔 진짜 너무하네요,https://cafe.naver.com/allfm01/2108372,2026-07-26 08:33
2026-07-26,채비,★테슬라 [TKC] 모델S 모델3 모델X 모델Y 사이버트럭 FSD 전기차,고속도로 채비 초급속 300kW dc 콤보로 충전 해도 될까요?,https://cafe.naver.com/noljatravel/1772321,2026-07-26 08:34
2026-07-26,유튜브(영상),[YouTube] 개발자준의 취미생활,[영상] 테슬라 전기차 충전방법 진짜 모든 방법 총정리 (조회수 2492회),https://www.youtube.com/watch?v=ho3FuIDWbHI,2026-07-26 08:34
2026-07-26,유튜브(영상),[YouTube] 에너지하우징,[영상] 여름 관리법 필수 프리컨디셔닝. (조회수 1356회),https://www.youtube.com/watch?v=aYJ97pLv0dw,2026-07-26 08:34
2026-07-27,일렉링크,★ 아이오닉 공식 동호회 [아이오닉 멤버스] 아이오닉 5 6 7 9 N,완속 11kw 와 7kw 차이가 많이나네요.,https://cafe.naver.com/cafeclip/1314921,2026-07-27 08:32
2026-07-27,일렉링크,"전기차동호회-아이오닉5 6 9,EV3 EV4 EV5 EV6 EV9,테슬라모델Y 3",SK일렉링크 충전 안되는 경우?,https://cafe.naver.com/allfm01/2109057,2026-07-27 08:32
2026-07-27,일렉링크,"전기차동호회-아이오닉5 6 9,EV3 EV4 EV5 EV6 EV9,테슬라모델Y 3",일렉링크 포인트사용,https://cafe.naver.com/allfm01/2108926,2026-07-27 08:32
2026-07-27,채비,클럽비야디™ BYD 돌핀 아토3 씰 씨라이언7 PHEV BYD 공식동호회,"비번 변경하세요....충전 플랫폼 ‘채비’, 개인정보 유출.....",https://cafe.naver.com/bing11/54376,2026-07-27 08:33
2026-07-27,채비,현대 아이오닉9 오너스 - 나이너스,채비 개인정보 유출,https://cafe.naver.com/ioniq9owners/35870,2026-07-27 08:33
2026-07-27,채비,"전기차동호회-아이오닉5 6 9,EV3 EV4 EV5 EV6 EV9,테슬라모델Y 3",채비 개인정보유츌,https://cafe.naver.com/allfm01/2109090,2026-07-27 08:33
2026-07-27,채비,★BYD 비야디 전기차 공식동호회[BYD 오너스]아토3 씰 씨라이언7,채비 개인정보 털렸다네요~~,https://cafe.naver.com/rlfnrl2034/2134509,2026-07-27 08:33
2026-07-27,채비,포항전기차협의회,채비 개인정보 유출 사고 관련 안내,https://cafe.naver.com/pohangevclub/45282,2026-07-27 08:33
2026-07-27,채비,"전기차동호회-아이오닉5 6 9,EV3 EV4 EV5 EV6 EV9,테슬라모델Y 3",전기차 충전소 ‘채비’ 개인정보 30만건 유출…“비밀번호 변경해야”,https://cafe.naver.com/allfm01/2109000,2026-07-27 08:33
2026-07-27,채비,"전기차동호회-아이오닉5 6 9,EV3 EV4 EV5 EV6 EV9,테슬라모델Y 3","전기차 충전 플랫폼 채비, 개인정보 30만여건 유출 신고... “이메일 악용 피싱 주의”",https://cafe.naver.com/allfm01/2108993,2026-07-27 08:33
2026-07-27,채비,"전기차동호회-아이오닉5 6 9,EV3 EV4 EV5 EV6 EV9,테슬라모델Y 3",채비 개인정보 유출되었으니 확인해보세요,https://cafe.naver.com/allfm01/2108979,2026-07-27 08:33
2026-07-27,채비,★테슬라 [TKC] 모델S 모델3 모델X 모델Y 사이버트럭 FSD 전기차,채비도 올게 왔군요,https://cafe.naver.com/noljatravel/1773697,2026-07-27 08:33
2026-07-27,채비,"전기차동호회-아이오닉5 6 9,EV3 EV4 EV5 EV6 EV9,테슬라모델Y 3",채비 정보유출 문자왔나요?,https://cafe.naver.com/allfm01/2108915,2026-07-27 08:33
2026-07-27,채비,★테슬라 [TKC] 모델S 모델3 모델X 모델Y 사이버트럭 FSD 전기차,채비에서 개인정보유출 사건이 터졌네요,https://cafe.naver.com/noljatravel/1773531,2026-07-27 08:33
2026-07-27,유튜브(영상),[YouTube] 경욱이형 전기차 상담소,[영상] 8월부터 전기차 충전요금 이렇게 바뀝니다 (조회수 1357회),https://www.youtube.com/watch?v=lSgNHJ7x20c,2026-07-27 08:34
2026-07-27,유튜브(영상),[YouTube] 카리포트tv,"[영상] '서울에서 광주까지 313km, 충전 두 번이면 끝?' BYD 씨라이언 6 DM-i의 새로운 장거리 공식 #BYD씨라이언6DMi #BYD씨라이언6 #씨라이언6DMi #BYDPHEV (조회수 23회)",https://www.youtube.com/watch?v=z583Y7RBoF0,2026-07-27 08:34
2026-07-27,유튜브(영상),[YouTube] 티쓰리,"[영상] 테슬라 테슬라 FSD 주차 업데이트, 일론 머스크가 직접 예고했습니다일론 머스크 트윗 한 줄, 테슬라 자율주차 이렇게 달라진다 (조회수 23회)",https://www.youtube.com/watch?v=RgmalqG0ifM,2026-07-27 08:34
2026-07-27,유튜브(영상),[YouTube] 티쓰리,"[영상] 테슬라테슬라 사이버캡, 마침내 직원 시승 시작 – 근데 왜 영상을 몰래 내렸을까사이버캡 무인 주행 첫 승객은 테슬라 직원이었다 (7월 11일 영상 삭제 사건) (조회수 15회)",https://www.youtube.com/watch?v=VCSr8R0q7Bo,2026-07-27 08:34
2026-07-27,유튜브(영상),[YouTube] 티쓰리,"[영상] 테슬라테슬라 FSD, 이제 운전자 습관까지 기억한다 일론 머스크 깜짝 발언일론 머스크 ""당신 차가 당신을 배운다"" 테슬라 FSD 개인화 예고 (조회수 11회)",https://www.youtube.com/watch?v=nhoddk5Di2k,2026-07-27 08:34
2026-07-27,유튜브(영상),[YouTube] 티쓰리,"[영상] 테슬라테슬라 FSD, 이제 운전자 습관까지 기억한다 일론 머스크 깜짝 발언일론 머스크 ""당신 차가 당신을 배운다"" 테슬라 FSD 개인화 예고 (조회수 10회)",https://www.youtube.com/watch?v=iwSbIK8S55E,2026-07-27 08:34
2026-07-28,일렉링크,스타리아 EV & ST1 전기차 EV 동호회 [스타리아 전기차 카페],여행 차량충전/나도충전,https://cafe.naver.com/steamgunz/35395,2026-07-28 08:34
2026-07-28,채비,★기아 EV 동호회[EV오너스클럽] EV3 EV4 EV5 EV6 EV9 GT 보조금,채비 해킹당했다네요 쓰시는 회원님들확인한번 해보세요,https://cafe.naver.com/carmessenger/736385,2026-07-28 08:35
2026-07-28,채비,★테슬라 [TKC] 모델S 모델3 모델X 모델Y 사이버트럭 FSD 전기차,채비 개인정보 유출 문자 받으셨나요??,https://cafe.naver.com/noljatravel/1774847,2026-07-28 08:35
2026-07-28,채비,★테슬라 [TKC] 모델S 모델3 모델X 모델Y 사이버트럭 FSD 전기차,채비도 개인정보 털렸네요..,https://cafe.naver.com/noljatravel/1774679,2026-07-28 08:35
2026-07-28,채비,"전기차동호회-아이오닉5 6 9,EV3 EV4 EV5 EV6 EV9,테슬라모델Y 3",아우디 채비 화이트카드 100만 실물카드,https://cafe.naver.com/allfm01/2109485,2026-07-28 08:35
2026-07-28,채비,★ 기아 EV3 공식동호회 [ EV3 오너스클럽 ] 전기차 보조금 가격,채비 개인정보 유출여부 확인,https://cafe.naver.com/musicdomain/886741,2026-07-28 08:35
2026-07-28,채비,☆ 테슬라 위키 TESLA WIKI ☆ 오너 경험 공유 카페,채비에 가입한지 얼마 안됐는데..,https://cafe.naver.com/teslawiki/46,2026-07-28 08:35
2026-07-28,채비,★테슬라 [TKC] 모델S 모델3 모델X 모델Y 사이버트럭 FSD 전기차,채비 개인정보 유출확인 -(유출됨) 카카오가입자는 카카메일넣으셔야..,https://cafe.naver.com/noljatravel/1774500,2026-07-28 08:35
2026-07-28,채비,★테슬라 [TKC] 모델S 모델3 모델X 모델Y 사이버트럭 FSD 전기차,채비 대표님 말씀드릴게 있습니다.,https://cafe.naver.com/noljatravel/1774497,2026-07-28 08:35
2026-07-28,채비,★ 기아 EV3 공식동호회 [ EV3 오너스클럽 ] 전기차 보조금 가격,채비 해킹 당했나 봅니다...,https://cafe.naver.com/musicdomain/886722,2026-07-28 08:35
2026-07-28,채비,★테슬라 [TKC] 모델S 모델3 모델X 모델Y 사이버트럭 FSD 전기차,채비 개인정보 유출에 대해 한마디,https://cafe.naver.com/noljatravel/1774479,2026-07-28 08:35
2026-07-28,채비,EV9 MANIA [기아 EV9 실오너&예비오너 카페],채비도 개인정보 유출됏네요..ㄷㄷ,https://cafe.naver.com/myev9/3825,2026-07-28 08:35
2026-07-28,채비,『 아우디 e트론 공식 카페 』 아우디 이트론 Q4 Q6 A6 전기차,채비 개인정보 유출,https://cafe.naver.com/qkffks1/32748,2026-07-28 08:35
2026-07-28,채비,★테슬라 [TKC] 모델S 모델3 모델X 모델Y 사이버트럭 FSD 전기차,채비 개인정보 유출 문자,https://cafe.naver.com/noljatravel/1774472,2026-07-28 08:35
2026-07-28,채비,★BYD 비야디 전기차 공식동호회[BYD 오너스]아토3 씰 씨라이언7,채비 개인정보 유출사고 ㅠ,https://cafe.naver.com/rlfnrl2034/2134791,2026-07-28 08:35
2026-07-28,채비,"전기차동호회-아이오닉5 6 9,EV3 EV4 EV5 EV6 EV9,테슬라모델Y 3",잔기차 충천기 채비에서 개인정보 유출문자가 왔는데 저만 온건가요?,https://cafe.naver.com/allfm01/2109393,2026-07-28 08:35
2026-07-28,이브이시스,"전기차동호회-아이오닉5 6 9,EV3 EV4 EV5 EV6 EV9,테슬라모델Y 3",회원님들은 어떻게 생각하시나요? (충전구역),https://cafe.naver.com/allfm01/2109924,2026-07-28 08:35
2026-07-28,유튜브(영상),[YouTube] EV Pick | 이브이 픽,[영상] 전기차 샀는데 이건 아무도 안 알려줌ㅋㅋ ⚡ (조회수 1140회),https://www.youtube.com/watch?v=ekrX7nakfRg,2026-07-28 08:35
2026-07-28,유튜브(영상),[YouTube] 인천연구원,[영상] 전기차 서울이 제일 많을까? 충전소는 어디가 많을까?🚗 (조회수 976회),https://www.youtube.com/watch?v=cKGILEzbRAM,2026-07-28 08:35
2026-07-28,유튜브(영상),[YouTube] 숏카 SHORTS CAR,[영상] [숏카] 30~80%까지 30분이면 충전 완료?! 18kW 급속 충전이 지원되는 PHEV!! BYD 씨라이언6!! #byd #sealion6 (조회수 889회),https://www.youtube.com/watch?v=VIDiXIU7bQM,2026-07-28 08:35
2026-07-28,유튜브(영상),[YouTube] 알고보니1%,[영상] 폭염에 전기차 급속충전하면 배터리가 망가질까? (조회수 827회),https://www.youtube.com/watch?v=xhUkCi_5ZEU,2026-07-28 08:35
2026-07-28,유튜브(영상),[YouTube] 김지금,[영상] BMW 420d 타다가 전기차 테슬라 모델Y 타보니 느낀 점 (조회수 296회),https://www.youtube.com/watch?v=gjYAo5Pxwc0,2026-07-28 08:35
2026-07-28,유튜브(영상),[YouTube] 워터 Water,"[영상] 최고 충전 속도 찍으려다 견인차 부르지 말고, 이 영상만 보세요 #전기차충전 #전기차급속충전 #배터리SOC #전기차꿀팁 #*워터* #*워터*충전소 (조회수 88회)",https://www.youtube.com/watch?v=3Dn7-WuRhfE,2026-07-28 08:35
2026-07-28,유튜브(댓글),[YouTube] @watercharging,"💬 고속도로 전기차 충전, 고민 끝! 3초 충전, *워터* ⚡ 지금 프로필 링크에서 *워터* 앱을 다운로드하세요 🚀",https://www.youtube.com/watch?v=3Dn7-WuRhfE,2026-07-28 08:35
2026-07-28,유튜브(영상),[YouTube] 티쓰리,"[영상] 테슬라 옵티머스, 테슬라 앱에 등장했다 로봇 전용 인증 시스템의 정체테슬라 옵티머스 출시 신호탄? 앱 코드에서 발견된 로봇 전용 블루투스 키일론 머스크 (조회수 16회)",https://www.youtube.com/watch?v=7Qj8wKKlLvE,2026-07-28 08:35
2026-07-29,일렉링크,현대 아이오닉9 오너스 - 나이너스,"제주도 여행기 0 - 충전 이야기, 차 싣는 이야기",https://cafe.naver.com/ioniq9owners/36021,2026-07-29 08:32
2026-07-29,채비,★테슬라 [TKC] 모델S 모델3 모델X 모델Y 사이버트럭 FSD 전기차,채비 완속 충전 불가,https://cafe.naver.com/noljatravel/1777207,2026-07-29 08:33
2026-07-29,채비,★테슬라 [TKC] 모델S 모델3 모델X 모델Y 사이버트럭 FSD 전기차,채비 이메일 유출됐네요 비번이랑,https://cafe.naver.com/noljatravel/1776622,2026-07-29 08:33
2026-07-29,채비,★BYD 비야디 전기차 공식동호회[BYD 오너스]아토3 씰 씨라이언7,아무 생각 없이 채비 급속충전 했었는데 비싼거였네요 ㅠ,https://cafe.naver.com/rlfnrl2034/2135344,2026-07-29 08:33
2026-07-29,채비,★ 캐스퍼ev 전기차 공식 동호회 [캐스퍼 일렉트릭 클럽] 보조금,채비 개인정보 유출 문자,https://cafe.naver.com/lastchaos2/416077,2026-07-29 08:33
2026-07-29,이브이시스,★ EV9 공식동호회 [EV9 오너스클럽] EV9 대표카페 전기차보조금,전기차 충전소 업체가 생각보다 많네요,https://cafe.naver.com/terror4u/1415436,2026-07-29 08:34
2026-07-29,이브이시스,"전기차동호회-아이오닉5 6 9,EV3 EV4 EV5 EV6 EV9,테슬라모델Y 3",비공용 설치 충전기 문의,https://cafe.naver.com/allfm01/2110464,2026-07-29 08:34
2026-07-29,유튜브(영상),[YouTube] 김한용의 MOCAR,[영상] 전기차 충전소 요금 순위! 잘못하면 테슬라를 하이브리드보다 비싸게 탑니다! (조회수 108038회),https://www.youtube.com/watch?v=4HeYKkINqYg,2026-07-29 08:34
2026-07-29,유튜브(영상),[YouTube] 용싸부,[영상] 전기차 급속 충전도 이건 불편함...  #아이오닉5 (조회수 6000회),https://www.youtube.com/watch?v=dJR9EA8kuOo,2026-07-29 08:34
2026-07-29,유튜브(영상),[YouTube] 전기차의 모든것,[영상] 8월 1일부터 전기차 충전요금 인하! 완속은 싸지고 급속은 오른다 (조회수 1150회),https://www.youtube.com/watch?v=1JHOKU4IPxY,2026-07-29 08:34
2026-07-29,유튜브(댓글),[YouTube] @hwankim8052,💬 급속이 오르기때문에 외부에서 충전할때 오르는게 더 많아진다고봐야되요. 이제는 민간업체 하나 골라서 구독하는게 훨씬 나을거에요. 전 롯데쪽 *이브...,https://www.youtube.com/watch?v=1JHOKU4IPxY,2026-07-29 08:34
2026-07-29,유튜브(영상),[YouTube] ev김실장,[영상] #🚨 전기차 충전앱 쓰시나요? 30만 건 개인정보 유출  전기차 #전기차충전 #*채비* #개인정보유출 #충전앱  #EV #전기차생활 #EV김실장 #전기차뉴스 #보안 #개인정보 (조회수 809회),https://www.youtube.com/watch?v=vmbQrxVm3XI,2026-07-29 08:34
2026-07-29,유튜브(영상),[YouTube] 카뷰어,"[영상] 포르쉐 타이칸, 낮은 차체와 800V 급속 충전의 전기 스포츠카 (조회수 121회)",https://www.youtube.com/watch?v=2dD-XmBhpYA,2026-07-29 08:34
2026-07-29,유튜브(영상),[YouTube] 테슬라이프,[영상] 주파집 이동형 전기차 충전기 EVOLT PRO 리뷰 / 앱으로 제어도 된다고?! (조회수 85회),https://www.youtube.com/watch?v=nbPTKizmGtc,2026-07-29 08:34
2026-07-29,유튜브(영상),[YouTube] LandRover 랜드로버 김신준 팀장,"[영상] 출퇴근은 전기차, 주말엔 550마력 I6"" 레인지로버 스포츠 P550e 시승 전 꼭 알아야 할 3가지 꿀팁 (PHEV 실연비 & 충전) (조회수 76회)",https://www.youtube.com/watch?v=gTh3LnqwyNE,2026-07-29 08:34
2026-07-29,유튜브(영상),[YouTube] 티쓰리,"[영상] 테슬라 테슬라 2026 서머 업데이트, 커스텀 랩 이제 USB 없이 올린다테슬라 페인트샵 신기능, 모바일 앱으로 랩 디자인 바로 전송 (조회수 46회)",https://www.youtube.com/watch?v=zkQ7qaeyVZc,2026-07-29 08:34
2026-07-29,유튜브(영상),[YouTube] 국회 유튜브,"[영상] [핵심요약] 전기차 완속 충전요금 급등, 지속 가능한 해법은 무엇인가? (조회수 42회)",https://www.youtube.com/watch?v=OtQf6WbBlko,2026-07-29 08:34
2026-07-30,일렉링크,★테슬라 [TKC] 모델S 모델3 모델X 모델Y 사이버트럭 FSD 전기차,테린이입니다.충전 문의 드립니다.,https://cafe.naver.com/noljatravel/1779316,2026-07-30 08:33
2026-07-30,일렉링크,★BYD 비야디 전기차 공식동호회[BYD 오너스]아토3 씰 씨라이언7,정부조치로 충전속도가 줄어들수도 있네요.,https://cafe.naver.com/rlfnrl2034/2135919,2026-07-30 08:33
2026-07-30,일렉링크,클럽 테슬라 [Club Tesla] 모델S 모델3 모델X 모델Y RWD,신형DC콤보 사야 될까요?,https://cafe.naver.com/foryoucom/380021,2026-07-30 08:33
2026-07-30,채비,현대 아이오닉9 오너스 - 나이너스,채비패스H,https://cafe.naver.com/ioniq9owners/36189,2026-07-30 08:34
2026-07-30,이브이시스,★테슬라 [TKC] 모델S 모델3 모델X 모델Y 사이버트럭 FSD 전기차,이브이시스 충전 연결 오류 저만 그런걸까요?,https://cafe.naver.com/noljatravel/1778721,2026-07-30 08:35
2026-07-30,이브이시스,★BYD 비야디 전기차 공식동호회[BYD 오너스]아토3 씰 씨라이언7,앱 EVSIS 구독권 인피니티 괜찮을까요?,https://cafe.naver.com/rlfnrl2034/2135879,2026-07-30 08:35
2026-07-30,유튜브(영상),[YouTube] 픽업템,[영상] 구매방법➡️프로필클릭➡️영어링크클릭➡️[112번]검색✅#캠핑필수템#자동차태양광#태양열#전기차태양광#전기차요금#전기차충전#태양광충전 (조회수 1973회),https://www.youtube.com/watch?v=DR2i_lvUVoo,2026-07-30 08:35
2026-07-30,유튜브(영상),[YouTube] 용피디 YongPD,[영상] 완속 충전비가 드디어! 내렸습니다 (조회수 1439회),https://www.youtube.com/watch?v=H4Bays8jjr8,2026-07-30 08:35
2026-07-30,유튜브(댓글),[YouTube] @hwankim8052,💬 8월1일부터 전기차 요금 5단계로 세분화되면서 완속은 내려가고 급속은 오르는거죠. 외부에서 충전은 대부분이 급속이라서 기뻐해야될일인가 싶습니다....,https://www.youtube.com/watch?v=H4Bays8jjr8,2026-07-30 08:35
2026-07-30,유튜브(영상),[YouTube] 에너지하우징,[영상] 프리컨디셔닝 자동이라고 하셨나요? — 내 차는 아닐 수 있습니다 (조회수 1241회),https://www.youtube.com/watch?v=-SeknUmr9qM,2026-07-30 08:35
2026-07-30,유튜브(영상),[YouTube] 하카오토,"[영상] 볼보 ES90, 7천만원대 플래그십 전기차! 최대할인 특판 리스 장기렌트! (조회수 1115회)",https://www.youtube.com/watch?v=AcU66kOrbCI,2026-07-30 08:35
2026-07-30,유튜브(영상),[YouTube] 티쓰리,"[영상] 테슬라 테슬라 2026 서머 업데이트, 모델3·모델Y에도 드디어 '트랙션 컨트롤 모드' 뜬다모델S·X·사이버트럭에만 있던 그 기능, 테슬라 모델3·모델Y도 이제 생겼다 (조회수 25회)",https://www.youtube.com/watch?v=rozO3kjtHLg,2026-07-30 08:35
2026-07-30,유튜브(영상),[YouTube] 티쓰리,"[영상] 테슬라 테슬라 모델 S·X 오픈소스 발표, 로드스터급 파격 선언2026년 테슬라 폭탄 선언, 모델 S와 모델 X 설계 전부 공개한다 (조회수 16회)",https://www.youtube.com/watch?v=g1SxjtJFuOs,2026-07-30 08:35
2026-07-30,유튜브(영상),[YouTube] 이고,"[영상] 주유소 전기차 충전기 설치 방법 5단계, 정리했습니다 (조회수 14회)",https://www.youtube.com/watch?v=F6FR6d79D0Y,2026-07-30 08:35
2026-07-31,일렉링크,★테슬라 [TKC] 모델S 모델3 모델X 모델Y 사이버트럭 FSD 전기차,선배님들 서해안 고창고인돌휴게소 하행에도 nacs있을까유,https://cafe.naver.com/noljatravel/1781246,2026-07-31 08:34
2026-07-31,일렉링크,★ 아이오닉 공식 동호회 [아이오닉 멤버스] 아이오닉 5 6 7 9 N,양팔형 급속 충전시 문제있는분 계실까요? '충전기 문제로 충전 시간이 지연될 수 있습니....,https://cafe.naver.com/cafeclip/1315346,2026-07-31 08:34
2026-07-31,일렉링크,★테슬라 [TKC] 모델S 모델3 모델X 모델Y 사이버트럭 FSD 전기차,워터 일렉링크도 양팔 충전가능한가요?,https://cafe.naver.com/noljatravel/1780258,2026-07-31 08:34
2026-07-31,일렉링크,현대 아이오닉9 오너스 - 나이너스,가까운 고속도로 SK일렉링크 충전기는 어뜨케 찾나요?,https://cafe.naver.com/ioniq9owners/36297,2026-07-31 08:34
2026-07-31,일렉링크,현대 아이오닉9 오너스 - 나이너스,완속 충전 단가 자랑해주세요~ 배틀을 시작하겠습니다!,https://cafe.naver.com/ioniq9owners/36287,2026-07-31 08:34
2026-07-31,일렉링크,"전기차동호회-아이오닉5 6 9,EV3 EV4 EV5 EV6 EV9,테슬라모델Y 3",충전 카드 어떻게 발급받아야할까요?,https://cafe.naver.com/allfm01/2111546,2026-07-31 08:34
2026-07-31,채비,★테슬라 [TKC] 모델S 모델3 모델X 모델Y 사이버트럭 FSD 전기차,채비 개인정보 유출 문자가 왔어요,https://cafe.naver.com/noljatravel/1780693,2026-07-31 08:35
2026-07-31,채비,★테슬라 [TKC] 모델S 모델3 모델X 모델Y 사이버트럭 FSD 전기차,"채비 개인정보유출,, 진짠가요?",https://cafe.naver.com/noljatravel/1780658,2026-07-31 08:35
2026-07-31,채비,★ 아이오닉 공식 동호회 [아이오닉 멤버스] 아이오닉 5 6 7 9 N,채비 유출문자받으신분계신가요..?,https://cafe.naver.com/cafeclip/1315325,2026-07-31 08:35
2026-07-31,채비,★ 캐스퍼ev 전기차 공식 동호회 [캐스퍼 일렉트릭 클럽] 보조금,채비 개인정보,https://cafe.naver.com/lastchaos2/416330,2026-07-31 08:35
2026-07-31,채비,"전기차동호회-아이오닉5 6 9,EV3 EV4 EV5 EV6 EV9,테슬라모델Y 3",이거 채비 해킹하는 사이트는 아니겠지요?,https://cafe.naver.com/allfm01/2111805,2026-07-31 08:35
2026-07-31,이브이시스,"전기차동호회-아이오닉5 6 9,EV3 EV4 EV5 EV6 EV9,테슬라모델Y 3",본인 차량 충전용량 확인하기,https://cafe.naver.com/allfm01/2112129,2026-07-31 08:35
2026-07-31,이브이시스,★ 아이오닉 공식 동호회 [아이오닉 멤버스] 아이오닉 5 6 7 9 N,양팔형 급속 충전시 문제있는분 계실까요? '충전기 문제로 충전 시간이 지연될 수 있습니....,https://cafe.naver.com/cafeclip/1315346,2026-07-31 08:35
2026-07-31,유튜브(영상),[YouTube] ev김실장,"[영상] 아파트 전기차 충전기, 누구 소유인지 아시나요?  #전기차  #전기차충전기 #아파트충전기 #충전사업자 #CPO #EV김실장 #아파트관리 #입주자대표회의 #충전기소유 #전기차충전 (조회수 1047회)",https://www.youtube.com/watch?v=yivstroay_k,2026-07-31 08:35
2026-07-31,유튜브(영상),[YouTube] 인포클립,[영상] #전기차충전요금#완속충전기#전기차차주#8월시행#ev이음 (조회수 617회),https://www.youtube.com/watch?v=AgU8qsk36Lg,2026-07-31 08:35
2026-07-31,유튜브(댓글),[YouTube] @hwankim8052,💬 외부에서 충전하면 급속충전기 대부분이라 이제 민간업체 구독하는걸 추천드립니다. 구독하고 안하고 차이가 충전금액천차만별이에요. 저는 롯데*이브이시...,https://www.youtube.com/watch?v=AgU8qsk36Lg,2026-07-31 08:35
2026-07-31,유튜브(영상),[YouTube] 국회 유튜브,"[영상] 전기차 100만 대 시대! 완속 충전 이용 요금 논란!?｜전기차 완속 충전요금 급등, 지속 가능한 해법은 무엇인가? (조회수 343회)",https://www.youtube.com/watch?v=TT4hIa3NrX4,2026-07-31 08:35
2026-08-01,일렉링크,"전기차동호회-아이오닉5 6 9,EV3 EV4 EV5 EV6 EV9,테슬라모델Y 3",Sk일렉 이벤트 너무 잘 즐겼습니다 충전비 78.8원,https://cafe.naver.com/allfm01/2112568,2026-08-01 08:33
2026-08-01,일렉링크,★테슬라 [TKC] 모델S 모델3 모델X 모델Y 사이버트럭 FSD 전기차,새로생긴 휴게소 일렉링크 좋네요,https://cafe.naver.com/noljatravel/1782194,2026-08-01 08:33
2026-08-01,일렉링크,"전기차동호회-아이오닉5 6 9,EV3 EV4 EV5 EV6 EV9,테슬라모델Y 3",SK일렉링크 고속도로 충전 후기 (테슬라YL),https://cafe.naver.com/allfm01/2112463,2026-08-01 08:33
2026-08-01,일렉링크,★테슬라 [TKC] 모델S 모델3 모델X 모델Y 사이버트럭 FSD 전기차,8월중으로 일렉링크가 휴게소에 NACS 엄청 깐다고 하네요,https://cafe.naver.com/noljatravel/1781939,2026-08-01 08:33
2026-08-01,일렉링크,"전기차동호회-아이오닉5 6 9,EV3 EV4 EV5 EV6 EV9,테슬라모델Y 3",요즘 CCS1과 NACS 충전기가 같이 설치되고 있네요.,https://cafe.naver.com/allfm01/2112148,2026-08-01 08:33
2026-08-01,채비,포르쉐 타이칸 동호회 ■ 더타이칸 클럽 ■ 카이엔EV 전기차,급속충전 안 쓰면 채비 카드 파는 게 좋죠?,https://cafe.naver.com/inhelia/36053,2026-08-01 08:34
2026-08-01,채비,포르쉐 타이칸 동호회 ■ 더타이칸 클럽 ■ 카이엔EV 전기차,채비카드는 몇kwh 충전가능한건가요?,https://cafe.naver.com/inhelia/36049,2026-08-01 08:34
2026-08-01,유튜브(영상),[YouTube] ev김실장,[영상] 적자라던 충전사업자들이 요금을 내리는 진짜 이유.  #전기차충전 #전기차충전요금 #충전요금인하 #전기차충전기 #완속충전 #충전사업자 #CPO #플러그링크 #차지비 #아파트충전기 (조회수 1006회),https://www.youtube.com/watch?v=a6vSEwX6vrs,2026-08-01 08:34
2026-08-01,유튜브(영상),[YouTube] 인포클립,[영상] #EV이음카드 #전기차충전할인 #전기차차주 #2026전기차 #전기차충전소 (조회수 219회),https://www.youtube.com/watch?v=CAKc-_W5qfE,2026-08-01 08:34
2026-08-01,유튜브(영상),[YouTube] 차꿀_차량관리부터 꼭 필요한 꿀템 추천,"[영상] 전기차 충전요금 총정리 (충전사업자 완속·급속,  회원·비회원, 설치수량까지) (조회수 29회)",https://www.youtube.com/watch?v=z8tG9SgkP74,2026-08-01 08:34
2026-08-01,유튜브(영상),[YouTube] 카제로 Carzero,"[영상] 단일 트림으로 바뀐 A6 e트론, 오히려 상품성은 강해졌습니다 #2026아우디A6e트론 #아우디A6e트론 #A6e트론가격 #automobile #카제로 (조회수 26회)",https://www.youtube.com/watch?v=a8-a41Nby5A,2026-08-01 08:34
2026-08-01,유튜브(영상),[YouTube] B tv 뉴스,[영상] 8월부터 전기차 공공 충전요금 개편 [서울] (조회수 17회),https://www.youtube.com/watch?v=qPH80VasCvk,2026-08-01 08:34
2026-08-02,일렉링크,"전기차동호회-아이오닉5 6 9,EV3 EV4 EV5 EV6 EV9,테슬라모델Y 3",SK일렉링크 20만원,https://cafe.naver.com/allfm01/2113139,2026-08-02 08:32
2026-08-02,일렉링크,현대 아이오닉9 오너스 - 나이너스,6052 충전 오류 원인 아시는 분 계신가요..??,https://cafe.naver.com/ioniq9owners/36564,2026-08-02 08:32
2026-08-02,일렉링크,★테슬라 [TKC] 모델S 모델3 모델X 모델Y 사이버트럭 FSD 전기차,sk일렉링크 포인트? 사용 문의..,https://cafe.naver.com/noljatravel/1783246,2026-08-02 08:32
2026-08-02,이브이시스,"전기차동호회-아이오닉5 6 9,EV3 EV4 EV5 EV6 EV9,테슬라모델Y 3",환경부 로밍시 카드할인 질문드립니다.,https://cafe.naver.com/allfm01/2113202,2026-08-02 08:33
2026-08-02,유튜브(영상),[YouTube] 압권 Apkwon,[영상] “충전비 또 올랐다고요?” 이번 7월 전기차 요금 개편의 오해와 진실 [류빌리티] (조회수 64862회),https://www.youtube.com/watch?v=EA4q3K1Fpzo,2026-08-02 08:33
2026-08-02,유튜브(영상),[YouTube] 에너지하우징,[영상] 급속충전보다 주차가 더 무서운 진짜 이유 (조회수 1612회),https://www.youtube.com/watch?v=ccO243AT1oE,2026-08-02 08:33
2026-08-02,유튜브(영상),[YouTube] 필득,[영상] 오늘부터 전기차 충전요금 변경! 완속은 내리고 초급속은 오른다 #shorts (조회수 1405회),https://www.youtube.com/watch?v=un3_B5G-FcA,2026-08-02 08:33
2026-08-02,유튜브(영상),[YouTube] 돈이 보인다,"[영상] 전기차 충전하시는 분, 오늘부터 이것 확인하세요 #Shorts (조회수 992회)",https://www.youtube.com/watch?v=i4i5IEbEflw,2026-08-02 08:33
2026-08-02,유튜브(영상),[YouTube] 티쓰리,"[영상] 테슬라테슬라 사이버캡, 마침내 직원 시승 시작 – 근데 왜 영상을 몰래 내렸을까사이버캡 무인 주행 첫 승객은 테슬라 직원이었다 (7월 11일 영상 삭제 사건) (조회수 164회)",https://www.youtube.com/watch?v=sWleo8Ym1UE,2026-08-02 08:33
2026-08-02,유튜브(영상),[YouTube] 열하일기 :: 외교 지정학 고급정보  5분 컷,"[영상] 전기차 충전, 이용 가능·요금 확인 (조회수 93회)",https://www.youtube.com/watch?v=98qlqFZbbiQ,2026-08-02 08:33
2026-08-02,유튜브(영상),[YouTube] 필득,[영상] 오늘부터 전기차 충전요금 변경! 완속은 내리고 초급속은 오른다 #전기차 #전기차충전 #충전요금 #완속충전 #급속충전 #초급속충전 #공공충전기 #전기차생활 #운전자정보 #생활정보 (조회수 19회),https://www.youtube.com/watch?v=sVaQ9jFuxxU,2026-08-02 08:33
2026-08-02,유튜브(영상),[YouTube] 티쓰리,"[영상] 테슬라 일론 머스크가 밝힌 스타십 13차 발사의 숨겨진 비밀 테스트스타십 플라이트 13, 완벽했던 발사 뒤에 숨어있던 히트실드 극한 테스트2026년 7월 스 (조회수 10회)",https://www.youtube.com/watch?v=GykQoT7ATxE,2026-08-02 08:33
2026-08-03,일렉링크,★ 아이오닉 공식 동호회 [아이오닉 멤버스] 아이오닉 5 6 7 9 N,한국전기차 충전서비스 sk일렉링크 포인트,https://cafe.naver.com/cafeclip/1315536,2026-08-03 08:32
2026-08-03,일렉링크,"전기차동호회-아이오닉5 6 9,EV3 EV4 EV5 EV6 EV9,테슬라모델Y 3",일렉링크 105300 > 87300원,https://cafe.naver.com/allfm01/2113344,2026-08-03 08:32
2026-08-03,채비,★ 아이오닉 공식 동호회 [아이오닉 멤버스] 아이오닉 5 6 7 9 N,채비에서 완속충전은 되는데 급속은 안되네요,https://cafe.naver.com/cafeclip/1315505,2026-08-03 08:33
2026-08-03,이브이시스,★테슬라 [TKC] 모델S 모델3 모델X 모델Y 사이버트럭 FSD 전기차,이브이시스 완속충전 무조건 295원이 아니네요,https://cafe.naver.com/noljatravel/1784764,2026-08-03 08:33
2026-08-03,이브이시스,★BYD 비야디 전기차 공식동호회[BYD 오너스]아토3 씰 씨라이언7,전기차 충전기 충전 중단 !!,https://cafe.naver.com/rlfnrl2034/2137366,2026-08-03 08:33
2026-08-03,유튜브(영상),[YouTube] 택스앤카의 미래입니다,[영상] 왜 테슬라만 충전 방식이 다를까요? (조회수 893회),https://www.youtube.com/watch?v=A4ePTpx7kh8,2026-08-03 08:33
2026-08-03,유튜브(영상),[YouTube] 티쓰리,[영상] 테슬라 골드만삭스가 테슬라 목표치를 올렸다 — 근데 주가는 이미 그걸 넘어섰다2026년 테슬라 2분기 인도량 42만 대? 유럽이 90% 급등한 진짜 이유 (조회수 409회),https://www.youtube.com/watch?v=0NNnu94Bmw4,2026-08-03 08:33
2026-08-03,유튜브(영상),[YouTube] 1MTREND,[영상] 여름 절약 꿀팁 5개! 전기차 완속충전 요금도 대폭 내리는 이유는? #shorts (조회수 285회),https://www.youtube.com/watch?v=qIPtVWP0gkM,2026-08-03 08:33
2026-08-03,유튜브(영상),[YouTube] Reversidegold,[영상] 전기차충전시간 #전기차급속충전시간 #전기차완전충전 (조회수 283회),https://www.youtube.com/watch?v=e_OlqMPL3lI,2026-08-03 08:33
2026-08-03,유튜브(영상),[YouTube] 채러키,"[영상] 서울 전기차 충전요금 5단계 개편, 급속충전 계속 써도 될까? (조회수 133회)",https://www.youtube.com/watch?v=Muj6DriIqJc,2026-08-03 08:33
2026-08-03,유튜브(영상),[YouTube] 티쓰리,"[영상] 테슬라 테슬라 사이버트럭 생산 중단 위기, 협력업체가 장비를 볼모로 잡았다테슬라 vs 부품업체 소송전, 사이버트럭 700대분 부품이 발이 묶였다 (조회수 14회)",https://www.youtube.com/watch?v=AooodDqdkAU,2026-08-03 08:33
2026-08-04,일렉링크,"전기차동호회-아이오닉5 6 9,EV3 EV4 EV5 EV6 EV9,테슬라모델Y 3",고속도로 휴게소에서 충전이 잘 안되더라구요 ㅠ,https://cafe.naver.com/allfm01/2114555,2026-08-04 08:34
2026-08-04,일렉링크,★테슬라 [TKC] 모델S 모델3 모델X 모델Y 사이버트럭 FSD 전기차,채비 고속도로 NACS 충전기 편하네요 ^^,https://cafe.naver.com/noljatravel/1786472,2026-08-04 08:34
2026-08-04,일렉링크,"전기차동호회-아이오닉5 6 9,EV3 EV4 EV5 EV6 EV9,테슬라모델Y 3",충전속도,https://cafe.naver.com/allfm01/2114345,2026-08-04 08:34
2026-08-04,일렉링크,★BYD 비야디 전기차 공식동호회[BYD 오너스]아토3 씰 씨라이언7,첫 고속충전 sk일렉링크,https://cafe.naver.com/rlfnrl2034/2137718,2026-08-04 08:34
2026-08-04,일렉링크,"전기차동호회-아이오닉5 6 9,EV3 EV4 EV5 EV6 EV9,테슬라모델Y 3","2026년 8월 1일 시행된 전기차 충전 요금 개편의 핵심 사항과 민간 사업자별 세부 정책, 그리....",https://cafe.naver.com/allfm01/2114056,2026-08-04 08:34
2026-08-04,일렉링크,"전기차동호회-아이오닉5 6 9,EV3 EV4 EV5 EV6 EV9,테슬라모델Y 3",kgm 토레스evx 급속충전..문제?,https://cafe.naver.com/allfm01/2114029,2026-08-04 08:34
2026-08-04,일렉링크,"전기차동호회-아이오닉5 6 9,EV3 EV4 EV5 EV6 EV9,테슬라모델Y 3",SK일렉링크 충전 이벤트 참여인증,https://cafe.naver.com/allfm01/2113963,2026-08-04 08:34
2026-08-04,채비,★테슬라 [TKC] 모델S 모델3 모델X 모델Y 사이버트럭 FSD 전기차,경상권은 채비로 nacs충전이 가능하니 고속도로 다니기 좋네요♡,https://cafe.naver.com/noljatravel/1787318,2026-08-04 08:36
2026-08-04,채비,★테슬라 [TKC] 모델S 모델3 모델X 모델Y 사이버트럭 FSD 전기차,채비 고속도로 NACS 충전기 편하네요 ^^,https://cafe.naver.com/noljatravel/1786472,2026-08-04 08:36
2026-08-04,이브이시스,"전기차동호회-아이오닉5 6 9,EV3 EV4 EV5 EV6 EV9,테슬라모델Y 3",환경부 로밍이 더 싸네요 ㅎㅎ,https://cafe.naver.com/allfm01/2113904,2026-08-04 08:36
2026-08-04,유튜브(영상),[YouTube] 택스앤카의 미래입니다,"[영상] 테슬라 NACS vs DC콤보1, 어떤 충전 방식이 더 좋을까? (조회수 262회)",https://www.youtube.com/watch?v=SzH2bknIlhk,2026-08-04 08:36
2026-08-04,유튜브(영상),[YouTube] CUST CAR NEWS,[영상] 전기차 공공충전요금 8월 개편 #전기차충전 #자동차정책 #자동차뉴스 (조회수 246회),https://www.youtube.com/watch?v=UUU9Gcopwew,2026-08-04 08:36
2026-08-04,유튜브(영상),[YouTube] 아우디제주_스루스루,[영상] [재구매 출고] 잊지 않고 찾아주신 고객님! 아우디 Q6 e-tron S-line 인도기 ⚡️ (조회수 34회),https://www.youtube.com/watch?v=_00FjoS3qxE,2026-08-04 08:36
2026-08-05,일렉링크,★ 아이오닉 공식 동호회 [아이오닉 멤버스] 아이오닉 5 6 7 9 N,일렉링크 무료로 충전해드립니다...,https://cafe.naver.com/cafeclip/1315769,2026-08-05 08:33
2026-08-05,일렉링크,현대 아이오닉9 오너스 - 나이너스,고속도로 여주후게소 고속충전기,https://cafe.naver.com/ioniq9owners/36949,2026-08-05 08:33
2026-08-05,일렉링크,■ 무쏘EV 토레스EVX 동호회 KGM 전기차 통합카페 픽업트럭 알파,sk 무료포인트 마감 전 충전 및 성남 EVX목격,https://cafe.naver.com/gosizone/357238,2026-08-05 08:33
2026-08-05,일렉링크,현대 아이오닉9 오너스 - 나이너스,sk일렉링크 어플 두명이 사용못하나요?,https://cafe.naver.com/ioniq9owners/36915,2026-08-05 08:33
2026-08-05,일렉링크,★테슬라 [TKC] 모델S 모델3 모델X 모델Y 사이버트럭 FSD 전기차,오토스테이 수서점 SK일렉링크 NACS 급속 2개 추가,https://cafe.naver.com/noljatravel/1788357,2026-08-05 08:33
2026-08-05,일렉링크,★테슬라 [TKC] 모델S 모델3 모델X 모델Y 사이버트럭 FSD 전기차,8/8~8/9 DC콤보 대여 (도움요청),https://cafe.naver.com/noljatravel/1788291,2026-08-05 08:33
2026-08-05,일렉링크,★테슬라 [TKC] 모델S 모델3 모델X 모델Y 사이버트럭 FSD 전기차,고속도로 NACS1 충전기 분포 리스트 ( 휴가철 활용팁 ),https://cafe.naver.com/noljatravel/1788180,2026-08-05 08:33
2026-08-05,일렉링크,★테슬라 [TKC] 모델S 모델3 모델X 모델Y 사이버트럭 FSD 전기차,[테린이만보세요] 고속도로 휴게소 슈퍼차저 이용하기 및 충전법,https://cafe.naver.com/noljatravel/1788035,2026-08-05 08:33
2026-08-05,채비,★테슬라 [TKC] 모델S 모델3 모델X 모델Y 사이버트럭 FSD 전기차,양재역 환승주차장 채비 NACS 급속 1개 추가,https://cafe.naver.com/noljatravel/1788333,2026-08-05 08:34
2026-08-05,유튜브(영상),[YouTube] 은빛유랑,[영상] 전기차 사면 후회하는 유형😭 이런 분들은 절대 사지 마세요 (조회수 710회),https://www.youtube.com/watch?v=c6RXQirIdb0,2026-08-05 08:35
2026-08-05,유튜브(영상),[YouTube] ev김실장,[영상] 🚚 이제 충전도 배달됩니다! 충전기가 직접 찾아옵니다  #전기차 #전기차충전 #이동식충전 #찾아가는충전서비스 #충전ON다 #차지메이트 #전기차정보 #EV #EV김실장  #전기차뉴스 (조회수 216회),https://www.youtube.com/watch?v=VLIYNR9AVuU,2026-08-05 08:35
2026-08-05,유튜브(영상),[YouTube] MB Auto World,"[영상]  드디어 공개된 기아 EV4! 테슬라 모델3 저격수의 정체, 충격적인 반전까지 (조회수 10회)",https://www.youtube.com/watch?v=TfrBJkWTrvo,2026-08-05 08:35
2026-08-06,일렉링크,포항전기차협의회,"정부, 전기차 충전 정책 손본다…가격·관리체계 정비 나서",https://cafe.naver.com/pohangevclub/45318,2026-08-06 08:31
2026-08-06,일렉링크,현대 아이오닉9 오너스 - 나이너스,sk일렉 포인트가 오늘까지라네요.,https://cafe.naver.com/ioniq9owners/36980,2026-08-06 08:31
2026-08-06,일렉링크,현대 아이오닉9 오너스 - 나이너스,요즘 충전기기 회사들 충전비로 꼼수 장난 아닙니다.,https://cafe.naver.com/ioniq9owners/36974,2026-08-06 08:31
2026-08-06,일렉링크,클럽 테슬라 [Club Tesla] 모델S 모델3 모델X 모델Y RWD,워터충전기 첫 사용....,https://cafe.naver.com/foryoucom/380200,2026-08-06 08:31
2026-08-06,채비,"#전기차맛집▶아이오닉5 6 9,테슬라모델3 Y,EV 3 6 9 장기렌트","한국GM, 프리미엄 브랜드 전략 속도…전기 SUV '캐딜락 비스틱' 출시 채비",https://cafe.naver.com/evkoreaplus/71848,2026-08-06 08:32
2026-08-06,이브이시스,"#전기차맛집▶아이오닉5 6 9,테슬라모델3 Y,EV 3 6 9 장기렌트","롯데이노베이트 EVSIS, 삼성 월렛 연동 '편의성 강화'",https://cafe.naver.com/evkoreaplus/71856,2026-08-06 08:33
2026-08-06,이브이시스,"전기차동호회-아이오닉5 6 9,EV3 EV4 EV5 EV6 EV9,테슬라모델Y 3",전기차 홈충전소 설치할건데 뭘 선택해야할지요,https://cafe.naver.com/allfm01/2115711,2026-08-06 08:33
2026-08-06,유튜브(영상),[YouTube] 픽앤숏,[영상] 전봇대 불법충전하는 벤츠빌런 #한문철 #블랙박스 (조회수 57233회),https://www.youtube.com/watch?v=1URbxTWoDg0,2026-08-06 08:33
2026-08-06,유튜브(영상),[YouTube] 숨은돈발굴단,[영상] #전기차충전요금 #전기차공공충전요금 #EV이음 #완속충전 #초급속충전 #전기차충전비 #전기차혜택 #충전요금개편 #기후에너지환경부 #서울시전기차 #전기차오너 #전기차절약 #충전카드 (조회수 729회),https://www.youtube.com/watch?v=3b5lDFJK12M,2026-08-06 08:33
2026-08-06,유튜브(영상),[YouTube] 차선생님,[영상] 급속vs완속  #초보운전 #차선생 #초보운전 #급속충전 #완속충전 #전기차 #EV #전기차충전 #배터리관리 #장기렌트 (조회수 713회),https://www.youtube.com/watch?v=jm-TKt_Dsj0,2026-08-06 08:33
2026-08-06,유튜브(영상),[YouTube] 택스앤카의 미래입니다,[영상] 350kW 충전기에 꽂아도 충전이 느린 이유 (조회수 382회),https://www.youtube.com/watch?v=1cxZXWpm-AM,2026-08-06 08:33
2026-08-06,유튜브(영상),[YouTube] 칼퇴요정,[영상] 전기차 충전소에 자리 없다고 그냥 대시면 큰일 납니다! 과태료 폭탄 피하는 완속충전 구역 주차 규정#shorts #쇼츠 #전기차충전구역 #전기차주차위반#안전신문고#주차꿀팁#칼퇴요정 (조회수 113회),https://www.youtube.com/watch?v=VZViffAPznQ,2026-08-06 08:33
2026-08-07,일렉링크,"전기차동호회-아이오닉5 6 9,EV3 EV4 EV5 EV6 EV9,테슬라모델Y 3",일렉링크 105300 > 87300,https://cafe.naver.com/allfm01/2116297,2026-08-07 09:51
2026-08-07,유튜브(영상),[YouTube] 알고타,[영상] 전기차 충전 기다리다가 새치기 당할뻔 했습니다 (조회수 1338회),https://www.youtube.com/watch?v=BrG03Gvn2T0,2026-08-07 09:52
2026-08-07,유튜브(영상),[YouTube] 택스앤카의 미래입니다,[영상] 급속충전소까지 왔는데 충전 속도가 느린 이유? (조회수 938회),https://www.youtube.com/watch?v=DwrBoCKDNpU,2026-08-07 09:52
2026-08-07,유튜브(영상),[YouTube] 돈을보다,[영상] 90% 충전 제한하면 안전하다고요? 아무 소용 없는 짓에 당신의 돈만 버리는 이유 (조회수 602회),https://www.youtube.com/watch?v=OqsDos7XvI8,2026-08-07 09:52
2026-08-07,유튜브(영상),[YouTube] 카레오,[영상] 에스컬레이드 전기차 좋은 조건으로 모십니다 #캐딜락필라테스 #캐딜락에스컬레이드 #캐딜락 #수입차 #수입차 #수입차렌트 (조회수 276회),https://www.youtube.com/watch?v=iGpTKnO02wQ,2026-08-07 09:52
2026-08-07,유튜브(영상),[YouTube] 딥뷰 오토리서치,"[영상] 전기차 충전 속도, 배터리가 정합니다 (조회수 90회)",https://www.youtube.com/watch?v=SCZ72KAxSxg,2026-08-07 09:52
2026-08-07,유튜브(영상),[YouTube] Ruan Alves Neguim,[영상] 삼성 전고체 배터리 “7분 충전으로 800km?” 세계가 놀란 충격적 비밀 (조회수 24회),https://www.youtube.com/watch?v=UEyMAnJW360,2026-08-07 09:52
2026-08-07,유튜브(영상),[YouTube] 미니다방,[영상] 미니쿠퍼 폴스미스 에디션#전기차 #미니쿠퍼일렉트릭 (조회수 22회),https://www.youtube.com/watch?v=SDsg-wdnabY,2026-08-07 09:52
2026-08-07,유튜브(영상),[YouTube] 리워드톡,"[영상] 테슬라 모델Y 충전요금, 기름값 0원이라더니 마트에서 30분 #shorts (조회수 19회)",https://www.youtube.com/watch?v=25gimY8teYE,2026-08-07 09:52
2026-08-08,일렉링크,★ 기아 EV5 공식 동호회 [EV5 클럽] EV5 GT 롱레인지 보조금,기아앱을 통한 충전 할인,https://cafe.naver.com/300200/694347,2026-08-08 08:21
2026-08-08,채비,"전기차동호회-아이오닉5 6 9,EV3 EV4 EV5 EV6 EV9,테슬라모델Y 3",집밥 설치 하려고 하는데요 후보군이 두개인데 롯데이브이시스랑 채비 생각중입니다.,https://cafe.naver.com/allfm01/2117292,2026-08-08 08:22
2026-08-08,채비,"#전기차맛집▶아이오닉5 6 9,테슬라모델3 Y,EV 3 6 9 장기렌트","한국GM, 프리미엄 브랜드 전략 속도…전기 SUV '캐딜락 비스틱' 출시 채비",https://cafe.naver.com/evkoreaplus/71940,2026-08-08 08:22
2026-08-08,채비,★테슬라 [TKC] 모델S 모델3 모델X 모델Y 사이버트럭 FSD 전기차,광주원주고속도로 경기광주휴게소(광주방향)채비,https://cafe.naver.com/noljatravel/1793930,2026-08-08 08:22
2026-08-08,이브이시스,"전기차동호회-아이오닉5 6 9,EV3 EV4 EV5 EV6 EV9,테슬라모델Y 3",집밥 설치 하려고 하는데요 후보군이 두개인데 롯데이브이시스랑 채비 생각중입니다.,https://cafe.naver.com/allfm01/2117292,2026-08-08 08:23
2026-08-08,유튜브(영상),[YouTube] 차박헌터 Car Camp Hunter,[영상] 포터 EV가 초급속 충전기를 버린 이유 #전기차충전 #포터EV #충전요금개편 (조회수 3810회),https://www.youtube.com/watch?v=-cM67EtFpyE,2026-08-08 08:23
2026-08-08,유튜브(영상),[YouTube] 이볼루션_ EVolution,[영상] PHEV인데 급속 충전? 충전 스트레스 끝내는 법 (조회수 1765회),https://www.youtube.com/watch?v=G4Q6Fqo0sf0,2026-08-08 08:23
2026-08-08,유튜브(영상),[YouTube] 택스앤카의 미래입니다,[영상] 전기차 급속충전은 왜 80%를 넘는 순간부터 느려질까요? (조회수 1233회),https://www.youtube.com/watch?v=eLcOcIhI2R4,2026-08-08 08:23
2026-08-08,유튜브(영상),[YouTube] 하카오토,"[영상] BMW iX3, 서울에서 부산 찍고 700km이상? 특판 장기렌트 리스! (조회수 362회)",https://www.youtube.com/watch?v=hvF2BaFIP5Q,2026-08-08 08:23
2026-08-08,유튜브(영상),[YouTube] 딥뷰 오토리서치,[영상] 완충이 느린 건 고장이 아닙니다 (조회수 235회),https://www.youtube.com/watch?v=kQsUdLHAM10,2026-08-08 08:23
2026-08-08,유튜브(영상),[YouTube] 삼송이재용,[영상] 캐스퍼 일렉트릭 2년차 후기 | 캐스퍼 장점 단점 전기차 충전비 공유 (조회수 102회),https://www.youtube.com/watch?v=gIvULUi5IVA,2026-08-08 08:23
2026-08-08,유튜브(영상),[YouTube] CarZone,[영상] 2027 기아 EV6 공개! 역대급 디자인과 성능으로 돌아온 미래형 전기 SUV (조회수 15회),https://www.youtube.com/watch?v=s1At0mtVsX4,2026-08-08 08:23
2026-08-08,유튜브(영상),[YouTube] 쉽수다,"[영상] 전기차 급속충전 공공 vs 민간, 이제 민간 구독이 이겼다?! ⚡ 쉽수다 EP109 (조회수 14회)",https://www.youtube.com/watch?v=mPyn22c7pLc,2026-08-08 08:23
2026-08-09,일렉링크,★테슬라 [TKC] 모델S 모델3 모델X 모델Y 사이버트럭 FSD 전기차,고속도로 sk일렉링크 200kw라는데 실제로는,https://cafe.naver.com/noljatravel/1799040,2026-08-09 08:20
2026-08-09,일렉링크,★ 아이오닉 공식 동호회 [아이오닉 멤버스] 아이오닉 5 6 7 9 N,SK일렉링크 포인트 사용법(고수님들) 알려주세요,https://cafe.naver.com/cafeclip/1316182,2026-08-09 08:20
2026-08-09,일렉링크,"전기차동호회-아이오닉5 6 9,EV3 EV4 EV5 EV6 EV9,테슬라모델Y 3",일렉링크 포인트 수령 문의,https://cafe.naver.com/allfm01/2117934,2026-08-09 08:20
2026-08-09,일렉링크,현대 아이오닉9 오너스 - 나이너스,"SK일렉링크 고속도로 충전 속도 측정, 이벤트 참여",https://cafe.naver.com/ioniq9owners/37431,2026-08-09 08:20
2026-08-09,채비,★BYD 비야디 전기차 공식동호회[BYD 오너스]아토3 씰 씨라이언7,채비 급속충전 실패 시 해결 방법 공유 (오류코드 40),https://cafe.naver.com/rlfnrl2034/2139890,2026-08-09 08:21
2026-08-09,이브이시스,★테슬라 [TKC] 모델S 모델3 모델X 모델Y 사이버트럭 FSD 전기차,김해 프리미엄아울렛 슈퍼차저 후기,https://cafe.naver.com/noljatravel/1798234,2026-08-09 08:22
2026-08-09,유튜브(영상),[YouTube] 용싸부,"[영상] 집밥·회사밥 없는 아이오닉5, 빌라 3층에서 220V 충전해봤습니다 (조회수 2983회)",https://www.youtube.com/watch?v=0OL0nsbzuyQ,2026-08-09 08:22
2026-08-09,유튜브(영상),[YouTube] 시장의 흐름,[영상] “폭염이 전기차를 ‘움직이는 화약고’로 만들자” 삼성·LG·SK가 열폭주 차단 기술에 사활을 건 이유! (조회수 1700회),https://www.youtube.com/watch?v=iBoJP3l8zy0,2026-08-09 08:22
2026-08-09,유튜브(영상),[YouTube] 테슬라 100만타,[영상] 태슬라 공짜로 탄다? (조회수 1589회),https://www.youtube.com/watch?v=dpMeJXueCYE,2026-08-09 08:22
2026-08-09,유튜브(영상),[YouTube] 열하일기 :: 외교 지정학 고급정보  5분 컷,"[영상] 급속충전 반복, 성능·수명 영향 가능? 설명서로 완속 체크 (조회수 307회)",https://www.youtube.com/watch?v=yyHCb6d1dhE,2026-08-09 08:22
2026-08-10,채비,★기아 EV 동호회[EV오너스클럽] EV3 EV4 EV5 EV6 EV9 GT 보조금,채비개인정보유출ㅡㅡ,https://cafe.naver.com/carmessenger/737212,2026-08-10 08:22
2026-08-10,유튜브(영상),[YouTube] 차꿀떡,[영상] 8월부터 달라진다는 전기차 충전 요금 (조회수 11350회),https://www.youtube.com/watch?v=ayZ0xkhMyPA,2026-08-10 08:22
2026-08-10,유튜브(영상),[YouTube] EBSDocumentary (EBS 다큐),[영상] 15년 전 그렸던 전기자동차의 미래. 지금 실제 전기자동차와 뭐가 다를까?｜다큐프라임｜#골라듄다큐 (조회수 4720회),https://www.youtube.com/watch?v=jbN1DH-rwqQ,2026-08-10 08:22
2026-08-10,유튜브(영상),[YouTube] Reversidegold,[영상] 전기차급속충전속도 #전기차 #기아전기차EV6 #전기차급속 (조회수 1243회),https://www.youtube.com/watch?v=XeH58KnlmLM,2026-08-10 08:22
2026-08-10,유튜브(영상),[YouTube] 카잇슈,[영상] 8월부터 바뀌는 자동차 제도 2가지 #shorts #자동차 #전기차 #고속도로통행료 (조회수 10회),https://www.youtube.com/watch?v=A0J2MJB86aE,2026-08-10 08:22
2026-08-10,유튜브(영상),[YouTube] 티쓰리,"[영상] 테슬라 사이버트럭 하부 패널 전격 교체, 알루미늄에서 카본 파이버로테슬라 사이버트럭 2026년 조용한 하드웨어 업데이트, 이유는 강성과 원가사이버베스트에서 먼저 포 (조회수 10회)",https://www.youtube.com/watch?v=ftz1CWm1WaI,2026-08-10 08:22
2026-08-11,일렉링크,★테슬라 [TKC] 모델S 모델3 모델X 모델Y 사이버트럭 FSD 전기차,충전소 어플 질문,https://cafe.naver.com/noljatravel/1801744,2026-08-11 08:21
2026-08-11,일렉링크,★BYD 비야디 전기차 공식동호회[BYD 오너스]아토3 씰 씨라이언7,씨라7 sk 일렉링크 급속 충전 후 먹통,https://cafe.naver.com/rlfnrl2034/2140622,2026-08-11 08:21
2026-08-11,채비,"#전기차맛집▶아이오닉5 6 9,테슬라모델3 Y,EV 3 6 9 장기렌트","채비, 이동식 전기차 충전서비스 9월까지 연장 운영",https://cafe.naver.com/evkoreaplus/72042,2026-08-11 08:23
2026-08-11,채비,"#전기차맛집▶아이오닉5 6 9,테슬라모델3 Y,EV 3 6 9 장기렌트","채비, 이동식 전기차 충전 9월까지 연장…영덕·포항 휴게소 운영",https://cafe.naver.com/evkoreaplus/72022,2026-08-11 08:23
2026-08-11,채비,★전기화물차 EV VAN동호회★ PV5 PBV 쎄아밴 이티밴 마사다밴,"채비, 이동식 전기차 충전서비스 9월까지 연장 운영",https://cafe.naver.com/cherryu/140448,2026-08-11 08:23
2026-08-11,이브이시스,포항전기차협의회,"EVSIS 4주년 감사 이벤트! 4, 14,24일 40% 페이백!",https://cafe.naver.com/pohangevclub/45334,2026-08-11 08:23
2026-08-11,유튜브(영상),[YouTube] 카제로 Carzero,"[영상] 빠른 차 보다 편한차 ,볼보 EX90의 진짜 매력 #볼보EX90 #볼보EX90시승기 #EX90퍼포먼스울트라 #automobile #카제로 (조회수 1597회)",https://www.youtube.com/watch?v=zb48k3muHWM,2026-08-11 08:23
2026-08-11,유튜브(영상),[YouTube] 전기차로 전하는 내일,[영상] 전기차 충전의 불편함은 충전기 숫자보다 다른 곳에 있다. (조회수 1460회),https://www.youtube.com/watch?v=CVQ3KFBhIbU,2026-08-11 08:23
2026-08-12,일렉링크,★테슬라 [TKC] 모델S 모델3 모델X 모델Y 사이버트럭 FSD 전기차,충전중지.. 테슬라가 유난떠는건가요 제 차에 문제있는건가요,https://cafe.naver.com/noljatravel/1805169,2026-08-12 08:25
2026-08-12,일렉링크,★테슬라 [TKC] 모델S 모델3 모델X 모델Y 사이버트럭 FSD 전기차,sk일렉링크 NACS 충전 속도 잘 나오네요~,https://cafe.naver.com/noljatravel/1805087,2026-08-12 08:25
2026-08-12,일렉링크,"#전기차맛집▶아이오닉5 6 9,테슬라모델3 Y,EV 3 6 9 장기렌트",30분의 서비스’ 진검승부… 전기차 충전 5강 전국시대,https://cafe.naver.com/evkoreaplus/72094,2026-08-12 08:25
2026-08-12,일렉링크,★BYD 비야디 전기차 공식동호회[BYD 오너스]아토3 씰 씨라이언7,고속도로 고속충전 문의!!,https://cafe.naver.com/rlfnrl2034/2141162,2026-08-12 08:25
2026-08-12,일렉링크,"전기차동호회-아이오닉5 6 9,EV3 EV4 EV5 EV6 EV9,테슬라모델Y 3",테슬라dc콤보 정품써야하나요,https://cafe.naver.com/allfm01/2119574,2026-08-12 08:25
2026-08-12,일렉링크,"전기차동호회-아이오닉5 6 9,EV3 EV4 EV5 EV6 EV9,테슬라모델Y 3",고속충전인데 느려요 왜 이런거죠??,https://cafe.naver.com/allfm01/2119418,2026-08-12 08:25
2026-08-12,일렉링크,★테슬라 놀이터 [TPG] 모델S 모델3 모델X 모델Y 사이버트럭,일렉링크 100프로 포인트환급 이벤트,https://cafe.naver.com/25tsefse/4221,2026-08-12 08:25
2026-08-12,채비,"#전기차맛집▶아이오닉5 6 9,테슬라모델3 Y,EV 3 6 9 장기렌트","'보안 고도화 됐지만..'채비, 29만건 개인정보 유출..전기차 충전 업계 과징금에 촉각",https://cafe.naver.com/evkoreaplus/72090,2026-08-12 08:26
2026-08-12,이브이시스,"#전기차맛집▶아이오닉5 6 9,테슬라모델3 Y,EV 3 6 9 장기렌트",30분의 서비스’ 진검승부… 전기차 충전 5강 전국시대,https://cafe.naver.com/evkoreaplus/72094,2026-08-12 08:26
2026-08-12,유튜브(영상),[YouTube] 은빛유랑,"[영상] 스타리아 EV 11인승, 3,400km 주행 유지비와 차박 효율은? (조회수 3581회)",https://www.youtube.com/watch?v=R0CLrWFecbQ,2026-08-12 08:26
2026-08-12,유튜브(영상),[YouTube] 이거살까,[영상] 완속 쓰면 연 14만원 아끼는 충전 요금 #Shorts (조회수 1514회),https://www.youtube.com/watch?v=DfgzlVWNG1w,2026-08-12 08:26
2026-08-12,유튜브(영상),[YouTube] 혜슈쓰와조나단,[영상] 테슬라 모델y 디씨콤보 급속충전.. 처음해봄 슈퍼차저보다 요금비쌈….. (조회수 1381회),https://www.youtube.com/watch?v=oHKRtTHG7Zg,2026-08-12 08:26
2026-08-12,유튜브(영상),[YouTube] 부산 개인택시 상담소 김군,[영상] 전기차 충전요금 8월 개편 총정리 #전기차택시 (조회수 1072회),https://www.youtube.com/watch?v=_fJEodvUxiY,2026-08-12 08:26
2026-08-12,유튜브(영상),[YouTube] 수리엔,"[영상] 급속충전기인데 속도가 느리면, 현장에서는 고장부터 보지 않습니다. (조회수 921회)",https://www.youtube.com/watch?v=T78d3Ym91Zg,2026-08-12 08:26
2026-08-12,유튜브(영상),[YouTube] ev김실장,[영상] 전기차 충전요금 바뀐 지 열흘! 나는 얼마나 아꼈을까? #전기차 #전기차충전 #전기차충전요금 #충전요금 #완속충전 #급속충전 #초급속충전 #전기차충전기 #전기차꿀팁 #EV김실장 (조회수 760회),https://www.youtube.com/watch?v=-bq_07ByShU,2026-08-12 08:26
2026-08-12,유튜브(영상),[YouTube] 제로에너지바,[영상] 한국의 전기차 충전요금제는 어떻게 단계적으로 고도화해야 하는가 (조회수 137회),https://www.youtube.com/watch?v=J8YL3Do_DfY,2026-08-12 08:26
2026-08-13,일렉링크,"전기차동호회-아이오닉5 6 9,EV3 EV4 EV5 EV6 EV9,테슬라모델Y 3","SK일렉링크 45000포인트(34,000원)",https://cafe.naver.com/allfm01/2120209,2026-08-13 08:24
2026-08-13,워터,★테슬라 [TKC] 모델S 모델3 모델X 모델Y 사이버트럭 FSD 전기차,워터충전기 단점이....,https://cafe.naver.com/noljatravel/1806001,2026-08-13 08:25
2026-08-13,유튜브(영상),[YouTube] (주) 하이엔드모터스,[영상] 급속 충전을 단 4회밖에 하지 않은 상태가 완전 좋은 GV60이 입고 되었습니다🔥 #genesis #gv60 #전기차추천 (조회수 1117회),https://www.youtube.com/watch?v=BMb10HSIQA4,2026-08-13 08:25
2026-08-13,유튜브(영상),[YouTube] 네버카 최용은,[영상] 기름값 걱정 없는 전기차! 롱레인지 AWD 아이오닉 5 무광 그래비티 골드 무사고 가성비 매물 놓치지 마세요! #아이오닉5롱레인지중고차#AWD전기차#가성비전기차#네버카최용은 (조회수 92회),https://www.youtube.com/watch?v=wVubRsr5zMc,2026-08-13 08:25
2026-08-14,일렉링크,★테슬라 [TKC] 모델S 모델3 모델X 모델Y 사이버트럭 FSD 전기차,영덕휴게소 SK일렉링크 급속 NACS 7개 오픈,https://cafe.naver.com/noljatravel/1808400,2026-08-14 08:25
2026-08-14,워터,★테슬라 [TKC] 모델S 모델3 모델X 모델Y 사이버트럭 FSD 전기차,고속도로 워터 충전후 주차시간,https://cafe.naver.com/noljatravel/1809162,2026-08-14 08:25
2026-08-14,채비,★ 기아 EV3 공식동호회 [ EV3 오너스클럽 ] 전기차 보조금 가격,채비 완속충전 이용했는데!,https://cafe.naver.com/musicdomain/888991,2026-08-14 08:26
2026-08-14,채비,★테슬라 [TKC] 모델S 모델3 모델X 모델Y 사이버트럭 FSD 전기차,NACS 채비 거창휴게소 - GV90?,https://cafe.naver.com/noljatravel/1807551,2026-08-14 08:26
2026-08-14,유튜브(영상),[YouTube] 김전기,[영상] 충전 안끝났는데 맘대로 끄고 가져가네..? #전기차 (조회수 3456회),https://www.youtube.com/watch?v=DjaKAOBV6Og,2026-08-14 08:26
2026-08-14,유튜브(영상),[YouTube] 인카부부_아이오닉9 차박 여행,"[영상] 아이오닉9 출고 1년 후기 ICCU 결함?? (장단점, 휴대용 전기차 충전기) (조회수 2227회)",https://www.youtube.com/watch?v=KFNf_ovxqKQ,2026-08-14 08:26
2026-08-14,유튜브(영상),[YouTube] EV 모빌리티 마스터 (EV Mobility Master),[영상] 여름철 급속 충전기 꽂자마자 툭 튕기죠? 충전기 탓하면 수백 날립니다! 🔌 #automobile #감속기 #이슈 (조회수 1890회),https://www.youtube.com/watch?v=Hqc1ZwrCs48,2026-08-14 08:26
2026-08-14,유튜브(영상),[YouTube] Benz Press [벤츠 공식 파트너 정승택],"[영상] ""벤츠 신형 GLC 일렉트릭, 계약 순번 더 밀리기 전에 확인하세요"" (조회수 305회)",https://www.youtube.com/watch?v=TGQ3GAPy4dw,2026-08-14 08:26
2026-08-14,유튜브(영상),[YouTube] BMW 용우,[영상] BMW 530e 구매 전 가장 많이 묻는 10가지｜보조금·충전·연비 총정리 (조회수 14회),https://www.youtube.com/watch?v=X9nZEmb4JGM,2026-08-14 08:26
2026-08-15,일렉링크,★BYD 비야디 전기차 공식동호회[BYD 오너스]아토3 씰 씨라이언7,충전 문의 좀 드릴께요~~,https://cafe.naver.com/rlfnrl2034/2142643,2026-08-15 08:19
2026-08-15,일렉링크,★테슬라 [TKC] 모델S 모델3 모델X 모델Y 사이버트럭 FSD 전기차,일렉링크 캐시 어떻게 사용하는건가요?,https://cafe.naver.com/noljatravel/1810043,2026-08-15 08:19
2026-08-15,일렉링크,"전기차동호회-아이오닉5 6 9,EV3 EV4 EV5 EV6 EV9,테슬라모델Y 3",환경부급속 200kw 로 통일하면 괜찮지않을까요? 돈이문제인가??,https://cafe.naver.com/allfm01/2121864,2026-08-15 08:19
2026-08-15,채비,★테슬라 [TKC] 모델S 모델3 모델X 모델Y 사이버트럭 FSD 전기차,채비 함양,https://cafe.naver.com/noljatravel/1810496,2026-08-15 08:21
2026-08-15,이브이시스,★테슬라 [TKC] 모델S 모델3 모델X 모델Y 사이버트럭 FSD 전기차,이브이시스 24일 40% 페이백,https://cafe.naver.com/noljatravel/1810750,2026-08-15 08:21
2026-08-15,유튜브(영상),[YouTube] 김누킴,[영상] 전기차 LFP 배터리 함부로 쓰면 안되는 이유 (조회수 6375회),https://www.youtube.com/watch?v=6BvKL4xMHVA,2026-08-15 08:21
2026-08-15,유튜브(영상),[YouTube] 민준이네TV(쭈니택시),[영상] 대구에서 경주까지 택시요금 그리고 아이오닉 전기차는 뻗었다 #전기차 #전기차충전 #택시 #아이오닉5 #택시기사 #택시매출 #개인택시 #대구택시 #법인택시 #taxi (조회수 1037회),https://www.youtube.com/watch?v=B3vqlQu4DKs,2026-08-15 08:21
2026-08-15,유튜브(영상),[YouTube] I CAN CHANGE 생활정보,[영상] 전기차 겨울 주행거리가 줄어드는 진짜 이유 (조회수 941회),https://www.youtube.com/watch?v=LDwJU4bh300,2026-08-15 08:21
2026-08-15,유튜브(영상),[YouTube] ev김실장,"[영상] 전기차로 돈 번다? V2G로 계산해보니 한 번에 6,541원!  #V2G #전기차 #아이오닉9 #전기차충전 #전기요금 #양방향충전 #전기차충전기 #EV #전기차정보 #EV김실장 (조회수 532회)",https://www.youtube.com/watch?v=8M70gdY_Md0,2026-08-15 08:21
2026-08-15,유튜브(영상),[YouTube] 테크피디아,[영상] [채널잇슈]  전기차 유지비 신화 깨지나? 초급속 충전요금도 인상 (조회수 17회),https://www.youtube.com/watch?v=p8uQ0eC-hX4,2026-08-15 08:21
2026-08-16,채비,★테슬라 [TKC] 모델S 모델3 모델X 모델Y 사이버트럭 FSD 전기차,채비 nacs 충전속도가 빠르지는 않네요,https://cafe.naver.com/noljatravel/1811441,2026-08-16 08:20
2026-08-16,유튜브(영상),[YouTube] CarZone,[영상] 2027 볼보 EX60 공개! 프리미엄 전기 SUV의 새로운 기준 (조회수 94회),https://www.youtube.com/watch?v=G8kOOM7yDcQ,2026-08-16 08:20
2026-08-17,일렉링크,★테슬라 [TKC] 모델S 모델3 모델X 모델Y 사이버트럭 FSD 전기차,"sk 일렉링크 고속도로 충전 이벤트(조건 만족시, 8.23까지)",https://cafe.naver.com/noljatravel/1812561,2026-08-17 08:19
2026-08-17,일렉링크,"전기차동호회-아이오닉5 6 9,EV3 EV4 EV5 EV6 EV9,테슬라모델Y 3",고속도로 급속충전소 환경부 카드 요금,https://cafe.naver.com/allfm01/2123235,2026-08-17 08:19
2026-08-17,일렉링크,★테슬라 [TKC] 모델S 모델3 모델X 모델Y 사이버트럭 FSD 전기차,일렉링크NACS 급속 혜자네요!,https://cafe.naver.com/noljatravel/1811896,2026-08-17 08:19
2026-08-17,채비,포르쉐 타이칸 동호회 ■ 더타이칸 클럽 ■ 카이엔EV 전기차,채비카드 사용방법,https://cafe.naver.com/inhelia/36457,2026-08-17 08:20
2026-08-17,유튜브(영상),[YouTube] 수쓰으,"[영상] 전기차 충전요금, 잘못 고르면 하이브리드보다 비싸진다 #Shorts (조회수 1545회)",https://www.youtube.com/watch?v=3oF0fsdrM98,2026-08-17 08:20
2026-08-17,유튜브(영상),[YouTube] 드라이브의 모든 것,"[영상] 전기차 충전비, 오른 이유 따져봤어요 #전기차충전 #급속충전 #전기차유지비 #충전요금 #전기차오너 (조회수 1218회)",https://www.youtube.com/watch?v=QDrsvn5FBFc,2026-08-17 08:20
2026-08-18,일렉링크,★BYD 비야디 전기차 공식동호회[BYD 오너스]아토3 씰 씨라이언7,SK일렉링크 고속도로 충전 이벤트를 하네요?,https://cafe.naver.com/rlfnrl2034/2143676,2026-08-18 08:19
2026-08-18,일렉링크,현대 아이오닉9 오너스 - 나이너스,"슬기로운 Ev생활 13, 장거리 운전시 충전 플랜 짜기",https://cafe.naver.com/ioniq9owners/38539,2026-08-18 08:19
2026-08-18,유튜브(영상),[YouTube] 차팜,[영상] 점점 전기차 충전 요금이 답이 없는 이유!  #중고차 #전기차 #테슬라 #자동차 (조회수 6356회),https://www.youtube.com/watch?v=AVs_0QiaJsY,2026-08-18 08:21
2026-08-18,유튜브(영상),[YouTube] 생활제품연구,[영상] 전기차 급속충전 80%부터 느려지는 이유 (조회수 1672회),https://www.youtube.com/watch?v=ayVl3Zd3c04,2026-08-18 08:21
2026-08-18,유튜브(영상),[YouTube] 궁금pick,"[영상] 공용 전기차 충전 요금, 완속은 내리고 초급속은 오르는 이유 (조회수 456회)",https://www.youtube.com/watch?v=47qW2GMaO9E,2026-08-18 08:21
2026-08-18,유튜브(영상),[YouTube] 채비,"[영상] 비 오는 날 전기차 충전, 진짜 괜찮을까? 이 영상 하나로 끝냅니다 | 올댓EV EP.3 (조회수 68회)",https://www.youtube.com/watch?v=kZxjYn1-grg,2026-08-18 08:21
2026-08-19,채비,★테슬라 [TKC] 모델S 모델3 모델X 모델Y 사이버트럭 FSD 전기차,김천휴게소 부산방향 채비 NACS 6기 오픈,https://cafe.naver.com/noljatravel/1815431,2026-08-19 08:20
2026-08-19,채비,★테슬라 [TKC] 모델S 모델3 모델X 모델Y 사이버트럭 FSD 전기차,채비 350 디콤 속도,https://cafe.naver.com/noljatravel/1815342,2026-08-19 08:20
2026-08-19,이브이시스,★BYD 비야디 전기차 공식동호회[BYD 오너스]아토3 씰 씨라이언7,이동형충전기 첫 사용⚡️,https://cafe.naver.com/rlfnrl2034/2144122,2026-08-19 08:21
2026-08-19,유튜브(영상),[YouTube] 이볼루션_ EVolution,[영상] 10분 충전 250km? BMW의 역대급 신기술 (조회수 1827회),https://www.youtube.com/watch?v=tvVgepMJaNI,2026-08-19 08:21
2026-08-19,유튜브(영상),[YouTube] 하카오토,"[영상] 현대 코나 일렉트릭, 국고 보조금 최대 459만 원! 소형 전기 SUV 장기렌트· 특판 리스 (조회수 858회)",https://www.youtube.com/watch?v=hrkAzvVs2YU,2026-08-19 08:21
2026-08-19,유튜브(영상),[YouTube] 시우TV,[영상] 전기차 충전 급속으로 8분충전 몇키로 갈까?! #캠핑 #전기차충전 #차박 (조회수 454회),https://www.youtube.com/watch?v=bbtjysbFUyo,2026-08-19 08:21
2026-08-19,유튜브(영상),[YouTube] 채비,"[영상] 비 오는 날 전기차 충전, 진짜 괜찮을까? 이 영상 하나로 끝냅니다 | 올댓EV EP.3 (조회수 416회)",https://www.youtube.com/watch?v=YablELuT6iQ,2026-08-19 08:21
2026-08-19,유튜브(영상),[YouTube] Benz Press [벤츠 공식 파트너 정승택],"[영상] ""벤츠 신형 GLC 일렉트릭, 계약 순번 더 밀리기 전에 확인하세요"" (조회수 295회)",https://www.youtube.com/watch?v=Or1AZuQJ7Bc,2026-08-19 08:21
2026-08-19,유튜브(영상),[YouTube] 이종민TV,"[영상] 전기차 충전 요금, 느리면 더 싸진다... 급속은 비싸져... 30kW 미만 느린 충전은 30.1원 인하... 200kW 이상 빠른 충전 44.7원 인상... (조회수 200회)",https://www.youtube.com/watch?v=tn9UbvfTWzw,2026-08-19 08:21
2026-08-19,유튜브(영상),[YouTube] korex Drive,"[영상] 신형 EV6, 생각보다 훨씬 강력하다 (조회수 27회)",https://www.youtube.com/watch?v=pF1kEvUGW6Y,2026-08-19 08:21
2026-08-20,일렉링크,"전기차동호회-아이오닉5 6 9,EV3 EV4 EV5 EV6 EV9,테슬라모델Y 3",차지비 SK일렉링크로 충전하는 방법 문의 드립니다.,https://cafe.naver.com/allfm01/2125366,2026-08-20 08:19
2026-08-20,워터,★테슬라 [TKC] 모델S 모델3 모델X 모델Y 사이버트럭 FSD 전기차,워터 충전기 오류,https://cafe.naver.com/noljatravel/1816764,2026-08-20 08:20
2026-08-20,채비,포항전기차협의회,"채비, 고속도로 휴게소 충전사업 연속 수주…전국 29곳으로 확대",https://cafe.naver.com/pohangevclub/45365,2026-08-20 08:20
2026-08-20,채비,"#전기차맛집▶아이오닉5 6 9,테슬라모델3 Y,EV 3 6 9 장기렌트","채비, 고속도로 휴게소 전기차충전소 구축 속도 ↑",https://cafe.naver.com/evkoreaplus/72440,2026-08-20 08:20
2026-08-20,채비,"#전기차맛집▶아이오닉5 6 9,테슬라모델3 Y,EV 3 6 9 장기렌트","전국 29개 휴게소에 131기 추가…채비, 고속도로 전기차 충전 네트워크 완성",https://cafe.naver.com/evkoreaplus/72423,2026-08-20 08:20
2026-08-20,채비,"#전기차맛집▶아이오닉5 6 9,테슬라모델3 Y,EV 3 6 9 장기렌트","채비, 매출 30% 증가에도...상반기 197억 영업손실",https://cafe.naver.com/evkoreaplus/72410,2026-08-20 08:20
2026-08-20,채비,★전기화물차 EV VAN동호회★ PV5 PBV 쎄아밴 이티밴 마사다밴,"채비, 고속도로 휴게소 29곳에 전기차 충전기 131기 구축",https://cafe.naver.com/cherryu/140641,2026-08-20 08:20
2026-08-20,이브이시스,★BYD 비야디 전기차 공식동호회[BYD 오너스]아토3 씰 씨라이언7,씨라이언7+ 이브이시스 중속 충전 중 충전중단 되는데요,https://cafe.naver.com/rlfnrl2034/2144391,2026-08-20 08:21
2026-08-20,유튜브(영상),[YouTube] 벤츠 설명,"[영상] 벤츠 전기차 EQE, EQS 충전 꿀팁! 원하는 시간에 충전하는 방법 [ 충전 일시 중지 ] (조회수 341회)",https://www.youtube.com/watch?v=hUXEpSgSR1w,2026-08-20 08:21
2026-08-20,유튜브(영상),[YouTube] 칼퇴리,"[영상] 전기차 충전요금 9.1% 내렸는데, 전기비행기는 7천원에 날았다 (조회수 39회)",https://www.youtube.com/watch?v=FjmMEaNNoPE,2026-08-20 08:21
2026-08-21,일렉링크,★테슬라 [TKC] 모델S 모델3 모델X 모델Y 사이버트럭 FSD 전기차,sk일렉링크 휴게소충전,https://cafe.naver.com/noljatravel/1819242,2026-08-21 08:20
2026-08-21,일렉링크,"전기차동호회-아이오닉5 6 9,EV3 EV4 EV5 EV6 EV9,테슬라모델Y 3",충전포트 불량??,https://cafe.naver.com/allfm01/2126395,2026-08-21 08:20
2026-08-21,일렉링크,현대 아이오닉9 오너스 - 나이너스,100% 충전 완료_797Km,https://cafe.naver.com/ioniq9owners/38921,2026-08-21 08:20
2026-08-21,채비,포항전기차협의회,"채비, 국내 최대 전기차 전시서 '충전로봇·PnC' 기술 선보인다",https://cafe.naver.com/pohangevclub/45371,2026-08-21 08:21
2026-08-21,채비,"#전기차맛집▶아이오닉5 6 9,테슬라모델3 Y,EV 3 6 9 장기렌트","채비, 국내 최대 전기차 전시서 '충전로봇·PnC' 기술 선보인다",https://cafe.naver.com/evkoreaplus/72507,2026-08-21 08:21
2026-08-21,채비,"#전기차맛집▶아이오닉5 6 9,테슬라모델3 Y,EV 3 6 9 장기렌트","채비, 국내 최대 전기차 전시서 '충전로봇·PnC' 기술 선보인다",https://cafe.naver.com/evkoreaplus/72490,2026-08-21 08:21
2026-08-21,채비,★테슬라 [TKC] 모델S 모델3 모델X 모델Y 사이버트럭 FSD 전기차,"채비, 고속도로 휴게소 NACS 확대 뉴스",https://cafe.naver.com/noljatravel/1817635,2026-08-21 08:21
2026-08-21,유튜브(영상),[YouTube] 순간반전,[영상] 우리 집 전기요금으로 옆집 차를 충전한 이유 #shorts (조회수 1701회),https://www.youtube.com/watch?v=gi621n9_hEs,2026-08-21 08:22
2026-08-21,유튜브(영상),[YouTube] 차랑너랑,[영상] 제네시스 GV90 공개! 이게 진짜 양산됩니다 (조회수 1608회),https://www.youtube.com/watch?v=MsMSiM8xyBw,2026-08-21 08:22
2026-08-21,유튜브(영상),[YouTube] 은빛유랑,"[영상] ""스타리아 EV 타고 계곡 갔다가 충전기 앞에서 멘탈 나간 이유... (버튼이 없어요?! 😱)"" (조회수 1536회)",https://www.youtube.com/watch?v=61KjjqFefXk,2026-08-21 08:22
2026-08-21,유튜브(댓글),[YouTube] @으캬카야아야,💬 *일렉링크*나 현대 앱에서 충전 중지 될껀데요 % 내려도 되고 방법 당장 생각나는것만도 3-4가지는 되는데,https://www.youtube.com/watch?v=61KjjqFefXk,2026-08-21 08:22
2026-08-21,유튜브(영상),[YouTube] 하카오토,"[영상] 테슬라 모델3, 전기 세단 장기렌트·리스로 안정적으로 만나보세요 (조회수 281회)",https://www.youtube.com/watch?v=8vv4IGXpFA8,2026-08-21 08:22
2026-08-22,일렉링크,"전기차동호회-아이오닉5 6 9,EV3 EV4 EV5 EV6 EV9,테슬라모델Y 3",8월 전기차 충전 비용 거의 무료..?로 해결 한 것 같아요 ㅎㅎ,https://cafe.naver.com/allfm01/2126964,2026-08-22 08:20
2026-08-22,채비,★테슬라 [TKC] 모델S 모델3 모델X 모델Y 사이버트럭 FSD 전기차,채비 NACS 200kWh,https://cafe.naver.com/noljatravel/1821017,2026-08-22 08:21
2026-08-22,채비,"#전기차맛집▶아이오닉5 6 9,테슬라모델3 Y,EV 3 6 9 장기렌트",[CAR 브리프] 한국앤컴퍼니ㆍ한국타이어ㆍMINIㆍ폭스바겐ㆍ지커ㆍ채비ㆍ리본카ㆍ한국자동....,https://cafe.naver.com/evkoreaplus/72560,2026-08-22 08:21
2026-08-22,채비,★테슬라 [TKC] 모델S 모델3 모델X 모델Y 사이버트럭 FSD 전기차,채비 개인정보 유출 후속조치,https://cafe.naver.com/noljatravel/1820111,2026-08-22 08:21
2026-08-22,이브이시스,"전기차동호회-아이오닉5 6 9,EV3 EV4 EV5 EV6 EV9,테슬라모델Y 3",이제부터 이동형 충전기 오너입니다⚡️,https://cafe.naver.com/allfm01/2127269,2026-08-22 08:21
2026-08-22,이브이시스,"전기차동호회-아이오닉5 6 9,EV3 EV4 EV5 EV6 EV9,테슬라모델Y 3","EVSIS, 롯데멤버스 엘포인트도 연동 ‘결제 접근성’ 높여",https://cafe.naver.com/allfm01/2126855,2026-08-22 08:21
2026-08-22,유튜브(영상),[YouTube] 채비,"[영상] 충전이 필요한 지금, *채비*하세요⚡#*채비* #전기차충전 #급속충전 #CHAEVI (조회수 4419회)",https://www.youtube.com/watch?v=hqx9TL14ums,2026-08-22 08:21
2026-08-22,유튜브(영상),[YouTube] 채비,"[영상] [*채비*] 충전이 필요한 지금, *채비*하세요⚡ (조회수 3342회)",https://www.youtube.com/watch?v=2W21BFz6Jdo,2026-08-22 08:21
2026-08-22,유튜브(영상),[YouTube] 당신이 궁금했던 모든 이야기,[영상] 전기차 급속충전이 80퍼센트부터 갑자기 느려지는 이유#shorts (조회수 2130회),https://www.youtube.com/watch?v=2gT2MyDqoAA,2026-08-22 08:21
2026-08-22,유튜브(영상),[YouTube] 하고재비,[영상] 충전끝났는데 차 안 빼면 불법? (조회수 1521회),https://www.youtube.com/watch?v=5SF44VmMRl8,2026-08-22 08:21
2026-08-22,유튜브(영상),[YouTube] 변호사 박기태의 모험,[영상] 경제적 이점 때문에 구입한 전기차! 이젠 이점이 없어질 수 있다? (조회수 1458회),https://www.youtube.com/watch?v=7VuUM8n7k9o,2026-08-22 08:21
2026-08-22,유튜브(영상),[YouTube] 원익 WONIK,[영상] K-POP 다음은... K-전기차 충전 ?! | 인사이드 원익 (조회수 841회),https://www.youtube.com/watch?v=Iv2kl_DJsIc,2026-08-22 08:21
2026-08-22,유튜브(영상),[YouTube] 주식마스터TV,[영상] [*채비* 주가전망] 시동 거는 흔적이 보인다! 뭔가 나오기 직전이다! 정말 중요합니다! (조회수 501회),https://www.youtube.com/watch?v=eoTeW5iEXUU,2026-08-22 08:21
2026-08-22,유튜브(영상),[YouTube] 해피차지,"[영상] 밤 11시, 전기차 오너들이 은밀하게 움직이는 이유?🤫⚡️ (조회수 87회)",https://www.youtube.com/watch?v=zYVNC8dCRg0,2026-08-22 08:21
2026-08-22,유튜브(영상),[YouTube] 차선생님,[영상] AC와DC의원리 #차선생 #초보운전 # #자동차상식  #자동차기능 #전기차  #ev  #전기차배터리  #운전상식 #전기차충전 #전기차 충전방법 #전기차 배터리 #급속충전 #완속충전 (조회수 51회),https://www.youtube.com/watch?v=upgsi3NJ23I,2026-08-22 08:21
2026-08-23,일렉링크,★테슬라 [TKC] 모델S 모델3 모델X 모델Y 사이버트럭 FSD 전기차,완속어댑터 녹음(SK일렉링크 완속충전기 충전),https://cafe.naver.com/noljatravel/1821699,2026-08-23 08:19
2026-08-23,일렉링크,★테슬라 [TKC] 모델S 모델3 모델X 모델Y 사이버트럭 FSD 전기차,일렉링크 캐시 적정가는 어느정도인가요?,https://cafe.naver.com/noljatravel/1821540,2026-08-23 08:19
2026-08-23,워터,"★폴스타 공식 동호회 ★ 볼보 폴스타2, 폴스타3, 4, 5 전기차",충전 파워 워터 좋네요^^ 350kw,https://cafe.naver.com/hamseang/127012,2026-08-23 08:20
2026-08-23,채비,"전기차동호회-아이오닉5 6 9,EV3 EV4 EV5 EV6 EV9,테슬라모델Y 3",대영채비 포인트(충전포인트),https://cafe.naver.com/allfm01/2127683,2026-08-23 08:20
2026-08-23,이브이시스,★ EV9 공식동호회 [EV9 오너스클럽] EV9 대표카페 전기차보조금,오늘 충전하려했는데 내일 페이백40%라 미뤄야겠네요,https://cafe.naver.com/terror4u/1417508,2026-08-23 08:20
2026-08-23,유튜브(영상),[YouTube] 머니전선,[영상] 7분 충전 800km? 삼성 전고체 배터리 기술에 미국 빅테크들이 경악한 이유 (조회수 10538회),https://www.youtube.com/watch?v=gMuiyarMwsQ,2026-08-23 08:20
2026-08-24,일렉링크,포항전기차협의회,고속도로 휴게소 전기차 충전소 사업에 테슬라·GS차지비 첫 등장,https://cafe.naver.com/pohangevclub/45375,2026-08-24 08:19
2026-08-24,일렉링크,★테슬라 [TKC] 모델S 모델3 모델X 모델Y 사이버트럭 FSD 전기차,금산인삼휴게소 일렉링크 350kw NACS 좋네요,https://cafe.naver.com/noljatravel/1823179,2026-08-24 08:19
2026-08-24,일렉링크,현대 아이오닉9 오너스 - 나이너스,고속도로 SK일렉링크 급속 충전한도,https://cafe.naver.com/ioniq9owners/39294,2026-08-24 08:19
2026-08-24,일렉링크,"전기차동호회-아이오닉5 6 9,EV3 EV4 EV5 EV6 EV9,테슬라모델Y 3",sk일렉링크 질문,https://cafe.naver.com/allfm01/2128283,2026-08-24 08:19
2026-08-24,일렉링크,★테슬라 [TKC] 모델S 모델3 모델X 모델Y 사이버트럭 FSD 전기차,sk일렉링크 포인트먼저 쓰고싶은데 어케해야하나요?,https://cafe.naver.com/noljatravel/1822788,2026-08-24 08:19
2026-08-24,일렉링크,"전기차동호회-아이오닉5 6 9,EV3 EV4 EV5 EV6 EV9,테슬라모델Y 3",고속도로 휴게소 전기차 충전소 사업에 테슬라·GS차지비 첫 등장,https://cafe.naver.com/allfm01/2128087,2026-08-24 08:19
2026-08-24,일렉링크,★테슬라 [TKC] 모델S 모델3 모델X 모델Y 사이버트럭 FSD 전기차,영덕휴게소 일렉링크 사용중 궁금점,https://cafe.naver.com/noljatravel/1822515,2026-08-24 08:19
2026-08-24,워터,★테슬라 [TKC] 모델S 모델3 모델X 모델Y 사이버트럭 FSD 전기차,워터 충전속도? ㄷㄷ,https://cafe.naver.com/noljatravel/1822773,2026-08-24 08:20
2026-08-24,채비,★테슬라 [TKC] 모델S 모델3 모델X 모델Y 사이버트럭 FSD 전기차,채비/ 충전 되지않을때 원인이 궁금합니다.,https://cafe.naver.com/noljatravel/1822617,2026-08-24 08:20
2026-08-24,이브이시스,"전기차동호회-아이오닉5 6 9,EV3 EV4 EV5 EV6 EV9,테슬라모델Y 3",이브이시스 충전기에서 로밍 NFC가 안 되는 분 계신가요?,https://cafe.naver.com/allfm01/2128627,2026-08-24 08:20
2026-08-24,유튜브(영상),[YouTube] 열하일기 :: 외교 지정학 고급정보  5분 컷,[영상] 전기차는 오래 못 탄다 배터리 수명 20만km 넘기려면 꼭 지켜야 할 법칙들 (조회수 972회),https://www.youtube.com/watch?v=yGakZRyJu2c,2026-08-24 08:20
2026-08-24,유튜브(영상),[YouTube] 분당쌤춘,[영상] 전기차 충전요금 상황별 변경 (조회수 786회),https://www.youtube.com/watch?v=BfozCNbkmtE,2026-08-24 08:20
2026-08-24,유튜브(영상),[YouTube] 만담꾼석쇠,[영상] 급속충전이 80퍼센트에서 갑자기 느려지는 까닭 (조회수 413회),https://www.youtube.com/watch?v=Np5rx-UnNJs,2026-08-24 08:20
2026-08-24,유튜브(영상),[YouTube] EVNode,"[영상] NodeBob) 완속충전단가보다, 기후에너지환경부 급속단가보다 가장 저렴한 충전소! #완속 #급속 #충전 #단가 # 전기차 #충전소 #기후에너지환경부 #농협하나로마트 #ev (조회수 129회)",https://www.youtube.com/watch?v=q6JWMsjXXqc,2026-08-24 08:20
2026-08-24,유튜브(영상),[YouTube] Auto Horizon Motors,"[영상] 2027 아이오닉 5, 전기차의 판을 다시 뒤집는다? BMW·벤츠까지 긴장한 이유 (조회수 12회)",https://www.youtube.com/watch?v=CVu_dtviffA,2026-08-24 08:20
2026-08-25 (New),일렉링크,"전기차동호회-아이오닉5 6 9,EV3 EV4 EV5 EV6 EV9,테슬라모델Y 3","SK일렉링크 크래딧 20,000",https://cafe.naver.com/allfm01/2129081,2026-08-25 08:19
2026-08-25 (New),일렉링크,★테슬라 [TKC] 모델S 모델3 모델X 모델Y 사이버트럭 FSD 전기차,sk일렉링크 45100>>>35000,https://cafe.naver.com/noljatravel/1823951,2026-08-25 08:19
2026-08-25 (New),채비,■ 무쏘EV 토레스EVX 동호회 KGM 전기차 통합카페 픽업트럭 알파,채비 300kw에 물리니 132kw까지 나오네요,https://cafe.naver.com/gosizone/358644,2026-08-25 08:21
2026-08-25 (New),채비,★테슬라 [TKC] 모델S 모델3 모델X 모델Y 사이버트럭 FSD 전기차,[EV트렌드코리아 2026] 채비가 여러분을 기다립니다⚡시원한 커피와 특별한 체험까지!,https://cafe.naver.com/noljatravel/1824768,2026-08-25 08:21
2026-08-25 (New),채비,포르쉐 타이칸 동호회 ■ 더타이칸 클럽 ■ 카이엔EV 전기차,혹시 대영채비 홈 충전기 설치해보신분계실까요?,https://cafe.naver.com/inhelia/36644,2026-08-25 08:21
2026-08-25 (New),이브이시스,★ EV9 공식동호회 [EV9 오너스클럽] EV9 대표카페 전기차보조금,퇴근길에 야무지게 충전하고 페이백 40% 챙겨야겠습니다,https://cafe.naver.com/terror4u/1417612,2026-08-25 08:21
2026-08-25 (New),유튜브(영상),[YouTube] 알고타,[영상] 같은 장소 다른 충전 요금 (조회수 1580회),https://www.youtube.com/watch?v=ijuy9dNgJU4,2026-08-25 08:21
2026-08-25 (New),유튜브(영상),[YouTube] 보이지 않는 하루,"[영상] 전기차 충전, 그냥 전기가 흐르는 게 아니었습니다 (조회수 1200회)",https://www.youtube.com/watch?v=-3WAtC0HUeU,2026-08-25 08:21
2026-08-25 (New),유튜브(영상),[YouTube] 개봉박두GaeBongBakDu,"[영상] 현시각, 경남 김해시 한림면 퇴래리, 화포천생태학습관주차장, 환경부 충전기, 전기차 급속충전중. #shorts, #evcartruck, #korea, (조회수 643회)",https://www.youtube.com/watch?v=fNX6uAJMgoE,2026-08-25 08:21
2026-08-25 (New),유튜브(영상),[YouTube] 택스앤카의 미래입니다,[영상] 완속은 싸지고 초급속은 비싸졌다? 전기차 충전요금 5단계 개편 정리 (조회수 146회),https://www.youtube.com/watch?v=9UvUuisVcZs,2026-08-25 08:21
2026-08-25 (New),유튜브(영상),[YouTube] AIl That AI,[영상] 같은 충전기인데 요금이 다르다 전기차 충전 할인 (조회수 53회),https://www.youtube.com/watch?v=d_WvC8yKHns,2026-08-25 08:21
2026-08-25 (New),유튜브(영상),[YouTube] MB Car Reviews,"[영상] 드디어 공개된 2027 BYD 돌핀 서프, 이 가격에 이게 가능하다고? (조회수 14회)",https://www.youtube.com/watch?v=NLQnnSosqvk,2026-08-25 08:21
